tag,n,nu,seed,t,E,Omega,eps,omega_inf,pal
n064_nu0p010_s20261101,64,0.01,20261101,0.0000,2.82152073e-01,9.04918051e-01,9.04918051e-03,2.56332009e+00,2.35048408e+02
n064_nu0p010_s20261101,64,0.01,20261101,0.0200,2.81819873e-01,9.02565333e-01,9.02565333e-03,2.55144954e+00,2.26291871e+02
n064_nu0p010_s20261101,64,0.01,20261101,0.0400,2.81489394e-01,9.00346417e-01,9.00346417e-03,2.54965332e+00,2.18226060e+02
n064_nu0p010_s20261101,64,0.01,20261101,0.0600,2.81160577e-01,8.98257959e-01,8.98257959e-03,2.54702000e+00,2.10787159e+02
n064_nu0p010_s20261101,64,0.01,20261101,0.0800,2.80833364e-01,8.96296809e-01,8.96296809e-03,2.54528150e+00,2.03918813e+02
n064_nu0p010_s20261101,64,0.01,20261101,0.1000,2.80507698e-01,8.94459990e-01,8.94459990e-03,2.55128450e+00,1.97571328e+02
n064_nu0p010_s20261101,64,0.01,20261101,0.1200,2.80183522e-01,8.92744681e-01,8.92744681e-03,2.55876201e+00,1.91700927e+02
n064_nu0p010_s20261101,64,0.01,20261101,0.1400,2.79860780e-01,8.91148200e-01,8.91148200e-03,2.56520310e+00,1.86268998e+02
n064_nu0p010_s20261101,64,0.01,20261101,0.1600,2.79539415e-01,8.89667988e-01,8.89667988e-03,2.57059420e+00,1.81241324e+02
n064_nu0p010_s20261101,64,0.01,20261101,0.1800,2.79219372e-01,8.88301590e-01,8.88301590e-03,2.57492486e+00,1.76587331e+02
n064_nu0p010_s20261101,64,0.01,20261101,0.2000,2.78900595e-01,8.87046643e-01,8.87046643e-03,2.58127744e+00,1.72279425e+02
n064_nu0p010_s20261101,64,0.01,20261101,0.2200,2.78583028e-01,8.85900866e-01,8.85900866e-03,2.58728538e+00,1.68292476e+02
n064_nu0p010_s20261101,64,0.01,20261101,0.2400,2.78266617e-01,8.84862057e-01,8.84862057e-03,2.59217805e+00,1.64603452e+02
n064_nu0p010_s20261101,64,0.01,20261101,0.2600,2.77951306e-01,8.83928087e-01,8.83928087e-03,2.59595232e+00,1.61191208e+02
n064_nu0p010_s20261101,64,0.01,20261101,0.2800,2.77637043e-01,8.83096905e-01,8.83096905e-03,2.59860880e+00,1.58036359e+02
n064_nu0p010_s20261101,64,0.01,20261101,0.3000,2.77323772e-01,8.82366539e-01,8.82366539e-03,2.60015174e+00,1.55121211e+02
n064_nu0p010_s20261101,64,0.01,20261101,0.3200,2.77011441e-01,8.81735103e-01,8.81735103e-03,2.60058892e+00,1.52429680e+02
n064_nu0p010_s20261101,64,0.01,20261101,0.3400,2.76699998e-01,8.81200792e-01,8.81200792e-03,2.59993151e+00,1.49947192e+02
n064_nu0p010_s20261101,64,0.01,20261101,0.3600,2.76389392e-01,8.80761890e-01,8.80761890e-03,2.59819386e+00,1.47660552e+02
n064_nu0p010_s20261101,64,0.01,20261101,0.3800,2.76079571e-01,8.80416762e-01,8.80416762e-03,2.59539334e+00,1.45557786e+02
n064_nu0p010_s20261101,64,0.01,20261101,0.4000,2.75770486e-01,8.80163856e-01,8.80163856e-03,2.59155008e+00,1.43627978e+02
n064_nu0p010_s20261101,64,0.01,20261101,0.4200,2.75462088e-01,8.80001694e-01,8.80001694e-03,2.58668673e+00,1.41861126e+02
n064_nu0p010_s20261101,64,0.01,20261101,0.4400,2.75154329e-01,8.79928869e-01,8.79928869e-03,2.58082821e+00,1.40248016e+02
n064_nu0p010_s20261101,64,0.01,20261101,0.4600,2.74847160e-01,8.79944042e-01,8.79944042e-03,2.57400142e+00,1.38780130e+02
n064_nu0p010_s20261101,64,0.01,20261101,0.4800,2.74540536e-01,8.80045932e-01,8.80045932e-03,2.56623499e+00,1.37449584e+02
n064_nu0p010_s20261101,64,0.01,20261101,0.5000,2.74234409e-01,8.80233313e-01,8.80233313e-03,2.55755895e+00,1.36249088e+02
n064_nu0p010_s20261101,64,0.01,20261101,0.5200,2.73928734e-01,8.80505012e-01,8.80505012e-03,2.55259089e+00,1.35171929e+02
n064_nu0p010_s20261101,64,0.01,20261101,0.5400,2.73623466e-01,8.80859903e-01,8.80859903e-03,2.54820636e+00,1.34211951e+02
n064_nu0p010_s20261101,64,0.01,20261101,0.5600,2.73318560e-01,8.81296904e-01,8.81296904e-03,2.54277710e+00,1.33363536e+02
n064_nu0p010_s20261101,64,0.01,20261101,0.5800,2.73013971e-01,8.81814975e-01,8.81814975e-03,2.53632242e+00,1.32621581e+02
n064_nu0p010_s20261101,64,0.01,20261101,0.6000,2.72709655e-01,8.82413117e-01,8.82413117e-03,2.52886411e+00,1.31981461e+02
n064_nu0p010_s20261101,64,0.01,20261101,0.6200,2.72405569e-01,8.83090369e-01,8.83090369e-03,2.52042618e+00,1.31438988e+02
n064_nu0p010_s20261101,64,0.01,20261101,0.6400,2.72101670e-01,8.83845807e-01,8.83845807e-03,2.51103473e+00,1.30990362e+02
n064_nu0p010_s20261101,64,0.01,20261101,0.6600,2.71797914e-01,8.84678544e-01,8.84678544e-03,2.50071770e+00,1.30632130e+02
n064_nu0p010_s20261101,64,0.01,20261101,0.6800,2.71494260e-01,8.85587727e-01,8.85587727e-03,2.48950463e+00,1.30361142e+02
n064_nu0p010_s20261101,64,0.01,20261101,0.7000,2.71190666e-01,8.86572539e-01,8.86572539e-03,2.47742644e+00,1.30174521e+02
n064_nu0p010_s20261101,64,0.01,20261101,0.7200,2.70887089e-01,8.87632196e-01,8.87632196e-03,2.46451517e+00,1.30069641e+02
n064_nu0p010_s20261101,64,0.01,20261101,0.7400,2.70583490e-01,8.88765943e-01,8.88765943e-03,2.45080378e+00,1.30044113e+02
n064_nu0p010_s20261101,64,0.01,20261101,0.7600,2.70279826e-01,8.89973059e-01,8.89973059e-03,2.43646498e+00,1.30095785e+02
n064_nu0p010_s20261101,64,0.01,20261101,0.7800,2.69976058e-01,8.91252849e-01,8.91252849e-03,2.42391010e+00,1.30222735e+02
n064_nu0p010_s20261101,64,0.01,20261101,0.8000,2.69672146e-01,8.92604642e-01,8.92604642e-03,2.41061438e+00,1.30423288e+02
n064_nu0p010_s20261101,64,0.01,20261101,0.8200,2.69368051e-01,8.94027795e-01,8.94027795e-03,2.39660914e+00,1.30696019e+02
n064_nu0p010_s20261101,64,0.01,20261101,0.8400,2.69063733e-01,8.95521680e-01,8.95521680e-03,2.38192579e+00,1.31039762e+02
n064_nu0p010_s20261101,64,0.01,20261101,0.8600,2.68759154e-01,8.97085691e-01,8.97085691e-03,2.36659577e+00,1.31453619e+02
n064_nu0p010_s20261101,64,0.01,20261101,0.8800,2.68454276e-01,8.98719233e-01,8.98719233e-03,2.35065034e+00,1.31936958e+02
n064_nu0p010_s20261101,64,0.01,20261101,0.9000,2.68149060e-01,9.00421724e-01,9.00421724e-03,2.33412049e+00,1.32489409e+02
n064_nu0p010_s20261101,64,0.01,20261101,0.9200,2.67843469e-01,9.02192588e-01,9.02192588e-03,2.31703689e+00,1.33110838e+02
n064_nu0p010_s20261101,64,0.01,20261101,0.9400,2.67537466e-01,9.04031255e-01,9.04031255e-03,2.29942977e+00,1.33801328e+02
n064_nu0p010_s20261101,64,0.01,20261101,0.9600,2.67231014e-01,9.05937159e-01,9.05937159e-03,2.28132891e+00,1.34561134e+02
n064_nu0p010_s20261101,64,0.01,20261101,0.9800,2.66924076e-01,9.07909730e-01,9.07909730e-03,2.26276355e+00,1.35390642e+02
n064_nu0p010_s20261101,64,0.01,20261101,1.0000,2.66616615e-01,9.09948399e-01,9.09948399e-03,2.24376242e+00,1.36290314e+02
n064_nu0p010_s20261101,64,0.01,20261101,1.0200,2.66308597e-01,9.12052589e-01,9.12052589e-03,2.22742241e+00,1.37260642e+02
n064_nu0p010_s20261101,64,0.01,20261101,1.0400,2.65999984e-01,9.14221721e-01,9.14221721e-03,2.21099401e+00,1.38302097e+02
n064_nu0p010_s20261101,64,0.01,20261101,1.0600,2.65690741e-01,9.16455203e-01,9.16455203e-03,2.19402837e+00,1.39415085e+02
n064_nu0p010_s20261101,64,0.01,20261101,1.0800,2.65380833e-01,9.18752440e-01,9.18752440e-03,2.17655569e+00,1.40599911e+02
n064_nu0p010_s20261101,64,0.01,20261101,1.1000,2.65070226e-01,9.21112824e-01,9.21112824e-03,2.15860568e+00,1.41856748e+02
n064_nu0p010_s20261101,64,0.01,20261101,1.1200,2.64758884e-01,9.23535739e-01,9.23535739e-03,2.14020759e+00,1.43185610e+02
n064_nu0p010_s20261101,64,0.01,20261101,1.1400,2.64446773e-01,9.26020560e-01,9.26020560e-03,2.12139011e+00,1.44586336e+02
n064_nu0p010_s20261101,64,0.01,20261101,1.1600,2.64133860e-01,9.28566650e-01,9.28566650e-03,2.10218139e+00,1.46058578e+02
n064_nu0p010_s20261101,64,0.01,20261101,1.1800,2.63820110e-01,9.31173364e-01,9.31173364e-03,2.08260901e+00,1.47601797e+02
n064_nu0p010_s20261101,64,0.01,20261101,1.2000,2.63505492e-01,9.33840047e-01,9.33840047e-03,2.06269998e+00,1.49215266e+02
n064_nu0p010_s20261101,64,0.01,20261101,1.2200,2.63189971e-01,9.36566034e-01,9.36566034e-03,2.05168164e+00,1.50898090e+02
n064_nu0p010_s20261101,64,0.01,20261101,1.2400,2.62873517e-01,9.39350653e-01,9.39350653e-03,2.06766488e+00,1.52649233e+02
n064_nu0p010_s20261101,64,0.01,20261101,1.2600,2.62556096e-01,9.42193220e-01,9.42193220e-03,2.08678551e+00,1.54467559e+02
n064_nu0p010_s20261101,64,0.01,20261101,1.2800,2.62237678e-01,9.45093045e-01,9.45093045e-03,2.10569944e+00,1.56351894e+02
n064_nu0p010_s20261101,64,0.01,20261101,1.3000,2.61918232e-01,9.48049429e-01,9.48049429e-03,2.12391602e+00,1.58301095e+02
n064_nu0p010_s20261101,64,0.01,20261101,1.3200,2.61597728e-01,9.51061662e-01,9.51061662e-03,2.14143184e+00,1.60314137e+02
n064_nu0p010_s20261101,64,0.01,20261101,1.3400,2.61276136e-01,9.54129026e-01,9.54129026e-03,2.15824590e+00,1.62390201e+02
n064_nu0p010_s20261101,64,0.01,20261101,1.3600,2.60953427e-01,9.57250795e-01,9.57250795e-03,2.17435943e+00,1.64528773e+02
n064_nu0p010_s20261101,64,0.01,20261101,1.3800,2.60629572e-01,9.60426231e-01,9.60426231e-03,2.19444902e+00,1.66729734e+02
n064_nu0p010_s20261101,64,0.01,20261101,1.4000,2.60304543e-01,9.63654583e-01,9.63654583e-03,2.21532372e+00,1.68993446e+02
n064_nu0p010_s20261101,64,0.01,20261101,1.4200,2.59978312e-01,9.66935092e-01,9.66935092e-03,2.23555852e+00,1.71320825e+02
n064_nu0p010_s20261101,64,0.01,20261101,1.4400,2.59650853e-01,9.70266983e-01,9.70266983e-03,2.25514200e+00,1.73713396e+02
n064_nu0p010_s20261101,64,0.01,20261101,1.4600,2.59322140e-01,9.73649467e-01,9.73649467e-03,2.27406510e+00,1.76173329e+02
n064_nu0p010_s20261101,64,0.01,20261101,1.4800,2.58992146e-01,9.77081740e-01,9.77081740e-03,2.29232099e+00,1.78703452e+02
n064_nu0p010_s20261101,64,0.01,20261101,1.5000,2.58660847e-01,9.80562981e-01,9.80562981e-03,2.31239658e+00,1.81307246e+02
n064_nu0p010_s20261101,64,0.01,20261101,1.5200,2.58328218e-01,9.84092353e-01,9.84092353e-03,2.33188531e+00,1.83988823e+02
n064_nu0p010_s20261101,64,0.01,20261101,1.5400,2.57994235e-01,9.87668998e-01,9.87668998e-03,2.35066922e+00,1.86752877e+02
n064_nu0p010_s20261101,64,0.01,20261101,1.5600,2.57658874e-01,9.91292038e-01,9.91292038e-03,2.36956622e+00,1.89604636e+02
n064_nu0p010_s20261101,64,0.01,20261101,1.5800,2.57322113e-01,9.94960578e-01,9.94960578e-03,2.39235283e+00,1.92549794e+02
n064_nu0p010_s20261101,64,0.01,20261101,1.6000,2.56983930e-01,9.98673699e-01,9.98673699e-03,2.41444579e+00,1.95594441e+02
n064_nu0p010_s20261101,64,0.01,20261101,1.6200,2.56644303e-01,1.00243046e+00,1.00243046e-02,2.43583002e+00,1.98744990e+02
n064_nu0p010_s20261101,64,0.01,20261101,1.6400,2.56303211e-01,1.00622990e+00,1.00622990e-02,2.45649258e+00,2.02008107e+02
n064_nu0p010_s20261101,64,0.01,20261101,1.6600,2.55960634e-01,1.01007102e+00,1.01007102e-02,2.47642270e+00,2.05390636e+02
n064_nu0p010_s20261101,64,0.01,20261101,1.6800,2.55616551e-01,1.01395283e+00,1.01395283e-02,2.49561173e+00,2.08899541e+02
n064_nu0p010_s20261101,64,0.01,20261101,1.7000,2.55270944e-01,1.01787429e+00,1.01787429e-02,2.51405322e+00,2.12541837e+02
n064_nu0p010_s20261101,64,0.01,20261101,1.7200,2.54923793e-01,1.02183433e+00,1.02183433e-02,2.53174293e+00,2.16324539e+02
n064_nu0p010_s20261101,64,0.01,20261101,1.7400,2.54575081e-01,1.02583189e+00,1.02583189e-02,2.54867890e+00,2.20254609e+02
n064_nu0p010_s20261101,64,0.01,20261101,1.7600,2.54224791e-01,1.02986586e+00,1.02986586e-02,2.56913293e+00,2.24338909e+02
n064_nu0p010_s20261101,64,0.01,20261101,1.7800,2.53872904e-01,1.03393511e+00,1.03393511e-02,2.58975852e+00,2.28584157e+02
n064_nu0p010_s20261101,64,0.01,20261101,1.8000,2.53519405e-01,1.03803848e+00,1.03803848e-02,2.60953533e+00,2.32996889e+02
n064_nu0p010_s20261101,64,0.01,20261101,1.8200,2.53164279e-01,1.04217482e+00,1.04217482e-02,2.62845230e+00,2.37583421e+02
n064_nu0p010_s20261101,64,0.01,20261101,1.8400,2.52807509e-01,1.04634291e+00,1.04634291e-02,2.64650040e+00,2.42349815e+02
n064_nu0p010_s20261101,64,0.01,20261101,1.8600,2.52449081e-01,1.05054155e+00,1.05054155e-02,2.66502092e+00,2.47301847e+02
n064_nu0p010_s20261101,64,0.01,20261101,1.8800,2.52088982e-01,1.05476950e+00,1.05476950e-02,2.68389850e+00,2.52444982e+02
n064_nu0p010_s20261101,64,0.01,20261101,1.9000,2.51727198e-01,1.05902549e+00,1.05902549e-02,2.70187105e+00,2.57784344e+02
n064_nu0p010_s20261101,64,0.01,20261101,1.9200,2.51363715e-01,1.06330826e+00,1.06330826e-02,2.71893585e+00,2.63324706e+02
n064_nu0p010_s20261101,64,0.01,20261101,1.9400,2.50998523e-01,1.06761652e+00,1.06761652e-02,2.73509295e+00,2.69070462e+02
n064_nu0p010_s20261101,64,0.01,20261101,1.9600,2.50631609e-01,1.07194894e+00,1.07194894e-02,2.75034524e+00,2.75025629e+02
n064_nu0p010_s20261101,64,0.01,20261101,1.9800,2.50262962e-01,1.07630420e+00,1.07630420e-02,2.76469855e+00,2.81193836e+02
n064_nu0p010_s20261101,64,0.01,20261101,2.0000,2.49892572e-01,1.08068097e+00,1.08068097e-02,2.77816163e+00,2.87578326e+02
n064_nu0p010_s20261101,64,0.01,20261101,2.0200,2.49520429e-01,1.08507790e+00,1.08507790e-02,2.79622036e+00,2.94181966e+02
n064_nu0p010_s20261101,64,0.01,20261101,2.0400,2.49146524e-01,1.08949361e+00,1.08949361e-02,2.82218151e+00,3.01007256e+02
n064_nu0p010_s20261101,64,0.01,20261101,2.0600,2.48770848e-01,1.09392673e+00,1.09392673e-02,2.84747253e+00,3.08056345e+02
n064_nu0p010_s20261101,64,0.01,20261101,2.0800,2.48393394e-01,1.09837589e+00,1.09837589e-02,2.87208940e+00,3.15331055e+02
n064_nu0p010_s20261101,64,0.01,20261101,2.1000,2.48014154e-01,1.10283970e+00,1.10283970e-02,2.89603029e+00,3.22832898e+02
n064_nu0p010_s20261101,64,0.01,20261101,2.1200,2.47633122e-01,1.10731676e+00,1.10731676e-02,2.91929556e+00,3.30563101e+02
n064_nu0p010_s20261101,64,0.01,20261101,2.1400,2.47250290e-01,1.11180568e+00,1.11180568e-02,2.94188775e+00,3.38522628e+02
n064_nu0p010_s20261101,64,0.01,20261101,2.1600,2.46865655e-01,1.11630505e+00,1.11630505e-02,2.96381153e+00,3.46712203e+02
n064_nu0p010_s20261101,64,0.01,20261101,2.1800,2.46479212e-01,1.12081348e+00,1.12081348e-02,2.98507359e+00,3.55132326e+02
n064_nu0p010_s20261101,64,0.01,20261101,2.2000,2.46090955e-01,1.12532956e+00,1.12532956e-02,3.00568262e+00,3.63783293e+02
n064_nu0p010_s20261101,64,0.01,20261101,2.2200,2.45700882e-01,1.12985191e+00,1.12985191e-02,3.02564915e+00,3.72665201e+02
n064_nu0p010_s20261101,64,0.01,20261101,2.2400,2.45308989e-01,1.13437911e+00,1.13437911e-02,3.04498546e+00,3.81777961e+02
n064_nu0p010_s20261101,64,0.01,20261101,2.2600,2.44915275e-01,1.13890979e+00,1.13890979e-02,3.06370545e+00,3.91121295e+02
n064_nu0p010_s20261101,64,0.01,20261101,2.2800,2.44519737e-01,1.14344257e+00,1.14344257e-02,3.08579564e+00,4.00694737e+02
n064_nu0p010_s20261101,64,0.01,20261101,2.3000,2.44122374e-01,1.14797605e+00,1.14797605e-02,3.10744258e+00,4.10497626e+02
n064_nu0p010_s20261101,64,0.01,20261101,2.3200,2.43723187e-01,1.15250888e+00,1.15250888e-02,3.12818607e+00,4.20529097e+02
n064_nu0p010_s20261101,64,0.01,20261101,2.3400,2.43322175e-01,1.15703969e+00,1.15703969e-02,3.14803775e+00,4.30788065e+02
n064_nu0p010_s20261101,64,0.01,20261101,2.3600,2.42919338e-01,1.16156713e+00,1.16156713e-02,3.16701132e+00,4.41273215e+02
n064_nu0p010_s20261101,64,0.01,20261101,2.3800,2.42514678e-01,1.16608987e+00,1.16608987e-02,3.18512235e+00,4.51982982e+02
n064_nu0p010_s20261101,64,0.01,20261101,2.4000,2.42108198e-01,1.17060658e+00,1.17060658e-02,3.20238823e+00,4.62915539e+02
n064_nu0p010_s20261101,64,0.01,20261101,2.4200,2.41699898e-01,1.17511595e+00,1.17511595e-02,3.21882791e+00,4.74068780e+02
n064_nu0p010_s20261101,64,0.01,20261101,2.4400,2.41289783e-01,1.17961669e+00,1.17961669e-02,3.23446184e+00,4.85440309e+02
n064_nu0p010_s20261101,64,0.01,20261101,2.4600,2.40877856e-01,1.18410750e+00,1.18410750e-02,3.24931179e+00,4.97027428e+02
n064_nu0p010_s20261101,64,0.01,20261101,2.4800,2.40464121e-01,1.18858712e+00,1.18858712e-02,3.26340072e+00,5.08827129e+02
n064_nu0p010_s20261101,64,0.01,20261101,2.5000,2.40048582e-01,1.19305431e+00,1.19305431e-02,3.27675269e+00,5.20836094e+02
n064_nu0p010_s20261101,64,0.01,20261101,2.5200,2.39631246e-01,1.19750784e+00,1.19750784e-02,3.28939269e+00,5.33050691e+02
n064_nu0p010_s20261101,64,0.01,20261101,2.5400,2.39212116e-01,1.20194649e+00,1.20194649e-02,3.30134662e+00,5.45466978e+02
n064_nu0p010_s20261101,64,0.01,20261101,2.5600,2.38791200e-01,1.20636908e+00,1.20636908e-02,3.31264116e+00,5.58080716e+02
n064_nu0p010_s20261101,64,0.01,20261101,2.5800,2.38368504e-01,1.21077442e+00,1.21077442e-02,3.33416376e+00,5.70887377e+02
n064_nu0p010_s20261101,64,0.01,20261101,2.6000,2.37944036e-01,1.21516137e+00,1.21516137e-02,3.36237220e+00,5.83882162e+02
n064_nu0p010_s20261101,64,0.01,20261101,2.6200,2.37517802e-01,1.21952881e+00,1.21952881e-02,3.38993300e+00,5.97060017e+02
n064_nu0p010_s20261101,64,0.01,20261101,2.6400,2.37089811e-01,1.22387562e+00,1.22387562e-02,3.41685755e+00,6.10415663e+02
n064_nu0p010_s20261101,64,0.01,20261101,2.6600,2.36660072e-01,1.22820072e+00,1.22820072e-02,3.44315859e+00,6.23943613e+02
n064_nu0p010_s20261101,64,0.01,20261101,2.6800,2.36228592e-01,1.23250305e+00,1.23250305e-02,3.46885011e+00,6.37638206e+02
n064_nu0p010_s20261101,64,0.01,20261101,2.7000,2.35795382e-01,1.23678156e+00,1.23678156e-02,3.49394734e+00,6.51493633e+02
n064_nu0p010_s20261101,64,0.01,20261101,2.7200,2.35360452e-01,1.24103525e+00,1.24103525e-02,3.51846667e+00,6.65503967e+02
n064_nu0p010_s20261101,64,0.01,20261101,2.7400,2.34923811e-01,1.24526312e+00,1.24526312e-02,3.54242560e+00,6.79663198e+02
n064_nu0p010_s20261101,64,0.01,20261101,2.7600,2.34485469e-01,1.24946421e+00,1.24946421e-02,3.56584271e+00,6.93965257e+02
n064_nu0p010_s20261101,64,0.01,20261101,2.7800,2.34045438e-01,1.25363758e+00,1.25363758e-02,3.58873760e+00,7.08404057e+02
n064_nu0p010_s20261101,64,0.01,20261101,2.8000,2.33603729e-01,1.25778230e+00,1.25778230e-02,3.61113081e+00,7.22973515e+02
n064_nu0p010_s20261101,64,0.01,20261101,2.8200,2.33160353e-01,1.26189748e+00,1.26189748e-02,3.63304381e+00,7.37667587e+02
n064_nu0p010_s20261101,64,0.01,20261101,2.8400,2.32715322e-01,1.26598226e+00,1.26598226e-02,3.65449889e+00,7.52480293e+02
n064_nu0p010_s20261101,64,0.01,20261101,2.8600,2.32268648e-01,1.27003578e+00,1.27003578e-02,3.67551910e+00,7.67405748e+02
n064_nu0p010_s20261101,64,0.01,20261101,2.8800,2.31820344e-01,1.27405724e+00,1.27405724e-02,3.69612819e+00,7.82438182e+02
n064_nu0p010_s20261101,64,0.01,20261101,2.9000,2.31370422e-01,1.27804582e+00,1.27804582e-02,3.71635048e+00,7.97571967e+02
n064_nu0p010_s20261101,64,0.01,20261101,2.9200,2.30918896e-01,1.28200077e+00,1.28200077e-02,3.73621078e+00,8.12801637e+02
n064_nu0p010_s20261101,64,0.01,20261101,2.9400,2.30465778e-01,1.28592133e+00,1.28592133e-02,3.75573429e+00,8.28121906e+02
n064_nu0p010_s20261101,64,0.01,20261101,2.9600,2.30011081e-01,1.28980678e+00,1.28980678e-02,3.77494645e+00,8.43527684e+02
n064_nu0p010_s20261101,64,0.01,20261101,2.9800,2.29554820e-01,1.29365642e+00,1.29365642e-02,3.79387281e+00,8.59014092e+02
n064_nu0p010_s20261101,64,0.01,20261101,3.0000,2.29097009e-01,1.29746958e+00,1.29746958e-02,3.81253891e+00,8.74576474e+02
n064_nu0p010_s20261101,64,0.01,20261101,3.0200,2.28637661e-01,1.30124560e+00,1.30124560e-02,3.83097013e+00,8.90210403e+02
n064_nu0p010_s20261101,64,0.01,20261101,3.0400,2.28176791e-01,1.30498386e+00,1.30498386e-02,3.84919155e+00,9.05911693e+02
n064_nu0p010_s20261101,64,0.01,20261101,3.0600,2.27714414e-01,1.30868374e+00,1.30868374e-02,3.86722776e+00,9.21676396e+02
n064_nu0p010_s20261101,64,0.01,20261101,3.0800,2.27250543e-01,1.31234466e+00,1.31234466e-02,3.88510276e+00,9.37500810e+02
n064_nu0p010_s20261101,64,0.01,20261101,3.1000,2.26785195e-01,1.31596607e+00,1.31596607e-02,3.90283979e+00,9.53381477e+02
n064_nu0p010_s20261101,64,0.01,20261101,3.1200,2.26318383e-01,1.31954742e+00,1.31954742e-02,3.92046120e+00,9.69315179e+02
n064_nu0p010_s20261101,64,0.01,20261101,3.1400,2.25850123e-01,1.32308819e+00,1.32308819e-02,3.93798831e+00,9.85298935e+02
n064_nu0p010_s20261101,64,0.01,20261101,3.1600,2.25380431e-01,1.32658789e+00,1.32658789e-02,3.95544130e+00,1.00132999e+03
n064_nu0p010_s20261101,64,0.01,20261101,3.1800,2.24909321e-01,1.33004605e+00,1.33004605e-02,3.97283907e+00,1.01740583e+03
n064_nu0p010_s20261101,64,0.01,20261101,3.2000,2.24436809e-01,1.33346221e+00,1.33346221e-02,3.99019922e+00,1.03352413e+03
n064_nu0p010_s20261101,64,0.01,20261101,3.2200,2.23962911e-01,1.33683593e+00,1.33683593e-02,4.00753788e+00,1.04968277e+03
n064_nu0p010_s20261101,64,0.01,20261101,3.2400,2.23487643e-01,1.34016681e+00,1.34016681e-02,4.02486971e+00,1.06587984e+03
n064_nu0p010_s20261101,64,0.01,20261101,3.2600,2.23011020e-01,1.34345445e+00,1.34345445e-02,4.04220784e+00,1.08211359e+03
n064_nu0p010_s20261101,64,0.01,20261101,3.2800,2.22533058e-01,1.34669847e+00,1.34669847e-02,4.05956384e+00,1.09838243e+03
n064_nu0p010_s20261101,64,0.01,20261101,3.3000,2.22053774e-01,1.34989852e+00,1.34989852e-02,4.07694770e+00,1.11468492e+03
n064_nu0p010_s20261101,64,0.01,20261101,3.3200,2.21573183e-01,1.35305427e+00,1.35305427e-02,4.09436788e+00,1.13101977e+03
n064_nu0p010_s20261101,64,0.01,20261101,3.3400,2.21091301e-01,1.35616539e+00,1.35616539e-02,4.11183127e+00,1.14738577e+03
n064_nu0p010_s20261101,64,0.01,20261101,3.3600,2.20608145e-01,1.35923158e+00,1.35923158e-02,4.12934327e+00,1.16378182e+03
n064_nu0p010_s20261101,64,0.01,20261101,3.3800,2.20123731e-01,1.36225256e+00,1.36225256e-02,4.14690783e+00,1.18020693e+03
n064_nu0p010_s20261101,64,0.01,20261101,3.4000,2.19638075e-01,1.36522807e+00,1.36522807e-02,4.16452751e+00,1.19666013e+03
n064_nu0p010_s20261101,64,0.01,20261101,3.4200,2.19151194e-01,1.36815785e+00,1.36815785e-02,4.18220355e+00,1.21314053e+03
n064_nu0p010_s20261101,64,0.01,20261101,3.4400,2.18663103e-01,1.37104167e+00,1.37104167e-02,4.19993595e+00,1.22964724e+03
n064_nu0p010_s20261101,64,0.01,20261101,3.4600,2.18173820e-01,1.37387932e+00,1.37387932e-02,4.21772357e+00,1.24617941e+03
n064_nu0p010_s20261101,64,0.01,20261101,3.4800,2.17683360e-01,1.37667058e+00,1.37667058e-02,4.23556419e+00,1.26273618e+03
n064_nu0p010_s20261101,64,0.01,20261101,3.5000,2.17191741e-01,1.37941528e+00,1.37941528e-02,4.25559714e+00,1.27931667e+03
n064_nu0p010_s20261101,64,0.01,20261101,3.5200,2.16698978e-01,1.38211323e+00,1.38211323e-02,4.27615230e+00,1.29591995e+03
n064_nu0p010_s20261101,64,0.01,20261101,3.5400,2.16205088e-01,1.38476427e+00,1.38476427e-02,4.29683842e+00,1.31254507e+03
n064_nu0p010_s20261101,64,0.01,20261101,3.5600,2.15710088e-01,1.38736827e+00,1.38736827e-02,4.31764906e+00,1.32919100e+03
n064_nu0p010_s20261101,64,0.01,20261101,3.5800,2.15213994e-01,1.38992508e+00,1.38992508e-02,4.33857682e+00,1.34585663e+03
n064_nu0p010_s20261101,64,0.01,20261101,3.6000,2.14716823e-01,1.39243458e+00,1.39243458e-02,4.35961340e+00,1.36254078e+03
n064_nu0p010_s20261101,64,0.01,20261101,3.6200,2.14218590e-01,1.39489667e+00,1.39489667e-02,4.38074958e+00,1.37924216e+03
n064_nu0p010_s20261101,64,0.01,20261101,3.6400,2.13719314e-01,1.39731124e+00,1.39731124e-02,4.40197535e+00,1.39595935e+03
n064_nu0p010_s20261101,64,0.01,20261101,3.6600,2.13219009e-01,1.39967821e+00,1.39967821e-02,4.42327989e+00,1.41269086e+03
n064_nu0p010_s20261101,64,0.01,20261101,3.6800,2.12717693e-01,1.40199749e+00,1.40199749e-02,4.44465162e+00,1.42943502e+03
n064_nu0p010_s20261101,64,0.01,20261101,3.7000,2.12215381e-01,1.40426902e+00,1.40426902e-02,4.46607824e+00,1.44619005e+03
n064_nu0p010_s20261101,64,0.01,20261101,3.7200,2.11712092e-01,1.40649275e+00,1.40649275e-02,4.48754673e+00,1.46295403e+03
n064_nu0p010_s20261101,64,0.01,20261101,3.7400,2.11207840e-01,1.40866862e+00,1.40866862e-02,4.50904336e+00,1.47972488e+03
n064_nu0p010_s20261101,64,0.01,20261101,3.7600,2.10702642e-01,1.41079659e+00,1.41079659e-02,4.53055374e+00,1.49650036e+03
n064_nu0p010_s20261101,64,0.01,20261101,3.7800,2.10196516e-01,1.41287662e+00,1.41287662e-02,4.55206276e+00,1.51327811e+03
n064_nu0p010_s20261101,64,0.01,20261101,3.8000,2.09689476e-01,1.41490871e+00,1.41490871e-02,4.57355466e+00,1.53005556e+03
n064_nu0p010_s20261101,64,0.01,20261101,3.8200,2.09181540e-01,1.41689281e+00,1.41689281e-02,4.59501295e+00,1.54683000e+03
n064_nu0p010_s20261101,64,0.01,20261101,3.8400,2.08672724e-01,1.41882893e+00,1.41882893e-02,4.61642047e+00,1.56359856e+03
n064_nu0p010_s20261101,64,0.01,20261101,3.8600,2.08163044e-01,1.42071706e+00,1.42071706e-02,4.63775936e+00,1.58035820e+03
n064_nu0p010_s20261101,64,0.01,20261101,3.8800,2.07652517e-01,1.42255720e+00,1.42255720e-02,4.65901101e+00,1.59710570e+03
n064_nu0p010_s20261101,64,0.01,20261101,3.9000,2.07141158e-01,1.42434935e+00,1.42434935e-02,4.68015614e+00,1.61383769e+03
n064_nu0p010_s20261101,64,0.01,20261101,3.9200,2.06628985e-01,1.42609353e+00,1.42609353e-02,4.70117470e+00,1.63055063e+03
n064_nu0p010_s20261101,64,0.01,20261101,3.9400,2.06116013e-01,1.42778976e+00,1.42778976e-02,4.72453694e+00,1.64724080e+03
n064_nu0p010_s20261101,64,0.01,20261101,3.9600,2.05602259e-01,1.42943805e+00,1.42943805e-02,4.75322602e+00,1.66390433e+03
n064_nu0p010_s20261101,64,0.01,20261101,3.9800,2.05087738e-01,1.43103842e+00,1.43103842e-02,4.78131462e+00,1.68053720e+03
n064_nu0p010_s20261101,64,0.01,20261101,4.0000,2.04572468e-01,1.43259092e+00,1.43259092e-02,4.80876670e+00,1.69713519e+03
n064_nu0p010_s20261101,64,0.01,20261101,4.0200,2.04056464e-01,1.43409556e+00,1.43409556e-02,4.83554689e+00,1.71369395e+03
n064_nu0p010_s20261101,64,0.01,20261101,4.0400,2.03539742e-01,1.43555238e+00,1.43555238e-02,4.86162059e+00,1.73020897e+03
n064_nu0p010_s20261101,64,0.01,20261101,4.0600,2.03022320e-01,1.43696143e+00,1.43696143e-02,4.88695410e+00,1.74667559e+03
n064_nu0p010_s20261101,64,0.01,20261101,4.0800,2.02504212e-01,1.43832274e+00,1.43832274e-02,4.91151475e+00,1.76308899e+03
n064_nu0p010_s20261101,64,0.01,20261101,4.1000,2.01985435e-01,1.43963636e+00,1.43963636e-02,4.93527103e+00,1.77944421e+03
n064_nu0p010_s20261101,64,0.01,20261101,4.1200,2.01466005e-01,1.44090232e+00,1.44090232e-02,4.95819264e+00,1.79573613e+03
n064_nu0p010_s20261101,64,0.01,20261101,4.1400,2.00945939e-01,1.44212068e+00,1.44212068e-02,4.98025067e+00,1.81195953e+03
n064_nu0p010_s20261101,64,0.01,20261101,4.1600,2.00425252e-01,1.44329149e+00,1.44329149e-02,5.00141763e+00,1.82810902e+03
n064_nu0p010_s20261101,64,0.01,20261101,4.1800,1.99903961e-01,1.44441479e+00,1.44441479e-02,5.02166758e+00,1.84417911e+03
n064_nu0p010_s20261101,64,0.01,20261101,4.2000,1.99382082e-01,1.44549064e+00,1.44549064e-02,5.04097621e+00,1.86016417e+03
n064_nu0p010_s20261101,64,0.01,20261101,4.2200,1.98859630e-01,1.44651909e+00,1.44651909e-02,5.05932089e+00,1.87605847e+03
n064_nu0p010_s20261101,64,0.01,20261101,4.2400,1.98336623e-01,1.44750019e+00,1.44750019e-02,5.07668076e+00,1.89185617e+03
n064_nu0p010_s20261101,64,0.01,20261101,4.2600,1.97813076e-01,1.44843400e+00,1.44843400e-02,5.09303676e+00,1.90755132e+03
n064_nu0p010_s20261101,64,0.01,20261101,4.2800,1.97289005e-01,1.44932058e+00,1.44932058e-02,5.10837170e+00,1.92313791e+03
n064_nu0p010_s20261101,64,0.01,20261101,4.3000,1.96764427e-01,1.45015998e+00,1.45015998e-02,5.12267030e+00,1.93860983e+03
n064_nu0p010_s20261101,64,0.01,20261101,4.3200,1.96239357e-01,1.45095226e+00,1.45095226e-02,5.13591918e+00,1.95396091e+03
n064_nu0p010_s20261101,64,0.01,20261101,4.3400,1.95713813e-01,1.45169747e+00,1.45169747e-02,5.14810691e+00,1.96918492e+03
n064_nu0p010_s20261101,64,0.01,20261101,4.3600,1.95187809e-01,1.45239567e+00,1.45239567e-02,5.15922403e+00,1.98427559e+03
n064_nu0p010_s20261101,64,0.01,20261101,4.3800,1.94661363e-01,1.45304693e+00,1.45304693e-02,5.16926300e+00,1.99922663e+03
n064_nu0p010_s20261101,64,0.01,20261101,4.4000,1.94134491e-01,1.45365130e+00,1.45365130e-02,5.17821826e+00,2.01403171e+03
n064_nu0p010_s20261101,64,0.01,20261101,4.4200,1.93607208e-01,1.45420885e+00,1.45420885e-02,5.18608613e+00,2.02868451e+03
n064_nu0p010_s20261101,64,0.01,20261101,4.4400,1.93079531e-01,1.45471962e+00,1.45471962e-02,5.19286488e+00,2.04317872e+03
n064_nu0p010_s20261101,64,0.01,20261101,4.4600,1.92551477e-01,1.45518369e+00,1.45518369e-02,5.19855460e+00,2.05750805e+03
n064_nu0p010_s20261101,64,0.01,20261101,4.4800,1.92023062e-01,1.45560110e+00,1.45560110e-02,5.20315725e+00,2.07166624e+03
n064_nu0p010_s20261101,64,0.01,20261101,4.5000,1.91494301e-01,1.45597193e+00,1.45597193e-02,5.20667655e+00,2.08564710e+03
n064_nu0p010_s20261101,64,0.01,20261101,4.5200,1.90965212e-01,1.45629624e+00,1.45629624e-02,5.20911796e+00,2.09944449e+03
n064_nu0p010_s20261101,64,0.01,20261101,4.5400,1.90435811e-01,1.45657408e+00,1.45657408e-02,5.21048865e+00,2.11305238e+03
n064_nu0p010_s20261101,64,0.01,20261101,4.5600,1.89906114e-01,1.45680552e+00,1.45680552e-02,5.21079736e+00,2.12646479e+03
n064_nu0p010_s20261101,64,0.01,20261101,4.5800,1.89376137e-01,1.45699063e+00,1.45699063e-02,5.21289506e+00,2.13967590e+03
n064_nu0p010_s20261101,64,0.01,20261101,4.6000,1.88845898e-01,1.45712945e+00,1.45712945e-02,5.22545146e+00,2.15267996e+03
n064_nu0p010_s20261101,64,0.01,20261101,4.6200,1.88315412e-01,1.45722207e+00,1.45722207e-02,5.23707876e+00,2.16547140e+03
n064_nu0p010_s20261101,64,0.01,20261101,4.6400,1.87784696e-01,1.45726855e+00,1.45726855e-02,5.24776741e+00,2.17804475e+03
n064_nu0p010_s20261101,64,0.01,20261101,4.6600,1.87253767e-01,1.45726894e+00,1.45726894e-02,5.25750933e+00,2.19039474e+03
n064_nu0p010_s20261101,64,0.01,20261101,4.6800,1.86722641e-01,1.45722332e+00,1.45722332e-02,5.26629793e+00,2.20251623e+03
n064_nu0p010_s20261101,64,0.01,20261101,4.7000,1.86191335e-01,1.45713175e+00,1.45713175e-02,5.27412811e+00,2.21440428e+03
n064_nu0p010_s20261101,64,0.01,20261101,4.7200,1.85659865e-01,1.45699431e+00,1.45699431e-02,5.28099616e+00,2.22605411e+03
n064_nu0p010_s20261101,64,0.01,20261101,4.7400,1.85128248e-01,1.45681107e+00,1.45681107e-02,5.28689984e+00,2.23746114e+03
n064_nu0p010_s20261101,64,0.01,20261101,4.7600,1.84596501e-01,1.45658209e+00,1.45658209e-02,5.29183824e+00,2.24862100e+03
n064_nu0p010_s20261101,64,0.01,20261101,4.7800,1.84064641e-01,1.45630745e+00,1.45630745e-02,5.29581184e+00,2.25952949e+03
n064_nu0p010_s20261101,64,0.01,20261101,4.8000,1.83532683e-01,1.45598723e+00,1.45598723e-02,5.29882241e+00,2.27018265e+03
n064_nu0p010_s20261101,64,0.01,20261101,4.8200,1.83000646e-01,1.45562151e+00,1.45562151e-02,5.30087300e+00,2.28057669e+03
n064_nu0p010_s20261101,64,0.01,20261101,4.8400,1.82468545e-01,1.45521035e+00,1.45521035e-02,5.30196791e+00,2.29070806e+03
n064_nu0p010_s20261101,64,0.01,20261101,4.8600,1.81936397e-01,1.45475386e+00,1.45475386e-02,5.30211261e+00,2.30057342e+03
n064_nu0p010_s20261101,64,0.01,20261101,4.8800,1.81404220e-01,1.45425211e+00,1.45425211e-02,5.30131376e+00,2.31016963e+03
n064_nu0p010_s20261101,64,0.01,20261101,4.9000,1.80872030e-01,1.45370519e+00,1.45370519e-02,5.29957912e+00,2.31949377e+03
n064_nu0p010_s20261101,64,0.01,20261101,4.9200,1.80339844e-01,1.45311319e+00,1.45311319e-02,5.29691755e+00,2.32854314e+03
n064_nu0p010_s20261101,64,0.01,20261101,4.9400,1.79807679e-01,1.45247621e+00,1.45247621e-02,5.29333893e+00,2.33731525e+03
n064_nu0p010_s20261101,64,0.01,20261101,4.9600,1.79275551e-01,1.45179435e+00,1.45179435e-02,5.28885416e+00,2.34580781e+03
n064_nu0p010_s20261101,64,0.01,20261101,4.9800,1.78743479e-01,1.45106771e+00,1.45106771e-02,5.28347509e+00,2.35401876e+03
n064_nu0p010_s20261101,64,0.01,20261101,5.0000,1.78211477e-01,1.45029639e+00,1.45029639e-02,5.27721452e+00,2.36194624e+03
n064_nu0p010_s20261101,64,0.01,20261101,5.0200,1.77679565e-01,1.44948052e+00,1.44948052e-02,5.27008611e+00,2.36958860e+03
n064_nu0p010_s20261101,64,0.01,20261101,5.0400,1.77147757e-01,1.44862019e+00,1.44862019e-02,5.26210440e+00,2.37694439e+03
n064_nu0p010_s20261101,64,0.01,20261101,5.0600,1.76616072e-01,1.44771554e+00,1.44771554e-02,5.25328472e+00,2.38401238e+03
n064_nu0p010_s20261101,64,0.01,20261101,5.0800,1.76084527e-01,1.44676669e+00,1.44676669e-02,5.24364319e+00,2.39079151e+03
n064_nu0p010_s20261101,64,0.01,20261101,5.1000,1.75553138e-01,1.44577377e+00,1.44577377e-02,5.23319669e+00,2.39728097e+03
n064_nu0p010_s20261101,64,0.01,20261101,5.1200,1.75021922e-01,1.44473691e+00,1.44473691e-02,5.22196277e+00,2.40348010e+03
n064_nu0p010_s20261101,64,0.01,20261101,5.1400,1.74490897e-01,1.44365627e+00,1.44365627e-02,5.21568306e+00,2.40938848e+03
n064_nu0p010_s20261101,64,0.01,20261101,5.1600,1.73960078e-01,1.44253199e+00,1.44253199e-02,5.21736647e+00,2.41500585e+03
n064_nu0p010_s20261101,64,0.01,20261101,5.1800,1.73429484e-01,1.44136423e+00,1.44136423e-02,5.21824810e+00,2.42033218e+03
n064_nu0p010_s20261101,64,0.01,20261101,5.2000,1.72899132e-01,1.44015314e+00,1.44015314e-02,5.21833338e+00,2.42536762e+03
n064_nu0p010_s20261101,64,0.01,20261101,5.2200,1.72369037e-01,1.43889889e+00,1.43889889e-02,5.21762824e+00,2.43011252e+03
n064_nu0p010_s20261101,64,0.01,20261101,5.2400,1.71839217e-01,1.43760166e+00,1.43760166e-02,5.21613905e+00,2.43456742e+03
n064_nu0p010_s20261101,64,0.01,20261101,5.2600,1.71309689e-01,1.43626163e+00,1.43626163e-02,5.21387265e+00,2.43873306e+03
n064_nu0p010_s20261101,64,0.01,20261101,5.2800,1.70780470e-01,1.43487899e+00,1.43487899e-02,5.21083629e+00,2.44261037e+03
n064_nu0p010_s20261101,64,0.01,20261101,5.3000,1.70251577e-01,1.43345392e+00,1.43345392e-02,5.20703765e+00,2.44620048e+03
n064_nu0p010_s20261101,64,0.01,20261101,5.3200,1.69723026e-01,1.43198665e+00,1.43198665e-02,5.20248487e+00,2.44950472e+03
n064_nu0p010_s20261101,64,0.01,20261101,5.3400,1.69194835e-01,1.43047737e+00,1.43047737e-02,5.19718649e+00,2.45252459e+03
n064_nu0p010_s20261101,64,0.01,20261101,5.3600,1.68667020e-01,1.42892630e+00,1.42892630e-02,5.19115149e+00,2.45526181e+03
n064_nu0p010_s20261101,64,0.01,20261101,5.3800,1.68139597e-01,1.42733366e+00,1.42733366e-02,5.18438927e+00,2.45771828e+03
n064_nu0p010_s20261101,64,0.01,20261101,5.4000,1.67612585e-01,1.42569968e+00,1.42569968e-02,5.17690969e+00,2.45989607e+03
n064_nu0p010_s20261101,64,0.01,20261101,5.4200,1.67085998e-01,1.42402461e+00,1.42402461e-02,5.16872303e+00,2.46179747e+03
n064_nu0p010_s20261101,64,0.01,20261101,5.4400,1.66559854e-01,1.42230869e+00,1.42230869e-02,5.15984001e+00,2.46342493e+03
n064_nu0p010_s20261101,64,0.01,20261101,5.4600,1.66034169e-01,1.42055216e+00,1.42055216e-02,5.15027181e+00,2.46478108e+03
n064_nu0p010_s20261101,64,0.01,20261101,5.4800,1.65508961e-01,1.41875529e+00,1.41875529e-02,5.14003006e+00,2.46586874e+03
n064_nu0p010_s20261101,64,0.01,20261101,5.5000,1.64984244e-01,1.41691834e+00,1.41691834e-02,5.12912681e+00,2.46669089e+03
n064_nu0p010_s20261101,64,0.01,20261101,5.5200,1.64460036e-01,1.41504159e+00,1.41504159e-02,5.11757459e+00,2.46725068e+03
n064_nu0p010_s20261101,64,0.01,20261101,5.5400,1.63936353e-01,1.41312531e+00,1.41312531e-02,5.10538634e+00,2.46755140e+03
n064_nu0p010_s20261101,64,0.01,20261101,5.5600,1.63413211e-01,1.41116979e+00,1.41116979e-02,5.09257547e+00,2.46759651e+03
n064_nu0p010_s20261101,64,0.01,20261101,5.5800,1.62890626e-01,1.40917532e+00,1.40917532e-02,5.07915578e+00,2.46738962e+03
n064_nu0p010_s20261101,64,0.01,20261101,5.6000,1.62368615e-01,1.40714219e+00,1.40714219e-02,5.06514153e+00,2.46693445e+03
n064_nu0p010_s20261101,64,0.01,20261101,5.6200,1.61847192e-01,1.40507071e+00,1.40507071e-02,5.05054733e+00,2.46623486e+03
n064_nu0p010_s20261101,64,0.01,20261101,5.6400,1.61326375e-01,1.40296119e+00,1.40296119e-02,5.03538823e+00,2.46529483e+03
n064_nu0p010_s20261101,64,0.01,20261101,5.6600,1.60806178e-01,1.40081394e+00,1.40081394e-02,5.01967960e+00,2.46411843e+03
n064_nu0p010_s20261101,64,0.01,20261101,5.6800,1.60286617e-01,1.39862928e+00,1.39862928e-02,5.00343719e+00,2.46270983e+03
n064_nu0p010_s20261101,64,0.01,20261101,5.7000,1.59767709e-01,1.39640753e+00,1.39640753e-02,5.00038845e+00,2.46107328e+03
n064_nu0p010_s20261101,64,0.01,20261101,5.7200,1.59249468e-01,1.39414902e+00,1.39414902e-02,5.00843213e+00,2.45921312e+03
n064_nu0p010_s20261101,64,0.01,20261101,5.7400,1.58731910e-01,1.39185409e+00,1.39185409e-02,5.01577049e+00,2.45713372e+03
n064_nu0p010_s20261101,64,0.01,20261101,5.7600,1.58215049e-01,1.38952308e+00,1.38952308e-02,5.02241138e+00,2.45483951e+03
n064_nu0p010_s20261101,64,0.01,20261101,5.7800,1.57698902e-01,1.38715631e+00,1.38715631e-02,5.02836076e+00,2.45233497e+03
n064_nu0p010_s20261101,64,0.01,20261101,5.8000,1.57183482e-01,1.38475415e+00,1.38475415e-02,5.03362262e+00,2.44962459e+03
n064_nu0p010_s20261101,64,0.01,20261101,5.8200,1.56668805e-01,1.38231694e+00,1.38231694e-02,5.03819902e+00,2.44671286e+03
n064_nu0p010_s20261101,64,0.01,20261101,5.8400,1.56154885e-01,1.37984502e+00,1.37984502e-02,5.04209015e+00,2.44360430e+03
n064_nu0p010_s20261101,64,0.01,20261101,5.8600,1.55641737e-01,1.37733876e+00,1.37733876e-02,5.04529437e+00,2.44030340e+03
n064_nu0p010_s20261101,64,0.01,20261101,5.8800,1.55129375e-01,1.37479852e+00,1.37479852e-02,5.04780830e+00,2.43681464e+03
n064_nu0p010_s20261101,64,0.01,20261101,5.9000,1.54617813e-01,1.37222465e+00,1.37222465e-02,5.04962696e+00,2.43314245e+03
n064_nu0p010_s20261101,64,0.01,20261101,5.9200,1.54107066e-01,1.36961752e+00,1.36961752e-02,5.05074385e+00,2.42929126e+03
n064_nu0p010_s20261101,64,0.01,20261101,5.9400,1.53597148e-01,1.36697750e+00,1.36697750e-02,5.05115116e+00,2.42526540e+03
n064_nu0p010_s20261101,64,0.01,20261101,5.9600,1.53088071e-01,1.36430495e+00,1.36430495e-02,5.05083986e+00,2.42106919e+03
n064_nu0p010_s20261101,64,0.01,20261101,5.9800,1.52579850e-01,1.36160024e+00,1.36160024e-02,5.04979994e+00,2.41670685e+03
n064_nu0p010_s20261101,64,0.01,20261101,6.0000,1.52072498e-01,1.35886375e+00,1.35886375e-02,5.04802052e+00,2.41218255e+03
n064_nu0p010_s20261103,64,0.01,20261103,0.0000,2.81612100e-01,9.20833922e-01,9.20833922e-03,2.37632638e+00,2.51885104e+02
n064_nu0p010_s20261103,64,0.01,20261103,0.0200,2.81242794e-01,9.18360811e-01,9.18360811e-03,2.37517015e+00,2.42283979e+02
n064_nu0p010_s20261103,64,0.01,20261103,0.0400,2.80875430e-01,9.16029276e-01,9.16029276e-03,2.37228493e+00,2.33450180e+02
n064_nu0p010_s20261103,64,0.01,20261103,0.0600,2.80509960e-01,9.13835866e-01,9.13835866e-03,2.36671479e+00,2.25316656e+02
n064_nu0p010_s20261103,64,0.01,20261103,0.0800,2.80146332e-01,9.11777170e-01,9.11777170e-03,2.35859622e+00,2.17822212e+02
n064_nu0p010_s20261103,64,0.01,20261103,0.1000,2.79784494e-01,9.09849843e-01,9.09849843e-03,2.34808361e+00,2.10910646e+02
n064_nu0p010_s20261103,64,0.01,20261103,0.1200,2.79424391e-01,9.08050640e-01,9.08050640e-03,2.33534670e+00,2.04530372e+02
n064_nu0p010_s20261103,64,0.01,20261103,0.1400,2.79065971e-01,9.06376458e-01,9.06376458e-03,2.32993060e+00,1.98634366e+02
n064_nu0p010_s20261103,64,0.01,20261103,0.1600,2.78709181e-01,9.04824375e-01,9.04824375e-03,2.32968615e+00,1.93180249e+02
n064_nu0p010_s20261103,64,0.01,20261103,0.1800,2.78353969e-01,9.03391679e-01,9.03391679e-03,2.32702216e+00,1.88130358e+02
n064_nu0p010_s20261103,64,0.01,20261103,0.2000,2.78000282e-01,9.02075884e-01,9.02075884e-03,2.32203014e+00,1.83451698e+02
n064_nu0p010_s20261103,64,0.01,20261103,0.2200,2.77648072e-01,9.00874727e-01,9.00874727e-03,2.31481875e+00,1.79115722e+02
n064_nu0p010_s20261103,64,0.01,20261103,0.2400,2.77297287e-01,8.99786153e-01,8.99786153e-03,2.30551159e+00,1.75097926e+02
n064_nu0p010_s20261103,64,0.01,20261103,0.2600,2.76947879e-01,8.98808283e-01,8.98808283e-03,2.29424485e+00,1.71377324e+02
n064_nu0p010_s20261103,64,0.01,20261103,0.2800,2.76599799e-01,8.97939378e-01,8.97939378e-03,2.28116481e+00,1.67935836e+02
n064_nu0p010_s20261103,64,0.01,20261103,0.3000,2.76252997e-01,8.97177796e-01,8.97177796e-03,2.26807713e+00,1.64757674e+02
n064_nu0p010_s20261103,64,0.01,20261103,0.3200,2.75907426e-01,8.96521953e-01,8.96521953e-03,2.25430878e+00,1.61828772e+02
n064_nu0p010_s20261103,64,0.01,20261103,0.3400,2.75563033e-01,8.95970288e-01,8.95970288e-03,2.24953750e+00,1.59136309e+02
n064_nu0p010_s20261103,64,0.01,20261103,0.3600,2.75219767e-01,8.95521238e-01,8.95521238e-03,2.24259690e+00,1.56668336e+02
n064_nu0p010_s20261103,64,0.01,20261103,0.3800,2.74877578e-01,8.95173221e-01,8.95173221e-03,2.23359397e+00,1.54413532e+02
n064_nu0p010_s20261103,64,0.01,20261103,0.4000,2.74536411e-01,8.94924632e-01,8.94924632e-03,2.22264874e+00,1.52361048e+02
n064_nu0p010_s20261103,64,0.01,20261103,0.4200,2.74196212e-01,8.94773842e-01,8.94773842e-03,2.20989210e+00,1.50500451e+02
n064_nu0p010_s20261103,64,0.01,20261103,0.4400,2.73856926e-01,8.94719209e-01,8.94719209e-03,2.19793001e+00,1.48821719e+02
n064_nu0p010_s20261103,64,0.01,20261103,0.4600,2.73518499e-01,8.94759090e-01,8.94759090e-03,2.18610419e+00,1.47315270e+02
n064_nu0p010_s20261103,64,0.01,20261103,0.4800,2.73180876e-01,8.94891861e-01,8.94891861e-03,2.17281688e+00,1.45972015e+02
n064_nu0p010_s20261103,64,0.01,20261103,0.5000,2.72844001e-01,8.95115931e-01,8.95115931e-03,2.15818374e+00,1.44783401e+02
n064_nu0p010_s20261103,64,0.01,20261103,0.5200,2.72507819e-01,8.95429756e-01,8.95429756e-03,2.14232353e+00,1.43741459e+02
n064_nu0p010_s20261103,64,0.01,20261103,0.5400,2.72172278e-01,8.95831857e-01,8.95831857e-03,2.12535629e+00,1.42838841e+02
n064_nu0p010_s20261103,64,0.01,20261103,0.5600,2.71837324e-01,8.96320823e-01,8.96320823e-03,2.11446721e+00,1.42068852e+02
n064_nu0p010_s20261103,64,0.01,20261103,0.5800,2.71502906e-01,8.96895325e-01,8.96895325e-03,2.10589068e+00,1.41425470e+02
n064_nu0p010_s20261103,64,0.01,20261103,0.6000,2.71168973e-01,8.97554111e-01,8.97554111e-03,2.09670477e+00,1.40903356e+02
n064_nu0p010_s20261103,64,0.01,20261103,0.6200,2.70835476e-01,8.98296012e-01,8.98296012e-03,2.08692805e+00,1.40497849e+02
n064_nu0p010_s20261103,64,0.01,20261103,0.6400,2.70502366e-01,8.99119936e-01,8.99119936e-03,2.07657973e+00,1.40204937e+02
n064_nu0p010_s20261103,64,0.01,20261103,0.6600,2.70169596e-01,9.00024861e-01,9.00024861e-03,2.06567957e+00,1.40021223e+02
n064_nu0p010_s20261103,64,0.01,20261103,0.6800,2.69837121e-01,9.01009832e-01,9.01009832e-03,2.05450626e+00,1.39943860e+02
n064_nu0p010_s20261103,64,0.01,20261103,0.7000,2.69504896e-01,9.02073949e-01,9.02073949e-03,2.04305348e+00,1.39970492e+02
n064_nu0p010_s20261103,64,0.01,20261103,0.7200,2.69172876e-01,9.03216362e-01,9.03216362e-03,2.03191647e+00,1.40099179e+02
n064_nu0p010_s20261103,64,0.01,20261103,0.7400,2.68841019e-01,9.04436257e-01,9.04436257e-03,2.02189899e+00,1.40328332e+02
n064_nu0p010_s20261103,64,0.01,20261103,0.7600,2.68509281e-01,9.05732857e-01,9.05732857e-03,2.01199914e+00,1.40656661e+02
n064_nu0p010_s20261103,64,0.01,20261103,0.7800,2.68177622e-01,9.07105404e-01,9.07105404e-03,2.00154584e+00,1.41083120e+02
n064_nu0p010_s20261103,64,0.01,20261103,0.8000,2.67846000e-01,9.08553159e-01,9.08553159e-03,1.99055551e+00,1.41606877e+02
n064_nu0p010_s20261103,64,0.01,20261103,0.8200,2.67514373e-01,9.10075396e-01,9.10075396e-03,1.97904524e+00,1.42227276e+02
n064_nu0p010_s20261103,64,0.01,20261103,0.8400,2.67182704e-01,9.11671395e-01,9.11671395e-03,1.96703281e+00,1.42943819e+02
n064_nu0p010_s20261103,64,0.01,20261103,0.8600,2.66850950e-01,9.13340439e-01,9.13340439e-03,1.95590512e+00,1.43756142e+02
n064_nu0p010_s20261103,64,0.01,20261103,0.8800,2.66519073e-01,9.15081813e-01,9.15081813e-03,1.94514810e+00,1.44663995e+02
n064_nu0p010_s20261103,64,0.01,20261103,0.9000,2.66187035e-01,9.16894802e-01,9.16894802e-03,1.93393408e+00,1.45667220e+02
n064_nu0p010_s20261103,64,0.01,20261103,0.9200,2.65854796e-01,9.18778690e-01,9.18778690e-03,1.92228041e+00,1.46765739e+02
n064_nu0p010_s20261103,64,0.01,20261103,0.9400,2.65522319e-01,9.20732760e-01,9.20732760e-03,1.91020469e+00,1.47959535e+02
n064_nu0p010_s20261103,64,0.01,20261103,0.9600,2.65189567e-01,9.22756294e-01,9.22756294e-03,1.89772484e+00,1.49248638e+02
n064_nu0p010_s20261103,64,0.01,20261103,0.9800,2.64856502e-01,9.24848578e-01,9.24848578e-03,1.89764181e+00,1.50633116e+02
n064_nu0p010_s20261103,64,0.01,20261103,1.0000,2.64523088e-01,9.27008896e-01,9.27008896e-03,1.90026619e+00,1.52113066e+02
n064_nu0p010_s20261103,64,0.01,20261103,1.0200,2.64189290e-01,9.29236538e-01,9.29236538e-03,1.90226267e+00,1.53688602e+02
n064_nu0p010_s20261103,64,0.01,20261103,1.0400,2.63855071e-01,9.31530799e-01,9.31530799e-03,1.90488600e+00,1.55359844e+02
n064_nu0p010_s20261103,64,0.01,20261103,1.0600,2.63520399e-01,9.33890978e-01,9.33890978e-03,1.90785908e+00,1.57126913e+02
n064_nu0p010_s20261103,64,0.01,20261103,1.0800,2.63185239e-01,9.36316382e-01,9.36316382e-03,1.91024043e+00,1.58989903e+02
n064_nu0p010_s20261103,64,0.01,20261103,1.1000,2.62849558e-01,9.38806325e-01,9.38806325e-03,1.91203580e+00,1.60948873e+02
n064_nu0p010_s20261103,64,0.01,20261103,1.1200,2.62513323e-01,9.41360127e-01,9.41360127e-03,1.91325286e+00,1.63003823e+02
n064_nu0p010_s20261103,64,0.01,20261103,1.1400,2.62176503e-01,9.43977116e-01,9.43977116e-03,1.91390103e+00,1.65154673e+02
n064_nu0p010_s20261103,64,0.01,20261103,1.1600,2.61839068e-01,9.46656628e-01,9.46656628e-03,1.91399136e+00,1.67401256e+02
n064_nu0p010_s20261103,64,0.01,20261103,1.1800,2.61500986e-01,9.49398000e-01,9.49398000e-03,1.91353635e+00,1.69743309e+02
n064_nu0p010_s20261103,64,0.01,20261103,1.2000,2.61162229e-01,9.52200578e-01,9.52200578e-03,1.92604639e+00,1.72180482e+02
n064_nu0p010_s20261103,64,0.01,20261103,1.2200,2.60822768e-01,9.55063707e-01,9.55063707e-03,1.93893204e+00,1.74712363e+02
n064_nu0p010_s20261103,64,0.01,20261103,1.2400,2.60482574e-01,9.57986734e-01,9.57986734e-03,1.95085194e+00,1.77338511e+02
n064_nu0p010_s20261103,64,0.01,20261103,1.2600,2.60141621e-01,9.60969006e-01,9.60969006e-03,1.96180788e+00,1.80058517e+02
n064_nu0p010_s20261103,64,0.01,20261103,1.2800,2.59799882e-01,9.64009863e-01,9.64009863e-03,1.97581785e+00,1.82872068e+02
n064_nu0p010_s20261103,64,0.01,20261103,1.3000,2.59457330e-01,9.67108643e-01,9.67108643e-03,1.98929087e+00,1.85779029e+02
n064_nu0p010_s20261103,64,0.01,20261103,1.3200,2.59113940e-01,9.70264672e-01,9.70264672e-03,2.00195905e+00,1.88779523e+02
n064_nu0p010_s20261103,64,0.01,20261103,1.3400,2.58769688e-01,9.73477268e-01,9.73477268e-03,2.01382237e+00,1.91874023e+02
n064_nu0p010_s20261103,64,0.01,20261103,1.3600,2.58424549e-01,9.76745736e-01,9.76745736e-03,2.02488386e+00,1.95063425e+02
n064_nu0p010_s20261103,64,0.01,20261103,1.3800,2.58078499e-01,9.80069363e-01,9.80069363e-03,2.03514944e+00,1.98349124e+02
n064_nu0p010_s20261103,64,0.01,20261103,1.4000,2.57731517e-01,9.83447421e-01,9.83447421e-03,2.04462773e+00,2.01733070e+02
n064_nu0p010_s20261103,64,0.01,20261103,1.4200,2.57383578e-01,9.86879161e-01,9.86879161e-03,2.05332986e+00,2.05217799e+02
n064_nu0p010_s20261103,64,0.01,20261103,1.4400,2.57034661e-01,9.90363813e-01,9.90363813e-03,2.06131007e+00,2.08806460e+02
n064_nu0p010_s20261103,64,0.01,20261103,1.4600,2.56684746e-01,9.93900584e-01,9.93900584e-03,2.07121867e+00,2.12502798e+02
n064_nu0p010_s20261103,64,0.01,20261103,1.4800,2.56333810e-01,9.97488658e-01,9.97488658e-03,2.08849986e+00,2.16311131e+02
n064_nu0p010_s20261103,64,0.01,20261103,1.5000,2.55981835e-01,1.00112719e+00,1.00112719e-02,2.10497542e+00,2.20236298e+02
n064_nu0p010_s20261103,64,0.01,20261103,1.5200,2.55628800e-01,1.00481532e+00,1.00481532e-02,2.12063641e+00,2.24283583e+02
n064_nu0p010_s20261103,64,0.01,20261103,1.5400,2.55274686e-01,1.00855215e+00,1.00855215e-02,2.13547742e+00,2.28458632e+02
n064_nu0p010_s20261103,64,0.01,20261103,1.5600,2.54919474e-01,1.01233676e+00,1.01233676e-02,2.14949645e+00,2.32767345e+02
n064_nu0p010_s20261103,64,0.01,20261103,1.5800,2.54563148e-01,1.01616821e+00,1.01616821e-02,2.16269476e+00,2.37215768e+02
n064_nu0p010_s20261103,64,0.01,20261103,1.6000,2.54205689e-01,1.02004552e+00,1.02004552e-02,2.17507670e+00,2.41809973e+02
n064_nu0p010_s20261103,64,0.01,20261103,1.6200,2.53847081e-01,1.02396771e+00,1.02396771e-02,2.18664949e+00,2.46555947e+02
n064_nu0p010_s20261103,64,0.01,20261103,1.6400,2.53487307e-01,1.02793376e+00,1.02793376e-02,2.19742303e+00,2.51459477e+02
n064_nu0p010_s20261103,64,0.01,20261103,1.6600,2.53126352e-01,1.03194261e+00,1.03194261e-02,2.20740966e+00,2.56526053e+02
n064_nu0p010_s20261103,64,0.01,20261103,1.6800,2.52764201e-01,1.03599322e+00,1.03599322e-02,2.22333574e+00,2.61760779e+02
n064_nu0p010_s20261103,64,0.01,20261103,1.7000,2.52400840e-01,1.04008450e+00,1.04008450e-02,2.24113128e+00,2.67168306e+02
n064_nu0p010_s20261103,64,0.01,20261103,1.7200,2.52036254e-01,1.04421533e+00,1.04421533e-02,2.25797869e+00,2.72752780e+02
n064_nu0p010_s20261103,64,0.01,20261103,1.7400,2.51670432e-01,1.04838458e+00,1.04838458e-02,2.27387535e+00,2.78517815e+02
n064_nu0p010_s20261103,64,0.01,20261103,1.7600,2.51303360e-01,1.05259112e+00,1.05259112e-02,2.28882298e+00,2.84466484e+02
n064_nu0p010_s20261103,64,0.01,20261103,1.7800,2.50935026e-01,1.05683378e+00,1.05683378e-02,2.30282749e+00,2.90601332e+02
n064_nu0p010_s20261103,64,0.01,20261103,1.8000,2.50565420e-01,1.06111136e+00,1.06111136e-02,2.31944853e+00,2.96924400e+02
n064_nu0p010_s20261103,64,0.01,20261103,1.8200,2.50194530e-01,1.06542267e+00,1.06542267e-02,2.34069748e+00,3.03437276e+02
n064_nu0p010_s20261103,64,0.01,20261103,1.8400,2.49822346e-01,1.06976648e+00,1.06976648e-02,2.36123883e+00,3.10141142e+02
n064_nu0p010_s20261103,64,0.01,20261103,1.8600,2.49448859e-01,1.07414156e+00,1.07414156e-02,2.38106486e+00,3.17036836e+02
n064_nu0p010_s20261103,64,0.01,20261103,1.8800,2.49074061e-01,1.07854665e+00,1.07854665e-02,2.40017102e+00,3.24124910e+02
n064_nu0p010_s20261103,64,0.01,20261103,1.9000,2.48697942e-01,1.08298048e+00,1.08298048e-02,2.41855583e+00,3.31405692e+02
n064_nu0p010_s20261103,64,0.01,20261103,1.9200,2.48320496e-01,1.08744178e+00,1.08744178e-02,2.43622077e+00,3.38879333e+02
n064_nu0p010_s20261103,64,0.01,20261103,1.9400,2.47941714e-01,1.09192924e+00,1.09192924e-02,2.45317010e+00,3.46545848e+02
n064_nu0p010_s20261103,64,0.01,20261103,1.9600,2.47561591e-01,1.09644156e+00,1.09644156e-02,2.46941071e+00,3.54405147e+02
n064_nu0p010_s20261103,64,0.01,20261103,1.9800,2.47180121e-01,1.10097741e+00,1.10097741e-02,2.48495198e+00,3.62457048e+02
n064_nu0p010_s20261103,64,0.01,20261103,2.0000,2.46797297e-01,1.10553546e+00,1.10553546e-02,2.50930288e+00,3.70701282e+02
n064_nu0p010_s20261103,64,0.01,20261103,2.0200,2.46413115e-01,1.11011436e+00,1.11011436e-02,2.53503458e+00,3.79137478e+02
n064_nu0p010_s20261103,64,0.01,20261103,2.0400,2.46027571e-01,1.11471277e+00,1.11471277e-02,2.55994693e+00,3.87765149e+02
n064_nu0p010_s20261103,64,0.01,20261103,2.0600,2.45640660e-01,1.11932931e+00,1.11932931e-02,2.58402375e+00,3.96583656e+02
n064_nu0p010_s20261103,64,0.01,20261103,2.0800,2.45252379e-01,1.12396262e+00,1.12396262e-02,2.60725278e+00,4.05592175e+02
n064_nu0p010_s20261103,64,0.01,20261103,2.1000,2.44862726e-01,1.12861131e+00,1.12861131e-02,2.62962568e+00,4.14789658e+02
n064_nu0p010_s20261103,64,0.01,20261103,2.1200,2.44471696e-01,1.13327401e+00,1.13327401e-02,2.65113793e+00,4.24174795e+02
n064_nu0p010_s20261103,64,0.01,20261103,2.1400,2.44079290e-01,1.13794932e+00,1.13794932e-02,2.67178877e+00,4.33745977e+02
n064_nu0p010_s20261103,64,0.01,20261103,2.1600,2.43685504e-01,1.14263584e+00,1.14263584e-02,2.69158107e+00,4.43501263e+02
n064_nu0p010_s20261103,64,0.01,20261103,2.1800,2.43290337e-01,1.14733219e+00,1.14733219e-02,2.71052120e+00,4.53438358e+02
n064_nu0p010_s20261103,64,0.01,20261103,2.2000,2.42893789e-01,1.15203695e+00,1.15203695e-02,2.72861882e+00,4.63554597e+02
n064_nu0p010_s20261103,64,0.01,20261103,2.2200,2.42495860e-01,1.15674873e+00,1.15674873e-02,2.74588676e+00,4.73846933e+02
n064_nu0p010_s20261103,64,0.01,20261103,2.2400,2.42096549e-01,1.16146612e+00,1.16146612e-02,2.76234071e+00,4.84311943e+02
n064_nu0p010_s20261103,64,0.01,20261103,2.2600,2.41695856e-01,1.16618773e+00,1.16618773e-02,2.77799909e+00,4.94945836e+02
n064_nu0p010_s20261103,64,0.01,20261103,2.2800,2.41293782e-01,1.17091214e+00,1.17091214e-02,2.79288272e+00,5.05744476e+02
n064_nu0p010_s20261103,64,0.01,20261103,2.3000,2.40890329e-01,1.17563797e+00,1.17563797e-02,2.81657120e+00,5.16703407e+02
n064_nu0p010_s20261103,64,0.01,20261103,2.3200,2.40485498e-01,1.18036382e+00,1.18036382e-02,2.84381905e+00,5.27817887e+02
n064_nu0p010_s20261103,64,0.01,20261103,2.3400,2.40079290e-01,1.18508830e+00,1.18508830e-02,2.87050951e+00,5.39082930e+02
n064_nu0p010_s20261103,64,0.01,20261103,2.3600,2.39671707e-01,1.18981003e+00,1.18981003e-02,2.89664121e+00,5.50493348e+02
n064_nu0p010_s20261103,64,0.01,20261103,2.3800,2.39262752e-01,1.19452765e+00,1.19452765e-02,2.92221507e+00,5.62043800e+02
n064_nu0p010_s20261103,64,0.01,20261103,2.4000,2.38852428e-01,1.19923977e+00,1.19923977e-02,2.94723421e+00,5.73728838e+02
n064_nu0p010_s20261103,64,0.01,20261103,2.4200,2.38440737e-01,1.20394505e+00,1.20394505e-02,2.97170385e+00,5.85542957e+02
n064_nu0p010_s20261103,64,0.01,20261103,2.4400,2.38027682e-01,1.20864215e+00,1.20864215e-02,2.99563121e+00,5.97480644e+02
n064_nu0p010_s20261103,64,0.01,20261103,2.4600,2.37613267e-01,1.21332972e+00,1.21332972e-02,3.01902535e+00,6.09536419e+02
n064_nu0p010_s20261103,64,0.01,20261103,2.4800,2.37197496e-01,1.21800644e+00,1.21800644e-02,3.04189710e+00,6.21704884e+02
n064_nu0p010_s20261103,64,0.01,20261103,2.5000,2.36780372e-01,1.22267101e+00,1.22267101e-02,3.06425889e+00,6.33980760e+02
n064_nu0p010_s20261103,64,0.01,20261103,2.5200,2.36361901e-01,1.22732213e+00,1.22732213e-02,3.08612460e+00,6.46358920e+02
n064_nu0p010_s20261103,64,0.01,20261103,2.5400,2.35942086e-01,1.23195852e+00,1.23195852e-02,3.10750943e+00,6.58834426e+02
n064_nu0p010_s20261103,64,0.01,20261103,2.5600,2.35520932e-01,1.23657892e+00,1.23657892e-02,3.12842974e+00,6.71402551e+02
n064_nu0p010_s20261103,64,0.01,20261103,2.5800,2.35098445e-01,1.24118207e+00,1.24118207e-02,3.14890290e+00,6.84058807e+02
n064_nu0p010_s20261103,64,0.01,20261103,2.6000,2.34674630e-01,1.24576675e+00,1.24576675e-02,3.16894713e+00,6.96798957e+02
n064_nu0p010_s20261103,64,0.01,20261103,2.6200,2.34249491e-01,1.25033174e+00,1.25033174e-02,3.18858136e+00,7.09619034e+02
n064_nu0p010_s20261103,64,0.01,20261103,2.6400,2.33823036e-01,1.25487584e+00,1.25487584e-02,3.20782507e+00,7.22515350e+02
n064_nu0p010_s20261103,64,0.01,20261103,2.6600,2.33395269e-01,1.25939788e+00,1.25939788e-02,3.22669813e+00,7.35484501e+02
n064_nu0p010_s20261103,64,0.01,20261103,2.6800,2.32966198e-01,1.26389669e+00,1.26389669e-02,3.24522070e+00,7.48523369e+02
n064_nu0p010_s20261103,64,0.01,20261103,2.7000,2.32535827e-01,1.26837113e+00,1.26837113e-02,3.26341305e+00,7.61629124e+02
n064_nu0p010_s20261103,64,0.01,20261103,2.7200,2.32104166e-01,1.27282010e+00,1.27282010e-02,3.28129544e+00,7.74799221e+02
n064_nu0p010_s20261103,64,0.01,20261103,2.7400,2.31671219e-01,1.27724247e+00,1.27724247e-02,3.30362282e+00,7.88031393e+02
n064_nu0p010_s20261103,64,0.01,20261103,2.7600,2.31236994e-01,1.28163719e+00,1.28163719e-02,3.32961011e+00,8.01323644e+02
n064_nu0p010_s20261103,64,0.01,20261103,2.7800,2.30801499e-01,1.28600319e+00,1.28600319e-02,3.35495163e+00,8.14674239e+02
n064_nu0p010_s20261103,64,0.01,20261103,2.8000,2.30364741e-01,1.29033943e+00,1.29033943e-02,3.37966150e+00,8.28081693e+02
n064_nu0p010_s20261103,64,0.01,20261103,2.8200,2.29926728e-01,1.29464490e+00,1.29464490e-02,3.40375596e+00,8.41544763e+02
n064_nu0p010_s20261103,64,0.01,20261103,2.8400,2.29487467e-01,1.29891861e+00,1.29891861e-02,3.42725320e+00,8.55062428e+02
n064_nu0p010_s20261103,64,0.01,20261103,2.8600,2.29046968e-01,1.30315958e+00,1.30315958e-02,3.45017323e+00,8.68633879e+02
n064_nu0p010_s20261103,64,0.01,20261103,2.8800,2.28605238e-01,1.30736688e+00,1.30736688e-02,3.47253772e+00,8.82258506e+02
n064_nu0p010_s20261103,64,0.01,20261103,2.9000,2.28162285e-01,1.31153957e+00,1.31153957e-02,3.49436983e+00,8.95935878e+02
n064_nu0p010_s20261103,64,0.01,20261103,2.9200,2.27718120e-01,1.31567675e+00,1.31567675e-02,3.51569406e+00,9.09665731e+02
n064_nu0p010_s20261103,64,0.01,20261103,2.9400,2.27272750e-01,1.31977755e+00,1.31977755e-02,3.53653609e+00,9.23447953e+02
n064_nu0p010_s20261103,64,0.01,20261103,2.9600,2.26826184e-01,1.32384111e+00,1.32384111e-02,3.55692261e+00,9.37282564e+02
n064_nu0p010_s20261103,64,0.01,20261103,2.9800,2.26378433e-01,1.32786660e+00,1.32786660e-02,3.57688116e+00,9.51169706e+02
n064_nu0p010_s20261103,64,0.01,20261103,3.0000,2.25929505e-01,1.33185320e+00,1.33185320e-02,3.59643998e+00,9.65109621e+02
n064_nu0p010_s20261103,64,0.01,20261103,3.0200,2.25479411e-01,1.33580015e+00,1.33580015e-02,3.61562784e+00,9.79102642e+02
n064_nu0p010_s20261103,64,0.01,20261103,3.0400,2.25028159e-01,1.33970666e+00,1.33970666e-02,3.63447388e+00,9.93149168e+02
n064_nu0p010_s20261103,64,0.01,20261103,3.0600,2.24575761e-01,1.34357201e+00,1.34357201e-02,3.65300751e+00,1.00724966e+03
n064_nu0p010_s20261103,64,0.01,20261103,3.0800,2.24122226e-01,1.34739549e+00,1.34739549e-02,3.67125820e+00,1.02140461e+03
n064_nu0p010_s20261103,64,0.01,20261103,3.1000,2.23667564e-01,1.35117639e+00,1.35117639e-02,3.68925541e+00,1.03561454e+03
n064_nu0p010_s20261103,64,0.01,20261103,3.1200,2.23211786e-01,1.35491406e+00,1.35491406e-02,3.70702845e+00,1.04987999e+03
n064_nu0p010_s20261103,64,0.01,20261103,3.1400,2.22754902e-01,1.35860784e+00,1.35860784e-02,3.72460633e+00,1.06420148e+03
n064_nu0p010_s20261103,64,0.01,20261103,3.1600,2.22296923e-01,1.36225713e+00,1.36225713e-02,3.74201771e+00,1.07857951e+03
n064_nu0p010_s20261103,64,0.01,20261103,3.1800,2.21837860e-01,1.36586130e+00,1.36586130e-02,3.76499185e+00,1.09301455e+03
n064_nu0p010_s20261103,64,0.01,20261103,3.2000,2.21377723e-01,1.36941980e+00,1.36941980e-02,3.78892504e+00,1.10750702e+03
n064_nu0p010_s20261103,64,0.01,20261103,3.2200,2.20916524e-01,1.37293206e+00,1.37293206e-02,3.81326797e+00,1.12205726e+03
n064_nu0p010_s20261103,64,0.01,20261103,3.2400,2.20454274e-01,1.37639755e+00,1.37639755e-02,3.84500277e+00,1.13666555e+03
n064_nu0p010_s20261103,64,0.01,20261103,3.2600,2.19990983e-01,1.37981577e+00,1.37981577e-02,3.87650576e+00,1.15133206e+03
n064_nu0p010_s20261103,64,0.01,20261103,3.2800,2.19526663e-01,1.38318621e+00,1.38318621e-02,3.90780107e+00,1.16605687e+03
n064_nu0p010_s20261103,64,0.01,20261103,3.3000,2.19061325e-01,1.38650842e+00,1.38650842e-02,3.93891208e+00,1.18083993e+03
n064_nu0p010_s20261103,64,0.01,20261103,3.3200,2.18594980e-01,1.38978193e+00,1.38978193e-02,3.96986137e+00,1.19568106e+03
n064_nu0p010_s20261103,64,0.01,20261103,3.3400,2.18127639e-01,1.39300633e+00,1.39300633e-02,4.00067066e+00,1.21057994e+03
n064_nu0p010_s20261103,64,0.01,20261103,3.3600,2.17659315e-01,1.39618119e+00,1.39618119e-02,4.03136071e+00,1.22553609e+03
n064_nu0p010_s20261103,64,0.01,20261103,3.3800,2.17190017e-01,1.39930613e+00,1.39930613e-02,4.06195132e+00,1.24054887e+03
n064_nu0p010_s20261103,64,0.01,20261103,3.4000,2.16719757e-01,1.40238078e+00,1.40238078e-02,4.09246127e+00,1.25561746e+03
n064_nu0p010_s20261103,64,0.01,20261103,3.4200,2.16248548e-01,1.40540478e+00,1.40540478e-02,4.12290827e+00,1.27074088e+03
n064_nu0p010_s20261103,64,0.01,20261103,3.4400,2.15776399e-01,1.40837779e+00,1.40837779e-02,4.15330894e+00,1.28591793e+03
n064_nu0p010_s20261103,64,0.01,20261103,3.4600,2.15303322e-01,1.41129950e+00,1.41129950e-02,4.18367882e+00,1.30114723e+03
n064_nu0p010_s20261103,64,0.01,20261103,3.4800,2.14829329e-01,1.41416958e+00,1.41416958e-02,4.21403236e+00,1.31642722e+03
n064_nu0p010_s20261103,64,0.01,20261103,3.5000,2.14354431e-01,1.41698777e+00,1.41698777e-02,4.24438289e+00,1.33175610e+03
n064_nu0p010_s20261103,64,0.01,20261103,3.5200,2.13878638e-01,1.41975377e+00,1.41975377e-02,4.27474270e+00,1.34713187e+03
n064_nu0p010_s20261103,64,0.01,20261103,3.5400,2.13401962e-01,1.42246734e+00,1.42246734e-02,4.30512300e+00,1.36255235e+03
n064_nu0p010_s20261103,64,0.01,20261103,3.5600,2.12924415e-01,1.42512823e+00,1.42512823e-02,4.34145337e+00,1.37801512e+03
n064_nu0p010_s20261103,64,0.01,20261103,3.5800,2.12446006e-01,1.42773621e+00,1.42773621e-02,4.38138054e+00,1.39351754e+03
n064_nu0p010_s20261103,64,0.01,20261103,3.6000,2.11966746e-01,1.43029105e+00,1.43029105e-02,4.42095519e+00,1.40905680e+03
n064_nu0p010_s20261103,64,0.01,20261103,3.6200,2.11486648e-01,1.43279256e+00,1.43279256e-02,4.46017680e+00,1.42462985e+03
n064_nu0p010_s20261103,64,0.01,20261103,3.6400,2.11005721e-01,1.43524053e+00,1.43524053e-02,4.49904385e+00,1.44023343e+03
n064_nu0p010_s20261103,64,0.01,20261103,3.6600,2.10523976e-01,1.43763479e+00,1.43763479e-02,4.53755378e+00,1.45586411e+03
n064_nu0p010_s20261103,64,0.01,20261103,3.6800,2.10041424e-01,1.43997517e+00,1.43997517e-02,4.57570298e+00,1.47151823e+03
n064_nu0p010_s20261103,64,0.01,20261103,3.7000,2.09558075e-01,1.44226150e+00,1.44226150e-02,4.61348677e+00,1.48719196e+03
n064_nu0p010_s20261103,64,0.01,20261103,3.7200,2.09073940e-01,1.44449364e+00,1.44449364e-02,4.65089935e+00,1.50288126e+03
n064_nu0p010_s20261103,64,0.01,20261103,3.7400,2.08589029e-01,1.44667145e+00,1.44667145e-02,4.68793389e+00,1.51858194e+03
n064_nu0p010_s20261103,64,0.01,20261103,3.7600,2.08103353e-01,1.44879479e+00,1.44879479e-02,4.72458246e+00,1.53428960e+03
n064_nu0p010_s20261103,64,0.01,20261103,3.7800,2.07616921e-01,1.45086354e+00,1.45086354e-02,4.76083609e+00,1.54999971e+03
n064_nu0p010_s20261103,64,0.01,20261103,3.8000,2.07129743e-01,1.45287760e+00,1.45287760e-02,4.79668482e+00,1.56570754e+03
n064_nu0p010_s20261103,64,0.01,20261103,3.8200,2.06641831e-01,1.45483685e+00,1.45483685e-02,4.83211770e+00,1.58140825e+03
n064_nu0p010_s20261103,64,0.01,20261103,3.8400,2.06153193e-01,1.45674120e+00,1.45674120e-02,4.86712283e+00,1.59709683e+03
n064_nu0p010_s20261103,64,0.01,20261103,3.8600,2.05663840e-01,1.45859057e+00,1.45859057e-02,4.90168747e+00,1.61276814e+03
n064_nu0p010_s20261103,64,0.01,20261103,3.8800,2.05173781e-01,1.46038487e+00,1.46038487e-02,4.93579800e+00,1.62841690e+03
n064_nu0p010_s20261103,64,0.01,20261103,3.9000,2.04683027e-01,1.46212402e+00,1.46212402e-02,4.96944006e+00,1.64403773e+03
n064_nu0p010_s20261103,64,0.01,20261103,3.9200,2.04191586e-01,1.46380796e+00,1.46380796e-02,5.00259858e+00,1.65962514e+03
n064_nu0p010_s20261103,64,0.01,20261103,3.9400,2.03699469e-01,1.46543664e+00,1.46543664e-02,5.03525780e+00,1.67517350e+03
n064_nu0p010_s20261103,64,0.01,20261103,3.9600,2.03206685e-01,1.46700999e+00,1.46700999e-02,5.06740142e+00,1.69067713e+03
n064_nu0p010_s20261103,64,0.01,20261103,3.9800,2.02713245e-01,1.46852798e+00,1.46852798e-02,5.09901257e+00,1.70613024e+03
n064_nu0p010_s20261103,64,0.01,20261103,4.0000,2.02219156e-01,1.46999055e+00,1.46999055e-02,5.13007396e+00,1.72152695e+03
n064_nu0p010_s20261103,64,0.01,20261103,4.0200,2.01724429e-01,1.47139769e+00,1.47139769e-02,5.16070395e+00,1.73686132e+03
n064_nu0p010_s20261103,64,0.01,20261103,4.0400,2.01229074e-01,1.47274935e+00,1.47274935e-02,5.19217177e+00,1.75212735e+03
n064_nu0p010_s20261103,64,0.01,20261103,4.0600,2.00733099e-01,1.47404553e+00,1.47404553e-02,5.22296491e+00,1.76731897e+03
n064_nu0p010_s20261103,64,0.01,20261103,4.0800,2.00236515e-01,1.47528619e+00,1.47528619e-02,5.25305692e+00,1.78243006e+03
n064_nu0p010_s20261103,64,0.01,20261103,4.1000,1.99739330e-01,1.47647134e+00,1.47647134e-02,5.28242096e+00,1.79745448e+03
n064_nu0p010_s20261103,64,0.01,20261103,4.1200,1.99241555e-01,1.47760097e+00,1.47760097e-02,5.31102992e+00,1.81238602e+03
n064_nu0p010_s20261103,64,0.01,20261103,4.1400,1.98743198e-01,1.47867508e+00,1.47867508e-02,5.33885645e+00,1.82721848e+03
n064_nu0p010_s20261103,64,0.01,20261103,4.1600,1.98244270e-01,1.47969368e+00,1.47969368e-02,5.36587310e+00,1.84194560e+03
n064_nu0p010_s20261103,64,0.01,20261103,4.1800,1.97744780e-01,1.48065679e+00,1.48065679e-02,5.39205232e+00,1.85656115e+03
n064_nu0p010_s20261103,64,0.01,20261103,4.2000,1.97244737e-01,1.48156443e+00,1.48156443e-02,5.41736660e+00,1.87105887e+03
n064_nu0p010_s20261103,64,0.01,20261103,4.2200,1.96744151e-01,1.48241662e+00,1.48241662e-02,5.44178850e+00,1.88543250e+03
n064_nu0p010_s20261103,64,0.01,20261103,4.2400,1.96243032e-01,1.48321340e+00,1.48321340e-02,5.46529078e+00,1.89967581e+03
n064_nu0p010_s20261103,64,0.01,20261103,4.2600,1.95741390e-01,1.48395480e+00,1.48395480e-02,5.48784641e+00,1.91378257e+03
n064_nu0p010_s20261103,64,0.01,20261103,4.2800,1.95239235e-01,1.48464088e+00,1.48464088e-02,5.50942872e+00,1.92774661e+03
n064_nu0p010_s20261103,64,0.01,20261103,4.3000,1.94736576e-01,1.48527168e+00,1.48527168e-02,5.53001141e+00,1.94156176e+03
n064_nu0p010_s20261103,64,0.01,20261103,4.3200,1.94233424e-01,1.48584727e+00,1.48584727e-02,5.54956868e+00,1.95522191e+03
n064_nu0p010_s20261103,64,0.01,20261103,4.3400,1.93729790e-01,1.48636772e+00,1.48636772e-02,5.56807528e+00,1.96872102e+03
n064_nu0p010_s20261103,64,0.01,20261103,4.3600,1.93225682e-01,1.48683308e+00,1.48683308e-02,5.58550661e+00,1.98205309e+03
n064_nu0p010_s20261103,64,0.01,20261103,4.3800,1.92721112e-01,1.48724345e+00,1.48724345e-02,5.60931057e+00,1.99521220e+03
n064_nu0p010_s20261103,64,0.01,20261103,4.4000,1.92216090e-01,1.48759892e+00,1.48759892e-02,5.63681241e+00,2.00819251e+03
n064_nu0p010_s20261103,64,0.01,20261103,4.4200,1.91710628e-01,1.48789957e+00,1.48789957e-02,5.66365954e+00,2.02098828e+03
n064_nu0p010_s20261103,64,0.01,20261103,4.4400,1.91204735e-01,1.48814550e+00,1.48814550e-02,5.68979862e+00,2.03359385e+03
n064_nu0p010_s20261103,64,0.01,20261103,4.4600,1.90698423e-01,1.48833684e+00,1.48833684e-02,5.71517575e+00,2.04600368e+03
n064_nu0p010_s20261103,64,0.01,20261103,4.4800,1.90191703e-01,1.48847369e+00,1.48847369e-02,5.73973682e+00,2.05821233e+03
n064_nu0p010_s20261103,64,0.01,20261103,4.5000,1.89684586e-01,1.48855617e+00,1.48855617e-02,5.76342777e+00,2.07021452e+03
n064_nu0p010_s20261103,64,0.01,20261103,4.5200,1.89177084e-01,1.48858443e+00,1.48858443e-02,5.78619490e+00,2.08200507e+03
n064_nu0p010_s20261103,64,0.01,20261103,4.5400,1.88669209e-01,1.48855860e+00,1.48855860e-02,5.80798519e+00,2.09357896e+03
n064_nu0p010_s20261103,64,0.01,20261103,4.5600,1.88160972e-01,1.48847883e+00,1.48847883e-02,5.82874663e+00,2.10493129e+03
n064_nu0p010_s20261103,64,0.01,20261103,4.5800,1.87652385e-01,1.48834527e+00,1.48834527e-02,5.84842847e+00,2.11605737e+03
n064_nu0p010_s20261103,64,0.01,20261103,4.6000,1.87143462e-01,1.48815810e+00,1.48815810e-02,5.86698160e+00,2.12695262e+03
n064_nu0p010_s20261103,64,0.01,20261103,4.6200,1.86634213e-01,1.48791748e+00,1.48791748e-02,5.88435877e+00,2.13761267e+03
n064_nu0p010_s20261103,64,0.01,20261103,4.6400,1.86124652e-01,1.48762359e+00,1.48762359e-02,5.90051494e+00,2.14803331e+03
n064_nu0p010_s20261103,64,0.01,20261103,4.6600,1.85614792e-01,1.48727663e+00,1.48727663e-02,5.91540748e+00,2.15821053e+03
n064_nu0p010_s20261103,64,0.01,20261103,4.6800,1.85104645e-01,1.48687679e+00,1.48687679e-02,5.92899645e+00,2.16814050e+03
n064_nu0p010_s20261103,64,0.01,20261103,4.7000,1.84594226e-01,1.48642427e+00,1.48642427e-02,5.94124482e+00,2.17781959e+03
n064_nu0p010_s20261103,64,0.01,20261103,4.7200,1.84083546e-01,1.48591930e+00,1.48591930e-02,5.95211866e+00,2.18724436e+03
n064_nu0p010_s20261103,64,0.01,20261103,4.7400,1.83572621e-01,1.48536210e+00,1.48536210e-02,5.96158733e+00,2.19641162e+03
n064_nu0p010_s20261103,64,0.01,20261103,4.7600,1.83061463e-01,1.48475289e+00,1.48475289e-02,5.96962359e+00,2.20531834e+03
n064_nu0p010_s20261103,64,0.01,20261103,4.7800,1.82550088e-01,1.48409192e+00,1.48409192e-02,5.97620375e+00,2.21396173e+03
n064_nu0p010_s20261103,64,0.01,20261103,4.8000,1.82038509e-01,1.48337943e+00,1.48337943e-02,5.98929670e+00,2.22233922e+03
n064_nu0p010_s20261103,64,0.01,20261103,4.8200,1.81526741e-01,1.48261568e+00,1.48261568e-02,6.00301262e+00,2.23044847e+03
n064_nu0p010_s20261103,64,0.01,20261103,4.8400,1.81014798e-01,1.48180094e+00,1.48180094e-02,6.01569261e+00,2.23828734e+03
n064_nu0p010_s20261103,64,0.01,20261103,4.8600,1.80502696e-01,1.48093547e+00,1.48093547e-02,6.02731918e+00,2.24585393e+03
n064_nu0p010_s20261103,64,0.01,20261103,4.8800,1.79990449e-01,1.48001956e+00,1.48001956e-02,6.03787574e+00,2.25314658e+03
n064_nu0p010_s20261103,64,0.01,20261103,4.9000,1.79478074e-01,1.47905350e+00,1.47905350e-02,6.04734650e+00,2.26016384e+03
n064_nu0p010_s20261103,64,0.01,20261103,4.9200,1.78965585e-01,1.47803757e+00,1.47803757e-02,6.06207436e+00,2.26690449e+03
n064_nu0p010_s20261103,64,0.01,20261103,4.9400,1.78452998e-01,1.47697209e+00,1.47697209e-02,6.08532087e+00,2.27336756e+03
n064_nu0p010_s20261103,64,0.01,20261103,4.9600,1.77940329e-01,1.47585736e+00,1.47585736e-02,6.10755573e+00,2.27955229e+03
n064_nu0p010_s20261103,64,0.01,20261103,4.9800,1.77427595e-01,1.47469370e+00,1.47469370e-02,6.12874305e+00,2.28545814e+03
n064_nu0p010_s20261103,64,0.01,20261103,5.0000,1.76914810e-01,1.47348144e+00,1.47348144e-02,6.14884904e+00,2.29108482e+03
n064_nu0p010_s20261103,64,0.01,20261103,5.0200,1.76401993e-01,1.47222090e+00,1.47222090e-02,6.16784219e+00,2.29643226e+03
n064_nu0p010_s20261103,64,0.01,20261103,5.0400,1.75889160e-01,1.47091243e+00,1.47091243e-02,6.18569330e+00,2.30150060e+03
n064_nu0p010_s20261103,64,0.01,20261103,5.0600,1.75376327e-01,1.46955637e+00,1.46955637e-02,6.20237559e+00,2.30629020e+03
n064_nu0p010_s20261103,64,0.01,20261103,5.0800,1.74863511e-01,1.46815306e+00,1.46815306e-02,6.21786473e+00,2.31080164e+03
n064_nu0p010_s20261103,64,0.01,20261103,5.1000,1.74350729e-01,1.46670287e+00,1.46670287e-02,6.23213888e+00,2.31503572e+03
n064_nu0p010_s20261103,64,0.01,20261103,5.1200,1.73837999e-01,1.46520615e+00,1.46520615e-02,6.24517870e+00,2.31899345e+03
n064_nu0p010_s20261103,64,0.01,20261103,5.1400,1.73325339e-01,1.46366327e+00,1.46366327e-02,6.25696731e+00,2.32267601e+03
n064_nu0p010_s20261103,64,0.01,20261103,5.1600,1.72812764e-01,1.46207461e+00,1.46207461e-02,6.26749028e+00,2.32608482e+03
n064_nu0p010_s20261103,64,0.01,20261103,5.1800,1.72300293e-01,1.46044053e+00,1.46044053e-02,6.27673554e+00,2.32922147e+03
n064_nu0p010_s20261103,64,0.01,20261103,5.2000,1.71787945e-01,1.45876143e+00,1.45876143e-02,6.28469335e+00,2.33208775e+03
n064_nu0p010_s20261103,64,0.01,20261103,5.2200,1.71275735e-01,1.45703769e+00,1.45703769e-02,6.29135620e+00,2.33468562e+03
n064_nu0p010_s20261103,64,0.01,20261103,5.2400,1.70763683e-01,1.45526969e+00,1.45526969e-02,6.29671871e+00,2.33701721e+03
n064_nu0p010_s20261103,64,0.01,20261103,5.2600,1.70251807e-01,1.45345783e+00,1.45345783e-02,6.30077749e+00,2.33908484e+03
n064_nu0p010_s20261103,64,0.01,20261103,5.2800,1.69740124e-01,1.45160252e+00,1.45160252e-02,6.30353110e+00,2.34089097e+03
n064_nu0p010_s20261103,64,0.01,20261103,5.3000,1.69228652e-01,1.44970414e+00,1.44970414e-02,6.30497984e+00,2.34243823e+03
n064_nu0p010_s20261103,64,0.01,20261103,5.3200,1.68717410e-01,1.44776311e+00,1.44776311e-02,6.30512572e+00,2.34372938e+03
n064_nu0p010_s20261103,64,0.01,20261103,5.3400,1.68206415e-01,1.44577982e+00,1.44577982e-02,6.30397223e+00,2.34476733e+03
n064_nu0p010_s20261103,64,0.01,20261103,5.3600,1.67695687e-01,1.44375470e+00,1.44375470e-02,6.30599549e+00,2.34555511e+03
n064_nu0p010_s20261103,64,0.01,20261103,5.3800,1.67185243e-01,1.44168815e+00,1.44168815e-02,6.30716219e+00,2.34609590e+03
n064_nu0p010_s20261103,64,0.01,20261103,5.4000,1.66675101e-01,1.43958060e+00,1.43958060e-02,6.30721584e+00,2.34639297e+03
n064_nu0p010_s20261103,64,0.01,20261103,5.4200,1.66165280e-01,1.43743245e+00,1.43743245e-02,6.30616453e+00,2.34644970e+03
n064_nu0p010_s20261103,64,0.01,20261103,5.4400,1.65655798e-01,1.43524412e+00,1.43524412e-02,6.30401717e+00,2.34626956e+03
n064_nu0p010_s20261103,64,0.01,20261103,5.4600,1.65146673e-01,1.43301605e+00,1.43301605e-02,6.30078339e+00,2.34585614e+03
n064_nu0p010_s20261103,64,0.01,20261103,5.4800,1.64637923e-01,1.43074865e+00,1.43074865e-02,6.29647347e+00,2.34521309e+03
n064_nu0p010_s20261103,64,0.01,20261103,5.5000,1.64129567e-01,1.42844235e+00,1.42844235e-02,6.29109822e+00,2.34434413e+03
n064_nu0p010_s20261103,64,0.01,20261103,5.5200,1.63621623e-01,1.42609758e+00,1.42609758e-02,6.28466898e+00,2.34325305e+03
n064_nu0p010_s20261103,64,0.01,20261103,5.5400,1.63114109e-01,1.42371476e+00,1.42371476e-02,6.27719751e+00,2.34194371e+03
n064_nu0p010_s20261103,64,0.01,20261103,5.5600,1.62607042e-01,1.42129433e+00,1.42129433e-02,6.26869597e+00,2.34042000e+03
n064_nu0p010_s20261103,64,0.01,20261103,5.5800,1.62100441e-01,1.41883672e+00,1.41883672e-02,6.25917687e+00,2.33868585e+03
n064_nu0p010_s20261103,64,0.01,20261103,5.6000,1.61594324e-01,1.41634236e+00,1.41634236e-02,6.24865308e+00,2.33674524e+03
n064_nu0p010_s20261103,64,0.01,20261103,5.6200,1.61088708e-01,1.41381169e+00,1.41381169e-02,6.23713773e+00,2.33460217e+03
n064_nu0p010_s20261103,64,0.01,20261103,5.6400,1.60583612e-01,1.41124514e+00,1.41124514e-02,6.22464429e+00,2.33226064e+03
n064_nu0p010_s20261103,64,0.01,20261103,5.6600,1.60079052e-01,1.40864315e+00,1.40864315e-02,6.21118649e+00,2.32972467e+03
n064_nu0p010_s20261103,64,0.01,20261103,5.6800,1.59575047e-01,1.40600616e+00,1.40600616e-02,6.19677837e+00,2.32699828e+03
n064_nu0p010_s20261103,64,0.01,20261103,5.7000,1.59071613e-01,1.40333461e+00,1.40333461e-02,6.18143429e+00,2.32408550e+03
n064_nu0p010_s20261103,64,0.01,20261103,5.7200,1.58568768e-01,1.40062894e+00,1.40062894e-02,6.16516888e+00,2.32099033e+03
n064_nu0p010_s20261103,64,0.01,20261103,5.7400,1.58066530e-01,1.39788959e+00,1.39788959e-02,6.14799713e+00,2.31771676e+03
n064_nu0p010_s20261103,64,0.01,20261103,5.7600,1.57564914e-01,1.39511700e+00,1.39511700e-02,6.12993437e+00,2.31426875e+03
n064_nu0p010_s20261103,64,0.01,20261103,5.7800,1.57063939e-01,1.39231161e+00,1.39231161e-02,6.11099628e+00,2.31065025e+03
n064_nu0p010_s20261103,64,0.01,20261103,5.8000,1.56563621e-01,1.38947388e+00,1.38947388e-02,6.09119896e+00,2.30686514e+03
n064_nu0p010_s20261103,64,0.01,20261103,5.8200,1.56063976e-01,1.38660423e+00,1.38660423e-02,6.08669138e+00,2.30291729e+03
n064_nu0p010_s20261103,64,0.01,20261103,5.8400,1.55565021e-01,1.38370313e+00,1.38370313e-02,6.08718316e+00,2.29881052e+03
n064_nu0p010_s20261103,64,0.01,20261103,5.8600,1.55066772e-01,1.38077100e+00,1.38077100e-02,6.08665104e+00,2.29454860e+03
n064_nu0p010_s20261103,64,0.01,20261103,5.8800,1.54569246e-01,1.37780831e+00,1.37780831e-02,6.08510221e+00,2.29013524e+03
n064_nu0p010_s20261103,64,0.01,20261103,5.9000,1.54072458e-01,1.37481549e+00,1.37481549e-02,6.08254440e+00,2.28557410e+03
n064_nu0p010_s20261103,64,0.01,20261103,5.9200,1.53576424e-01,1.37179299e+00,1.37179299e-02,6.07898589e+00,2.28086878e+03
n064_nu0p010_s20261103,64,0.01,20261103,5.9400,1.53081160e-01,1.36874127e+00,1.36874127e-02,6.07443558e+00,2.27602282e+03
n064_nu0p010_s20261103,64,0.01,20261103,5.9600,1.52586682e-01,1.36566075e+00,1.36566075e-02,6.06890291e+00,2.27103969e+03
n064_nu0p010_s20261103,64,0.01,20261103,5.9800,1.52093004e-01,1.36255190e+00,1.36255190e-02,6.06239790e+00,2.26592282e+03
n064_nu0p010_s20261103,64,0.01,20261103,6.0000,1.51600142e-01,1.35941517e+00,1.35941517e-02,6.05493119e+00,2.26067553e+03
n064_nu0p010_s20261105,64,0.01,20261105,0.0000,2.81903928e-01,9.65994328e-01,9.65994328e-03,2.60452976e+00,3.76849092e+02
n064_nu0p010_s20261105,64,0.01,20261105,0.0200,2.81570750e-01,9.63198060e-01,9.63198060e-03,2.61255705e+00,3.62440971e+02
n064_nu0p010_s20261105,64,0.01,20261105,0.0400,2.81239153e-01,9.60566278e-01,9.60566278e-03,2.61865196e+00,3.49215881e+02
n064_nu0p010_s20261105,64,0.01,20261105,0.0600,2.80909020e-01,9.58093025e-01,9.58093025e-03,2.62289378e+00,3.37060721e+02
n064_nu0p010_s20261105,64,0.01,20261105,0.0800,2.80580235e-01,9.55772561e-01,9.55772561e-03,2.62537377e+00,3.25875831e+02
n064_nu0p010_s20261105,64,0.01,20261105,0.1000,2.80252686e-01,9.53599374e-01,9.53599374e-03,2.62619154e+00,3.15573226e+02
n064_nu0p010_s20261105,64,0.01,20261105,0.1200,2.79926259e-01,9.51568205e-01,9.51568205e-03,2.62545149e+00,3.06074891e+02
n064_nu0p010_s20261105,64,0.01,20261105,0.1400,2.79600847e-01,9.49674055e-01,9.49674055e-03,2.63025053e+00,2.97311250e+02
n064_nu0p010_s20261105,64,0.01,20261105,0.1600,2.79276345e-01,9.47912209e-01,9.47912209e-03,2.63457781e+00,2.89219870e+02
n064_nu0p010_s20261105,64,0.01,20261105,0.1800,2.78952651e-01,9.46278241e-01,9.46278241e-03,2.63730893e+00,2.81744462e+02
n064_nu0p010_s20261105,64,0.01,20261105,0.2000,2.78629671e-01,9.44768036e-01,9.44768036e-03,2.63849382e+00,2.74834185e+02
n064_nu0p010_s20261105,64,0.01,20261105,0.2200,2.78307314e-01,9.43377791e-01,9.43377791e-03,2.63818801e+00,2.68443174e+02
n064_nu0p010_s20261105,64,0.01,20261105,0.2400,2.77985494e-01,9.42104027e-01,9.42104027e-03,2.63645105e+00,2.62530228e+02
n064_nu0p010_s20261105,64,0.01,20261105,0.2600,2.77664133e-01,9.40943584e-01,9.40943584e-03,2.63334493e+00,2.57058560e+02
n064_nu0p010_s20261105,64,0.01,20261105,0.2800,2.77343158e-01,9.39893612e-01,9.39893612e-03,2.62893293e+00,2.51995546e+02
n064_nu0p010_s20261105,64,0.01,20261105,0.3000,2.77022501e-01,9.38951563e-01,9.38951563e-03,2.62679101e+00,2.47312420e+02
n064_nu0p010_s20261105,64,0.01,20261105,0.3200,2.76702100e-01,9.38115162e-01,9.38115162e-03,2.62498658e+00,2.42983921e+02
n064_nu0p010_s20261105,64,0.01,20261105,0.3400,2.76381896e-01,9.37382387e-01,9.37382387e-03,2.62188691e+00,2.38987888e+02
n064_nu0p010_s20261105,64,0.01,20261105,0.3600,2.76061838e-01,9.36751434e-01,9.36751434e-03,2.61753196e+00,2.35304859e+02
n064_nu0p010_s20261105,64,0.01,20261105,0.3800,2.75741877e-01,9.36220687e-01,9.36220687e-03,2.61196492e+00,2.31917674e+02
n064_nu0p010_s20261105,64,0.01,20261105,0.4000,2.75421967e-01,9.35788684e-01,9.35788684e-03,2.60523162e+00,2.28811118e+02
n064_nu0p010_s20261105,64,0.01,20261105,0.4200,2.75102066e-01,9.35454082e-01,9.35454082e-03,2.59737988e+00,2.25971614e+02
n064_nu0p010_s20261105,64,0.01,20261105,0.4400,2.74782135e-01,9.35215630e-01,9.35215630e-03,2.58845904e+00,2.23386951e+02
n064_nu0p010_s20261105,64,0.01,20261105,0.4600,2.74462137e-01,9.35072140e-01,9.35072140e-03,2.57851949e+00,2.21046056e+02
n064_nu0p010_s20261105,64,0.01,20261105,0.4800,2.74142034e-01,9.35022458e-01,9.35022458e-03,2.56761223e+00,2.18938797e+02
n064_nu0p010_s20261105,64,0.01,20261105,0.5000,2.73821793e-01,9.35065449e-01,9.35065449e-03,2.55578854e+00,2.17055811e+02
n064_nu0p010_s20261105,64,0.01,20261105,0.5200,2.73501378e-01,9.35199977e-01,9.35199977e-03,2.54568653e+00,2.15388364e+02
n064_nu0p010_s20261105,64,0.01,20261105,0.5400,2.73180757e-01,9.35424889e-01,9.35424889e-03,2.53697438e+00,2.13928239e+02
n064_nu0p010_s20261105,64,0.01,20261105,0.5600,2.72859896e-01,9.35739014e-01,9.35739014e-03,2.52730990e+00,2.12667654e+02
n064_nu0p010_s20261105,64,0.01,20261105,0.5800,2.72538762e-01,9.36141148e-01,9.36141148e-03,2.51673809e+00,2.11599208e+02
n064_nu0p010_s20261105,64,0.01,20261105,0.6000,2.72217322e-01,9.36630060e-01,9.36630060e-03,2.50530373e+00,2.10715850e+02
n064_nu0p010_s20261105,64,0.01,20261105,0.6200,2.71895542e-01,9.37204488e-01,9.37204488e-03,2.49305122e+00,2.10010858e+02
n064_nu0p010_s20261105,64,0.01,20261105,0.6400,2.71573389e-01,9.37863144e-01,9.37863144e-03,2.48002434e+00,2.09477825e+02
n064_nu0p010_s20261105,64,0.01,20261105,0.6600,2.71250830e-01,9.38604719e-01,9.38604719e-03,2.46626612e+00,2.09110654e+02
n064_nu0p010_s20261105,64,0.01,20261105,0.6800,2.70927833e-01,9.39427890e-01,9.39427890e-03,2.45181863e+00,2.08903550e+02
n064_nu0p010_s20261105,64,0.01,20261105,0.7000,2.70604364e-01,9.40331326e-01,9.40331326e-03,2.43672287e+00,2.08851022e+02
n064_nu0p010_s20261105,64,0.01,20261105,0.7200,2.70280390e-01,9.41313695e-01,9.41313695e-03,2.42101861e+00,2.08947885e+02
n064_nu0p010_s20261105,64,0.01,20261105,0.7400,2.69955880e-01,9.42373672e-01,9.42373672e-03,2.40474424e+00,2.09189290e+02
n064_nu0p010_s20261105,64,0.01,20261105,0.7600,2.69630801e-01,9.43509947e-01,9.43509947e-03,2.38793671e+00,2.09570742e+02
n064_nu0p010_s20261105,64,0.01,20261105,0.7800,2.69305123e-01,9.44721226e-01,9.44721226e-03,2.37063142e+00,2.10088138e+02
n064_nu0p010_s20261105,64,0.01,20261105,0.8000,2.68978814e-01,9.46006243e-01,9.46006243e-03,2.35446625e+00,2.10737798e+02
n064_nu0p010_s20261105,64,0.01,20261105,0.8200,2.68651846e-01,9.47363755e-01,9.47363755e-03,2.33927270e+00,2.11516480e+02
n064_nu0p010_s20261105,64,0.01,20261105,0.8400,2.68324188e-01,9.48792551e-01,9.48792551e-03,2.32357110e+00,2.12421384e+02
n064_nu0p010_s20261105,64,0.01,20261105,0.8600,2.67995813e-01,9.50291450e-01,9.50291450e-03,2.30739436e+00,2.13450130e+02
n064_nu0p010_s20261105,64,0.01,20261105,0.8800,2.67666694e-01,9.51859303e-01,9.51859303e-03,2.29077375e+00,2.14600710e+02
n064_nu0p010_s20261105,64,0.01,20261105,0.9000,2.67336803e-01,9.53494989e-01,9.53494989e-03,2.27373897e+00,2.15871433e+02
n064_nu0p010_s20261105,64,0.01,20261105,0.9200,2.67006116e-01,9.55197414e-01,9.55197414e-03,2.25631822e+00,2.17260840e+02
n064_nu0p010_s20261105,64,0.01,20261105,0.9400,2.66674607e-01,9.56965514e-01,9.56965514e-03,2.23853827e+00,2.18767627e+02
n064_nu0p010_s20261105,64,0.01,20261105,0.9600,2.66342253e-01,9.58798245e-01,9.58798245e-03,2.22042456e+00,2.20390561e+02
n064_nu0p010_s20261105,64,0.01,20261105,0.9800,2.66009031e-01,9.60694585e-01,9.60694585e-03,2.20200127e+00,2.22128407e+02
n064_nu0p010_s20261105,64,0.01,20261105,1.0000,2.65674917e-01,9.62653530e-01,9.62653530e-03,2.18329150e+00,2.23979869e+02
n064_nu0p010_s20261105,64,0.01,20261105,1.0200,2.65339892e-01,9.64674093e-01,9.64674093e-03,2.16431735e+00,2.25943546e+02
n064_nu0p010_s20261105,64,0.01,20261105,1.0400,2.65003932e-01,9.66755297e-01,9.66755297e-03,2.14704706e+00,2.28017908e+02
n064_nu0p010_s20261105,64,0.01,20261105,1.0600,2.64667019e-01,9.68896178e-01,9.68896178e-03,2.13037327e+00,2.30201296e+02
n064_nu0p010_s20261105,64,0.01,20261105,1.0800,2.64329133e-01,9.71095778e-01,9.71095778e-03,2.12687352e+00,2.32491938e+02
n064_nu0p010_s20261105,64,0.01,20261105,1.1000,2.63990253e-01,9.73353147e-01,9.73353147e-03,2.14319061e+00,2.34887985e+02
n064_nu0p010_s20261105,64,0.01,20261105,1.1200,2.63650363e-01,9.75667338e-01,9.75667338e-03,2.15924113e+00,2.37387568e+02
n064_nu0p010_s20261105,64,0.01,20261105,1.1400,2.63309443e-01,9.78037407e-01,9.78037407e-03,2.17502494e+00,2.39988859e+02
n064_nu0p010_s20261105,64,0.01,20261105,1.1600,2.62967476e-01,9.80462410e-01,9.80462410e-03,2.19054176e+00,2.42690146e+02
n064_nu0p010_s20261105,64,0.01,20261105,1.1800,2.62624445e-01,9.82941403e-01,9.82941403e-03,2.20579125e+00,2.45489908e+02
n064_nu0p010_s20261105,64,0.01,20261105,1.2000,2.62280333e-01,9.85473440e-01,9.85473440e-03,2.22077303e+00,2.48386883e+02
n064_nu0p010_s20261105,64,0.01,20261105,1.2200,2.61935124e-01,9.88057573e-01,9.88057573e-03,2.23548675e+00,2.51380129e+02
n064_nu0p010_s20261105,64,0.01,20261105,1.2400,2.61588801e-01,9.90692849e-01,9.90692849e-03,2.24993208e+00,2.54469072e+02
n064_nu0p010_s20261105,64,0.01,20261105,1.2600,2.61241349e-01,9.93378311e-01,9.93378311e-03,2.26410876e+00,2.57653540e+02
n064_nu0p010_s20261105,64,0.01,20261105,1.2800,2.60892753e-01,9.96112997e-01,9.96112997e-03,2.27801659e+00,2.60933774e+02
n064_nu0p010_s20261105,64,0.01,20261105,1.3000,2.60542997e-01,9.98895938e-01,9.98895938e-03,2.29165548e+00,2.64310430e+02
n064_nu0p010_s20261105,64,0.01,20261105,1.3200,2.60192066e-01,1.00172616e+00,1.00172616e-02,2.30502539e+00,2.67784566e+02
n064_nu0p010_s20261105,64,0.01,20261105,1.3400,2.59839947e-01,1.00460267e+00,1.00460267e-02,2.31812636e+00,2.71357618e+02
n064_nu0p010_s20261105,64,0.01,20261105,1.3600,2.59486625e-01,1.00752449e+00,1.00752449e-02,2.33095851e+00,2.75031370e+02
n064_nu0p010_s20261105,64,0.01,20261105,1.3800,2.59132085e-01,1.01049061e+00,1.01049061e-02,2.34352202e+00,2.78807922e+02
n064_nu0p010_s20261105,64,0.01,20261105,1.4000,2.58776315e-01,1.01350002e+00,1.01350002e-02,2.35581712e+00,2.82689651e+02
n064_nu0p010_s20261105,64,0.01,20261105,1.4200,2.58419300e-01,1.01655170e+00,1.01655170e-02,2.36784412e+00,2.86679182e+02
n064_nu0p010_s20261105,64,0.01,20261105,1.4400,2.58061028e-01,1.01964463e+00,1.01964463e-02,2.37960340e+00,2.90779344e+02
n064_nu0p010_s20261105,64,0.01,20261105,1.4600,2.57701486e-01,1.02277775e+00,1.02277775e-02,2.39109539e+00,2.94993143e+02
n064_nu0p010_s20261105,64,0.01,20261105,1.4800,2.57340662e-01,1.02595003e+00,1.02595003e-02,2.40232066e+00,2.99323714e+02
n064_nu0p010_s20261105,64,0.01,20261105,1.5000,2.56978542e-01,1.02916039e+00,1.02916039e-02,2.41327987e+00,3.03774281e+02
n064_nu0p010_s20261105,64,0.01,20261105,1.5200,2.56615114e-01,1.03240777e+00,1.03240777e-02,2.42397387e+00,3.08348098e+02
n064_nu0p010_s20261105,64,0.01,20261105,1.5400,2.56250368e-01,1.03569107e+00,1.03569107e-02,2.43440369e+00,3.13048394e+02
n064_nu0p010_s20261105,64,0.01,20261105,1.5600,2.55884292e-01,1.03900921e+00,1.03900921e-02,2.44877102e+00,3.17878293e+02
n064_nu0p010_s20261105,64,0.01,20261105,1.5800,2.55516874e-01,1.04236109e+00,1.04236109e-02,2.46712732e+00,3.22840740e+02
n064_nu0p010_s20261105,64,0.01,20261105,1.6000,2.55148104e-01,1.04574559e+00,1.04574559e-02,2.48526604e+00,3.27938403e+02
n064_nu0p010_s20261105,64,0.01,20261105,1.6200,2.54777971e-01,1.04916160e+00,1.04916160e-02,2.50318460e+00,3.33173582e+02
n064_nu0p010_s20261105,64,0.01,20261105,1.6400,2.54406466e-01,1.05260798e+00,1.05260798e-02,2.52088056e+00,3.38548113e+02
n064_nu0p010_s20261105,64,0.01,20261105,1.6600,2.54033579e-01,1.05608360e+00,1.05608360e-02,2.53835165e+00,3.44063271e+02
n064_nu0p010_s20261105,64,0.01,20261105,1.6800,2.53659300e-01,1.05958733e+00,1.05958733e-02,2.55559569e+00,3.49719684e+02
n064_nu0p010_s20261105,64,0.01,20261105,1.7000,2.53283623e-01,1.06311803e+00,1.06311803e-02,2.57261055e+00,3.55517262e+02
n064_nu0p010_s20261105,64,0.01,20261105,1.7200,2.52906537e-01,1.06667455e+00,1.06667455e-02,2.58939417e+00,3.61455141e+02
n064_nu0p010_s20261105,64,0.01,20261105,1.7400,2.52528037e-01,1.07025577e+00,1.07025577e-02,2.60594447e+00,3.67531647e+02
n064_nu0p010_s20261105,64,0.01,20261105,1.7600,2.52148114e-01,1.07386053e+00,1.07386053e-02,2.62225937e+00,3.73744290e+02
n064_nu0p010_s20261105,64,0.01,20261105,1.7800,2.51766762e-01,1.07748770e+00,1.07748770e-02,2.63833675e+00,3.80089776e+02
n064_nu0p010_s20261105,64,0.01,20261105,1.8000,2.51383976e-01,1.08113616e+00,1.08113616e-02,2.65417443e+00,3.86564057e+02
n064_nu0p010_s20261105,64,0.01,20261105,1.8200,2.50999750e-01,1.08480477e+00,1.08480477e-02,2.66977022e+00,3.93162392e+02
n064_nu0p010_s20261105,64,0.01,20261105,1.8400,2.50614080e-01,1.08849244e+00,1.08849244e-02,2.68512186e+00,3.99879448e+02
n064_nu0p010_s20261105,64,0.01,20261105,1.8600,2.50226962e-01,1.09219806e+00,1.09219806e-02,2.70022710e+00,4.06709410e+02
n064_nu0p010_s20261105,64,0.01,20261105,1.8800,2.49838392e-01,1.09592053e+00,1.09592053e-02,2.71508369e+00,4.13646111e+02
n064_nu0p010_s20261105,64,0.01,20261105,1.9000,2.49448367e-01,1.09965877e+00,1.09965877e-02,2.72968946e+00,4.20683180e+02
n064_nu0p010_s20261105,64,0.01,20261105,1.9200,2.49056886e-01,1.10341173e+00,1.10341173e-02,2.74404229e+00,4.27814183e+02
n064_nu0p010_s20261105,64,0.01,20261105,1.9400,2.48663947e-01,1.10717834e+00,1.10717834e-02,2.75814024e+00,4.35032781e+02
n064_nu0p010_s20261105,64,0.01,20261105,1.9600,2.48269549e-01,1.11095758e+00,1.11095758e-02,2.77198155e+00,4.42332876e+02
n064_nu0p010_s20261105,64,0.01,20261105,1.9800,2.47873693e-01,1.11474843e+00,1.11474843e-02,2.78556470e+00,4.49708749e+02
n064_nu0p010_s20261105,64,0.01,20261105,2.0000,2.47476378e-01,1.11854987e+00,1.11854987e-02,2.79888850e+00,4.57155190e+02
n064_nu0p010_s20261105,64,0.01,20261105,2.0200,2.47077605e-01,1.12236092e+00,1.12236092e-02,2.81195210e+00,4.64667607e+02
n064_nu0p010_s20261105,64,0.01,20261105,2.0400,2.46677377e-01,1.12618059e+00,1.12618059e-02,2.82475507e+00,4.72242121e+02
n064_nu0p010_s20261105,64,0.01,20261105,2.0600,2.46275695e-01,1.13000793e+00,1.13000793e-02,2.83729743e+00,4.79875635e+02
n064_nu0p010_s20261105,64,0.01,20261105,2.0800,2.45872563e-01,1.13384198e+00,1.13384198e-02,2.84957968e+00,4.87565890e+02
n064_nu0p010_s20261105,64,0.01,20261105,2.1000,2.45467982e-01,1.13768180e+00,1.13768180e-02,2.86160286e+00,4.95311489e+02
n064_nu0p010_s20261105,64,0.01,20261105,2.1200,2.45061958e-01,1.14152646e+00,1.14152646e-02,2.87336854e+00,5.03111907e+02
n064_nu0p010_s20261105,64,0.01,20261105,2.1400,2.44654494e-01,1.14537504e+00,1.14537504e-02,2.88487883e+00,5.10967476e+02
n064_nu0p010_s20261105,64,0.01,20261105,2.1600,2.44245594e-01,1.14922661e+00,1.14922661e-02,2.89613640e+00,5.18879356e+02
n064_nu0p010_s20261105,64,0.01,20261105,2.1800,2.43835265e-01,1.15308028e+00,1.15308028e-02,2.90714445e+00,5.26849483e+02
n064_nu0p010_s20261105,64,0.01,20261105,2.2000,2.43423511e-01,1.15693512e+00,1.15693512e-02,2.91790669e+00,5.34880509e+02
n064_nu0p010_s20261105,64,0.01,20261105,2.2200,2.43010337e-01,1.16079025e+00,1.16079025e-02,2.93336476e+00,5.42975726e+02
n064_nu0p010_s20261105,64,0.01,20261105,2.2400,2.42595751e-01,1.16464474e+00,1.16464474e-02,2.94939528e+00,5.51138982e+02
n064_nu0p010_s20261105,64,0.01,20261105,2.2600,2.42179759e-01,1.16849771e+00,1.16849771e-02,2.96524953e+00,5.59374590e+02
n064_nu0p010_s20261105,64,0.01,20261105,2.2800,2.41762367e-01,1.17234825e+00,1.17234825e-02,2.98092525e+00,5.67687234e+02
n064_nu0p010_s20261105,64,0.01,20261105,2.3000,2.41343582e-01,1.17619545e+00,1.17619545e-02,2.99642050e+00,5.76081872e+02
n064_nu0p010_s20261105,64,0.01,20261105,2.3200,2.40923412e-01,1.18003839e+00,1.18003839e-02,3.01173363e+00,5.84563642e+02
n064_nu0p010_s20261105,64,0.01,20261105,2.3400,2.40501864e-01,1.18387618e+00,1.18387618e-02,3.02686325e+00,5.93137767e+02
n064_nu0p010_s20261105,64,0.01,20261105,2.3600,2.40078946e-01,1.18770789e+00,1.18770789e-02,3.04180816e+00,6.01809469e+02
n064_nu0p010_s20261105,64,0.01,20261105,2.3800,2.39654665e-01,1.19153260e+00,1.19153260e-02,3.05656735e+00,6.10583883e+02
n064_nu0p010_s20261105,64,0.01,20261105,2.4000,2.39229030e-01,1.19534938e+00,1.19534938e-02,3.07113993e+00,6.19465985e+02
n064_nu0p010_s20261105,64,0.01,20261105,2.4200,2.38802050e-01,1.19915731e+00,1.19915731e-02,3.08552508e+00,6.28460520e+02
n064_nu0p010_s20261105,64,0.01,20261105,2.4400,2.38373731e-01,1.20295546e+00,1.20295546e-02,3.09972202e+00,6.37571946e+02
n064_nu0p010_s20261105,64,0.01,20261105,2.4600,2.37944083e-01,1.20674289e+00,1.20674289e-02,3.11372998e+00,6.46804382e+02
n064_nu0p010_s20261105,64,0.01,20261105,2.4800,2.37513116e-01,1.21051866e+00,1.21051866e-02,3.12754811e+00,6.56161566e+02
n064_nu0p010_s20261105,64,0.01,20261105,2.5000,2.37080836e-01,1.21428184e+00,1.21428184e-02,3.14117552e+00,6.65646824e+02
n064_nu0p010_s20261105,64,0.01,20261105,2.5200,2.36647254e-01,1.21803148e+00,1.21803148e-02,3.15461118e+00,6.75263044e+02
n064_nu0p010_s20261105,64,0.01,20261105,2.5400,2.36212379e-01,1.22176665e+00,1.22176665e-02,3.16785396e+00,6.85012661e+02
n064_nu0p010_s20261105,64,0.01,20261105,2.5600,2.35776220e-01,1.22548640e+00,1.22548640e-02,3.18090255e+00,6.94897650e+02
n064_nu0p010_s20261105,64,0.01,20261105,2.5800,2.35338785e-01,1.22918980e+00,1.22918980e-02,3.19375549e+00,7.04919523e+02
n064_nu0p010_s20261105,64,0.01,20261105,2.6000,2.34900086e-01,1.23287592e+00,1.23287592e-02,3.20641117e+00,7.15079334e+02
n064_nu0p010_s20261105,64,0.01,20261105,2.6200,2.34460130e-01,1.23654383e+00,1.23654383e-02,3.21886778e+00,7.25377695e+02
n064_nu0p010_s20261105,64,0.01,20261105,2.6400,2.34018928e-01,1.24019261e+00,1.24019261e-02,3.23112336e+00,7.35814784e+02
n064_nu0p010_s20261105,64,0.01,20261105,2.6600,2.33576490e-01,1.24382133e+00,1.24382133e-02,3.24317581e+00,7.46390374e+02
n064_nu0p010_s20261105,64,0.01,20261105,2.6800,2.33132826e-01,1.24742911e+00,1.24742911e-02,3.25502285e+00,7.57103848e+02
n064_nu0p010_s20261105,64,0.01,20261105,2.7000,2.32687945e-01,1.25101502e+00,1.25101502e-02,3.26666210e+00,7.67954234e+02
n064_nu0p010_s20261105,64,0.01,20261105,2.7200,2.32241857e-01,1.25457819e+00,1.25457819e-02,3.27809106e+00,7.78940225e+02
n064_nu0p010_s20261105,64,0.01,20261105,2.7400,2.31794573e-01,1.25811774e+00,1.25811774e-02,3.28930716e+00,7.90060215e+02
n064_nu0p010_s20261105,64,0.01,20261105,2.7600,2.31346103e-01,1.26163279e+00,1.26163279e-02,3.30030773e+00,8.01312327e+02
n064_nu0p010_s20261105,64,0.01,20261105,2.7800,2.30896458e-01,1.26512251e+00,1.26512251e-02,3.31183191e+00,8.12694443e+02
n064_nu0p010_s20261105,64,0.01,20261105,2.8000,2.30445647e-01,1.26858603e+00,1.26858603e-02,3.32329988e+00,8.24204239e+02
n064_nu0p010_s20261105,64,0.01,20261105,2.8200,2.29993681e-01,1.27202254e+00,1.27202254e-02,3.33455525e+00,8.35839209e+02
n064_nu0p010_s20261105,64,0.01,20261105,2.8400,2.29540572e-01,1.27543122e+00,1.27543122e-02,3.34559479e+00,8.47596698e+02
n064_nu0p010_s20261105,64,0.01,20261105,2.8600,2.29086329e-01,1.27881128e+00,1.27881128e-02,3.35641537e+00,8.59473929e+02
n064_nu0p010_s20261105,64,0.01,20261105,2.8800,2.28630963e-01,1.28216193e+00,1.28216193e-02,3.36701395e+00,8.71468029e+02
n064_nu0p010_s20261105,64,0.01,20261105,2.9000,2.28174486e-01,1.28548240e+00,1.28548240e-02,3.37738761e+00,8.83576053e+02
n064_nu0p010_s20261105,64,0.01,20261105,2.9200,2.27716908e-01,1.28877194e+00,1.28877194e-02,3.38753354e+00,8.95795006e+02
n064_nu0p010_s20261105,64,0.01,20261105,2.9400,2.27258241e-01,1.29202983e+00,1.29202983e-02,3.39744907e+00,9.08121863e+02
n064_nu0p010_s20261105,64,0.01,20261105,2.9600,2.26798495e-01,1.29525534e+00,1.29525534e-02,3.40713164e+00,9.20553587e+02
n064_nu0p010_s20261105,64,0.01,20261105,2.9800,2.26337682e-01,1.29844778e+00,1.29844778e-02,3.41657884e+00,9.33087145e+02
n064_nu0p010_s20261105,64,0.01,20261105,3.0000,2.25875812e-01,1.30160645e+00,1.30160645e-02,3.42578834e+00,9.45719519e+02
n064_nu0p010_s20261105,64,0.01,20261105,3.0200,2.25412898e-01,1.30473071e+00,1.30473071e-02,3.43475794e+00,9.58447719e+02
n064_nu0p010_s20261105,64,0.01,20261105,3.0400,2.24948951e-01,1.30781990e+00,1.30781990e-02,3.44348552e+00,9.71268791e+02
n064_nu0p010_s20261105,64,0.01,20261105,3.0600,2.24483982e-01,1.31087340e+00,1.31087340e-02,3.45196904e+00,9.84179822e+02
n064_nu0p010_s20261105,64,0.01,20261105,3.0800,2.24018004e-01,1.31389058e+00,1.31389058e-02,3.46020652e+00,9.97177947e+02
n064_nu0p010_s20261105,64,0.01,20261105,3.1000,2.23551027e-01,1.31687088e+00,1.31687088e-02,3.46819601e+00,1.01026035e+03
n064_nu0p010_s20261105,64,0.01,20261105,3.1200,2.23083063e-01,1.31981370e+00,1.31981370e-02,3.47593558e+00,1.02342426e+03
n064_nu0p010_s20261105,64,0.01,20261105,3.1400,2.22614125e-01,1.32271849e+00,1.32271849e-02,3.48342330e+00,1.03666696e+03
n064_nu0p010_s20261105,64,0.01,20261105,3.1600,2.22144225e-01,1.32558472e+00,1.32558472e-02,3.49065718e+00,1.04998577e+03
n064_nu0p010_s20261105,64,0.01,20261105,3.1800,2.21673374e-01,1.32841187e+00,1.32841187e-02,3.49763519e+00,1.06337808e+03
n064_nu0p010_s20261105,64,0.01,20261105,3.2000,2.21201584e-01,1.33119943e+00,1.33119943e-02,3.50435520e+00,1.07684127e+03
n064_nu0p010_s20261105,64,0.01,20261105,3.2200,2.20728869e-01,1.33394692e+00,1.33394692e-02,3.52026101e+00,1.09037280e+03
n064_nu0p010_s20261105,64,0.01,20261105,3.2400,2.20255240e-01,1.33665388e+00,1.33665388e-02,3.54063086e+00,1.10397012e+03
n064_nu0p010_s20261105,64,0.01,20261105,3.2600,2.19780709e-01,1.33931985e+00,1.33931985e-02,3.56235621e+00,1.11763073e+03
n064_nu0p010_s20261105,64,0.01,20261105,3.2800,2.19305290e-01,1.34194442e+00,1.34194442e-02,3.58444077e+00,1.13135212e+03
n064_nu0p010_s20261105,64,0.01,20261105,3.3000,2.18828994e-01,1.34452715e+00,1.34452715e-02,3.60657175e+00,1.14513178e+03
n064_nu0p010_s20261105,64,0.01,20261105,3.3200,2.18351835e-01,1.34706766e+00,1.34706766e-02,3.62874754e+00,1.15896722e+03
n064_nu0p010_s20261105,64,0.01,20261105,3.3400,2.17873825e-01,1.34956557e+00,1.34956557e-02,3.65096636e+00,1.17285591e+03
n064_nu0p010_s20261105,64,0.01,20261105,3.3600,2.17394977e-01,1.35202051e+00,1.35202051e-02,3.67322619e+00,1.18679533e+03
n064_nu0p010_s20261105,64,0.01,20261105,3.3800,2.16915304e-01,1.35443214e+00,1.35443214e-02,3.69552479e+00,1.20078292e+03
n064_nu0p010_s20261105,64,0.01,20261105,3.4000,2.16434819e-01,1.35680012e+00,1.35680012e-02,3.71785966e+00,1.21481608e+03
n064_nu0p010_s20261105,64,0.01,20261105,3.4200,2.15953535e-01,1.35912413e+00,1.35912413e-02,3.74022806e+00,1.22889217e+03
n064_nu0p010_s20261105,64,0.01,20261105,3.4400,2.15471465e-01,1.36140389e+00,1.36140389e-02,3.76262701e+00,1.24300852e+03
n064_nu0p010_s20261105,64,0.01,20261105,3.4600,2.14988623e-01,1.36363910e+00,1.36363910e-02,3.78505320e+00,1.25716239e+03
n064_nu0p010_s20261105,64,0.01,20261105,3.4800,2.14505022e-01,1.36582948e+00,1.36582948e-02,3.80750310e+00,1.27135098e+03
n064_nu0p010_s20261105,64,0.01,20261105,3.5000,2.14020675e-01,1.36797479e+00,1.36797479e-02,3.82997282e+00,1.28557143e+03
n064_nu0p010_s20261105,64,0.01,20261105,3.5200,2.13535595e-01,1.37007479e+00,1.37007479e-02,3.85245822e+00,1.29982081e+03
n064_nu0p010_s20261105,64,0.01,20261105,3.5400,2.13049797e-01,1.37212923e+00,1.37212923e-02,3.87495481e+00,1.31409612e+03
n064_nu0p010_s20261105,64,0.01,20261105,3.5600,2.12563293e-01,1.37413792e+00,1.37413792e-02,3.89745781e+00,1.32839427e+03
n064_nu0p010_s20261105,64,0.01,20261105,3.5800,2.12076097e-01,1.37610064e+00,1.37610064e-02,3.91996211e+00,1.34271209e+03
n064_nu0p010_s20261105,64,0.01,20261105,3.6000,2.11588224e-01,1.37801720e+00,1.37801720e-02,3.94246225e+00,1.35704633e+03
n064_nu0p010_s20261105,64,0.01,20261105,3.6200,2.11099686e-01,1.37988743e+00,1.37988743e-02,3.96495249e+00,1.37139364e+03
n064_nu0p010_s20261105,64,0.01,20261105,3.6400,2.10610498e-01,1.38171117e+00,1.38171117e-02,3.98742672e+00,1.38575059e+03
n064_nu0p010_s20261105,64,0.01,20261105,3.6600,2.10120672e-01,1.38348825e+00,1.38348825e-02,4.00987855e+00,1.40011366e+03
n064_nu0p010_s20261105,64,0.01,20261105,3.6800,2.09630224e-01,1.38521854e+00,1.38521854e-02,4.03230124e+00,1.41447922e+03
n064_nu0p010_s20261105,64,0.01,20261105,3.7000,2.09139166e-01,1.38690190e+00,1.38690190e-02,4.05468777e+00,1.42884355e+03
n064_nu0p010_s20261105,64,0.01,20261105,3.7200,2.08647513e-01,1.38853821e+00,1.38853821e-02,4.07703082e+00,1.44320284e+03
n064_nu0p010_s20261105,64,0.01,20261105,3.7400,2.08155279e-01,1.39012738e+00,1.39012738e-02,4.09932279e+00,1.45755319e+03
n064_nu0p010_s20261105,64,0.01,20261105,3.7600,2.07662477e-01,1.39166928e+00,1.39166928e-02,4.12155580e+00,1.47189059e+03
n064_nu0p010_s20261105,64,0.01,20261105,3.7800,2.07169121e-01,1.39316384e+00,1.39316384e-02,4.14372175e+00,1.48621094e+03
n064_nu0p010_s20261105,64,0.01,20261105,3.8000,2.06675226e-01,1.39461098e+00,1.39461098e-02,4.16581229e+00,1.50051008e+03
n064_nu0p010_s20261105,64,0.01,20261105,3.8200,2.06180805e-01,1.39601062e+00,1.39601062e-02,4.18913313e+00,1.51478371e+03
n064_nu0p010_s20261105,64,0.01,20261105,3.8400,2.05685871e-01,1.39736271e+00,1.39736271e-02,4.21411926e+00,1.52902748e+03
n064_nu0p010_s20261105,64,0.01,20261105,3.8600,2.05190440e-01,1.39866718e+00,1.39866718e-02,4.23907819e+00,1.54323696e+03
n064_nu0p010_s20261105,64,0.01,20261105,3.8800,2.04694524e-01,1.39992401e+00,1.39992401e-02,4.26399754e+00,1.55740763e+03
n064_nu0p010_s20261105,64,0.01,20261105,3.9000,2.04198138e-01,1.40113315e+00,1.40113315e-02,4.28886445e+00,1.57153490e+03
n064_nu0p010_s20261105,64,0.01,20261105,3.9200,2.03701296e-01,1.40229457e+00,1.40229457e-02,4.31366555e+00,1.58561413e+03
n064_nu0p010_s20261105,64,0.01,20261105,3.9400,2.03204010e-01,1.40340826e+00,1.40340826e-02,4.33838709e+00,1.59964059e+03
n064_nu0p010_s20261105,64,0.01,20261105,3.9600,2.02706296e-01,1.40447421e+00,1.40447421e-02,4.36301490e+00,1.61360952e+03
n064_nu0p010_s20261105,64,0.01,20261105,3.9800,2.02208167e-01,1.40549241e+00,1.40549241e-02,4.38753447e+00,1.62751611e+03
n064_nu0p010_s20261105,64,0.01,20261105,4.0000,2.01709637e-01,1.40646287e+00,1.40646287e-02,4.41193098e+00,1.64135550e+03
n064_nu0p010_s20261105,64,0.01,20261105,4.0200,2.01210719e-01,1.40738560e+00,1.40738560e-02,4.43618935e+00,1.65512280e+03
n064_nu0p010_s20261105,64,0.01,20261105,4.0400,2.00711428e-01,1.40826062e+00,1.40826062e-02,4.46029427e+00,1.66881310e+03
n064_nu0p010_s20261105,64,0.01,20261105,4.0600,2.00211776e-01,1.40908796e+00,1.40908796e-02,4.48423030e+00,1.68242146e+03
n064_nu0p010_s20261105,64,0.01,20261105,4.0800,1.99711777e-01,1.40986765e+00,1.40986765e-02,4.50798185e+00,1.69594295e+03
n064_nu0p010_s20261105,64,0.01,20261105,4.1000,1.99211446e-01,1.41059972e+00,1.41059972e-02,4.53153329e+00,1.70937261e+03
n064_nu0p010_s20261105,64,0.01,20261105,4.1200,1.98710795e-01,1.41128423e+00,1.41128423e-02,4.55486895e+00,1.72270551e+03
n064_nu0p010_s20261105,64,0.01,20261105,4.1400,1.98209839e-01,1.41192123e+00,1.41192123e-02,4.57797323e+00,1.73593672e+03
n064_nu0p010_s20261105,64,0.01,20261105,4.1600,1.97708590e-01,1.41251078e+00,1.41251078e-02,4.60083058e+00,1.74906133e+03
n064_nu0p010_s20261105,64,0.01,20261105,4.1800,1.97207062e-01,1.41305294e+00,1.41305294e-02,4.62342562e+00,1.76207445e+03
n064_nu0p010_s20261105,64,0.01,20261105,4.2000,1.96705268e-01,1.41354778e+00,1.41354778e-02,4.64574314e+00,1.77497125e+03
n064_nu0p010_s20261105,64,0.01,20261105,4.2200,1.96203222e-01,1.41399538e+00,1.41399538e-02,4.66776816e+00,1.78774692e+03
n064_nu0p010_s20261105,64,0.01,20261105,4.2400,1.95700938e-01,1.41439584e+00,1.41439584e-02,4.68948596e+00,1.80039670e+03
n064_nu0p010_s20261105,64,0.01,20261105,4.2600,1.95198427e-01,1.41474922e+00,1.41474922e-02,4.71088215e+00,1.81291588e+03
n064_nu0p010_s20261105,64,0.01,20261105,4.2800,1.94695704e-01,1.41505564e+00,1.41505564e-02,4.73194271e+00,1.82529982e+03
n064_nu0p010_s20261105,64,0.01,20261105,4.3000,1.94192782e-01,1.41531519e+00,1.41531519e-02,4.75265398e+00,1.83754393e+03
n064_nu0p010_s20261105,64,0.01,20261105,4.3200,1.93689674e-01,1.41552798e+00,1.41552798e-02,4.77300274e+00,1.84964371e+03
n064_nu0p010_s20261105,64,0.01,20261105,4.3400,1.93186393e-01,1.41569412e+00,1.41569412e-02,4.79297623e+00,1.86159471e+03
n064_nu0p010_s20261105,64,0.01,20261105,4.3600,1.92682952e-01,1.41581373e+00,1.41581373e-02,4.81662671e+00,1.87339256e+03
n064_nu0p010_s20261105,64,0.01,20261105,4.3800,1.92179364e-01,1.41588693e+00,1.41588693e-02,4.84077460e+00,1.88503299e+03
n064_nu0p010_s20261105,64,0.01,20261105,4.4000,1.91675642e-01,1.41591386e+00,1.41591386e-02,4.86474538e+00,1.89651178e+03
n064_nu0p010_s20261105,64,0.01,20261105,4.4200,1.91171799e-01,1.41589465e+00,1.41589465e-02,4.88853113e+00,1.90782483e+03
n064_nu0p010_s20261105,64,0.01,20261105,4.4400,1.90667847e-01,1.41582944e+00,1.41582944e-02,4.91212392e+00,1.91896811e+03
n064_nu0p010_s20261105,64,0.01,20261105,4.4600,1.90163801e-01,1.41571837e+00,1.41571837e-02,4.93551580e+00,1.92993767e+03
n064_nu0p010_s20261105,64,0.01,20261105,4.4800,1.89659673e-01,1.41556160e+00,1.41556160e-02,4.95869881e+00,1.94072968e+03
n064_nu0p010_s20261105,64,0.01,20261105,4.5000,1.89155475e-01,1.41535929e+00,1.41535929e-02,4.98166495e+00,1.95134038e+03
n064_nu0p010_s20261105,64,0.01,20261105,4.5200,1.88651220e-01,1.41511161e+00,1.41511161e-02,5.00440616e+00,1.96176611e+03
n064_nu0p010_s20261105,64,0.01,20261105,4.5400,1.88146922e-01,1.41481871e+00,1.41481871e-02,5.02691433e+00,1.97200330e+03
n064_nu0p010_s20261105,64,0.01,20261105,4.5600,1.87642592e-01,1.41448078e+00,1.41448078e-02,5.04918126e+00,1.98204850e+03
n064_nu0p010_s20261105,64,0.01,20261105,4.5800,1.87138244e-01,1.41409800e+00,1.41409800e-02,5.07119866e+00,1.99189833e+03
n064_nu0p010_s20261105,64,0.01,20261105,4.6000,1.86633890e-01,1.41367055e+00,1.41367055e-02,5.09295812e+00,2.00154952e+03
n064_nu0p010_s20261105,64,0.01,20261105,4.6200,1.86129544e-01,1.41319864e+00,1.41319864e-02,5.11445108e+00,2.01099891e+03
n064_nu0p010_s20261105,64,0.01,20261105,4.6400,1.85625217e-01,1.41268245e+00,1.41268245e-02,5.13566885e+00,2.02024340e+03
n064_nu0p010_s20261105,64,0.01,20261105,4.6600,1.85120922e-01,1.41212219e+00,1.41212219e-02,5.15660254e+00,2.02928005e+03
n064_nu0p010_s20261105,64,0.01,20261105,4.6800,1.84616673e-01,1.41151808e+00,1.41151808e-02,5.17724307e+00,2.03810597e+03
n064_nu0p010_s20261105,64,0.01,20261105,4.7000,1.84112481e-01,1.41087032e+00,1.41087032e-02,5.19758117e+00,2.04671841e+03
n064_nu0p010_s20261105,64,0.01,20261105,4.7200,1.83608360e-01,1.41017916e+00,1.41017916e-02,5.21760732e+00,2.05511469e+03
n064_nu0p010_s20261105,64,0.01,20261105,4.7400,1.83104321e-01,1.40944480e+00,1.40944480e-02,5.23731174e+00,2.06329227e+03
n064_nu0p010_s20261105,64,0.01,20261105,4.7600,1.82600378e-01,1.40866750e+00,1.40866750e-02,5.25668441e+00,2.07124869e+03
n064_nu0p010_s20261105,64,0.01,20261105,4.7800,1.82096544e-01,1.40784748e+00,1.40784748e-02,5.27571500e+00,2.07898161e+03
n064_nu0p010_s20261105,64,0.01,20261105,4.8000,1.81592830e-01,1.40698500e+00,1.40698500e-02,5.29439292e+00,2.08648880e+03
n064_nu0p010_s20261105,64,0.01,20261105,4.8200,1.81089249e-01,1.40608031e+00,1.40608031e-02,5.31270723e+00,2.09376815e+03
n064_nu0p010_s20261105,64,0.01,20261105,4.8400,1.80585814e-01,1.40513367e+00,1.40513367e-02,5.33064670e+00,2.10081764e+03
n064_nu0p010_s20261105,64,0.01,20261105,4.8600,1.80082538e-01,1.40414534e+00,1.40414534e-02,5.34819973e+00,2.10763540e+03
n064_nu0p010_s20261105,64,0.01,20261105,4.8800,1.79579433e-01,1.40311560e+00,1.40311560e-02,5.36535443e+00,2.11421964e+03
n064_nu0p010_s20261105,64,0.01,20261105,4.9000,1.79076512e-01,1.40204472e+00,1.40204472e-02,5.38209852e+00,2.12056872e+03
n064_nu0p010_s20261105,64,0.01,20261105,4.9200,1.78573787e-01,1.40093298e+00,1.40093298e-02,5.39841937e+00,2.12668111e+03
n064_nu0p010_s20261105,64,0.01,20261105,4.9400,1.78071271e-01,1.39978066e+00,1.39978066e-02,5.41430402e+00,2.13255542e+03
n064_nu0p010_s20261105,64,0.01,20261105,4.9600,1.77568977e-01,1.39858807e+00,1.39858807e-02,5.42973912e+00,2.13819035e+03
n064_nu0p010_s20261105,64,0.01,20261105,4.9800,1.77066916e-01,1.39735550e+00,1.39735550e-02,5.44471098e+00,2.14358478e+03
n064_nu0p010_s20261105,64,0.01,20261105,5.0000,1.76565102e-01,1.39608325e+00,1.39608325e-02,5.45920557e+00,2.14873768e+03
n064_nu0p010_s20261105,64,0.01,20261105,5.0200,1.76063547e-01,1.39477163e+00,1.39477163e-02,5.47320848e+00,2.15364818e+03
n064_nu0p010_s20261105,64,0.01,20261105,5.0400,1.75562263e-01,1.39342095e+00,1.39342095e-02,5.48670498e+00,2.15831552e+03
n064_nu0p010_s20261105,64,0.01,20261105,5.0600,1.75061264e-01,1.39203153e+00,1.39203153e-02,5.49968001e+00,2.16273911e+03
n064_nu0p010_s20261105,64,0.01,20261105,5.0800,1.74560561e-01,1.39060369e+00,1.39060369e-02,5.51211819e+00,2.16691845e+03
n064_nu0p010_s20261105,64,0.01,20261105,5.1000,1.74060168e-01,1.38913776e+00,1.38913776e-02,5.52400385e+00,2.17085324e+03
n064_nu0p010_s20261105,64,0.01,20261105,5.1200,1.73560096e-01,1.38763406e+00,1.38763406e-02,5.53532103e+00,2.17454326e+03
n064_nu0p010_s20261105,64,0.01,20261105,5.1400,1.73060358e-01,1.38609294e+00,1.38609294e-02,5.54605351e+00,2.17798847e+03
n064_nu0p010_s20261105,64,0.01,20261105,5.1600,1.72560967e-01,1.38451473e+00,1.38451473e-02,5.55618484e+00,2.18118897e+03
n064_nu0p010_s20261105,64,0.01,20261105,5.1800,1.72061935e-01,1.38289976e+00,1.38289976e-02,5.56569838e+00,2.18414496e+03
n064_nu0p010_s20261105,64,0.01,20261105,5.2000,1.71563274e-01,1.38124839e+00,1.38124839e-02,5.57457729e+00,2.18685684e+03
n064_nu0p010_s20261105,64,0.01,20261105,5.2200,1.71064998e-01,1.37956096e+00,1.37956096e-02,5.58280460e+00,2.18932510e+03
n064_nu0p010_s20261105,64,0.01,20261105,5.2400,1.70567118e-01,1.37783782e+00,1.37783782e-02,5.59036323e+00,2.19155040e+03
n064_nu0p010_s20261105,64,0.01,20261105,5.2600,1.70069646e-01,1.37607933e+00,1.37607933e-02,5.59723605e+00,2.19353351e+03
n064_nu0p010_s20261105,64,0.01,20261105,5.2800,1.69572596e-01,1.37428585e+00,1.37428585e-02,5.60340590e+00,2.19527536e+03
n064_nu0p010_s20261105,64,0.01,20261105,5.3000,1.69075979e-01,1.37245772e+00,1.37245772e-02,5.60885564e+00,2.19677700e+03
n064_nu0p010_s20261105,64,0.01,20261105,5.3200,1.68579808e-01,1.37059532e+00,1.37059532e-02,5.61356821e+00,2.19803961e+03
n064_nu0p010_s20261105,64,0.01,20261105,5.3400,1.68084095e-01,1.36869900e+00,1.36869900e-02,5.61752669e+00,2.19906451e+03
n064_nu0p010_s20261105,64,0.01,20261105,5.3600,1.67588853e-01,1.36676912e+00,1.36676912e-02,5.62071430e+00,2.19985312e+03
n064_nu0p010_s20261105,64,0.01,20261105,5.3800,1.67094093e-01,1.36480607e+00,1.36480607e-02,5.62311453e+00,2.20040702e+03
n064_nu0p010_s20261105,64,0.01,20261105,5.4000,1.66599828e-01,1.36281019e+00,1.36281019e-02,5.62471115e+00,2.20072786e+03
n064_nu0p010_s20261105,64,0.01,20261105,5.4200,1.66106070e-01,1.36078187e+00,1.36078187e-02,5.62548829e+00,2.20081745e+03
n064_nu0p010_s20261105,64,0.01,20261105,5.4400,1.65612831e-01,1.35872147e+00,1.35872147e-02,5.62543050e+00,2.20067768e+03
n064_nu0p010_s20261105,64,0.01,20261105,5.4600,1.65120124e-01,1.35662936e+00,1.35662936e-02,5.62629261e+00,2.20031055e+03
n064_nu0p010_s20261105,64,0.01,20261105,5.4800,1.64627959e-01,1.35450592e+00,1.35450592e-02,5.64124229e+00,2.19971817e+03
n064_nu0p010_s20261105,64,0.01,20261105,5.5000,1.64136351e-01,1.35235152e+00,1.35235152e-02,5.65572876e+00,2.19890275e+03
n064_nu0p010_s20261105,64,0.01,20261105,5.5200,1.63645310e-01,1.35016652e+00,1.35016652e-02,5.66973873e+00,2.19786657e+03
n064_nu0p010_s20261105,64,0.01,20261105,5.5400,1.63154848e-01,1.34795132e+00,1.34795132e-02,5.68325896e+00,2.19661204e+03
n064_nu0p010_s20261105,64,0.01,20261105,5.5600,1.62664977e-01,1.34570628e+00,1.34570628e-02,5.69627629e+00,2.19514160e+03
n064_nu0p010_s20261105,64,0.01,20261105,5.5800,1.62175710e-01,1.34343177e+00,1.34343177e-02,5.70877769e+00,2.19345782e+03
n064_nu0p010_s20261105,64,0.01,20261105,5.6000,1.61687058e-01,1.34112818e+00,1.34112818e-02,5.72075027e+00,2.19156331e+03
n064_nu0p010_s20261105,64,0.01,20261105,5.6200,1.61199033e-01,1.33879588e+00,1.33879588e-02,5.73218135e+00,2.18946077e+03
n064_nu0p010_s20261105,64,0.01,20261105,5.6400,1.60711647e-01,1.33643524e+00,1.33643524e-02,5.74305846e+00,2.18715294e+03
n064_nu0p010_s20261105,64,0.01,20261105,5.6600,1.60224911e-01,1.33404665e+00,1.33404665e-02,5.75336937e+00,2.18464265e+03
n064_nu0p010_s20261105,64,0.01,20261105,5.6800,1.59738837e-01,1.33163047e+00,1.33163047e-02,5.76310217e+00,2.18193278e+03
n064_nu0p010_s20261105,64,0.01,20261105,5.7000,1.59253438e-01,1.32918709e+00,1.32918709e-02,5.77224524e+00,2.17902624e+03
n064_nu0p010_s20261105,64,0.01,20261105,5.7200,1.58768723e-01,1.32671687e+00,1.32671687e-02,5.78078737e+00,2.17592603e+03
n064_nu0p010_s20261105,64,0.01,20261105,5.7400,1.58284705e-01,1.32422021e+00,1.32422021e-02,5.78871769e+00,2.17263516e+03
n064_nu0p010_s20261105,64,0.01,20261105,5.7600,1.57801396e-01,1.32169747e+00,1.32169747e-02,5.79602580e+00,2.16915669e+03
n064_nu0p010_s20261105,64,0.01,20261105,5.7800,1.57318807e-01,1.31914904e+00,1.31914904e-02,5.80270175e+00,2.16549373e+03
n064_nu0p010_s20261105,64,0.01,20261105,5.8000,1.56836948e-01,1.31657528e+00,1.31657528e-02,5.80873609e+00,2.16164942e+03
n064_nu0p010_s20261105,64,0.01,20261105,5.8200,1.56355833e-01,1.31397657e+00,1.31397657e-02,5.81411988e+00,2.15762691e+03
n064_nu0p010_s20261105,64,0.01,20261105,5.8400,1.55875471e-01,1.31135330e+00,1.31135330e-02,5.81884476e+00,2.15342942e+03
n064_nu0p010_s20261105,64,0.01,20261105,5.8600,1.55395874e-01,1.30870584e+00,1.30870584e-02,5.82290295e+00,2.14906014e+03
n064_nu0p010_s20261105,64,0.01,20261105,5.8800,1.54917053e-01,1.30603456e+00,1.30603456e-02,5.82628728e+00,2.14452234e+03
n064_nu0p010_s20261105,64,0.01,20261105,5.9000,1.54439019e-01,1.30333984e+00,1.30333984e-02,5.83007543e+00,2.13981927e+03
n064_nu0p010_s20261105,64,0.01,20261105,5.9200,1.53961783e-01,1.30062206e+00,1.30062206e-02,5.83439174e+00,2.13495421e+03
n064_nu0p010_s20261105,64,0.01,20261105,5.9400,1.53485357e-01,1.29788159e+00,1.29788159e-02,5.83799056e+00,2.12993045e+03
n064_nu0p010_s20261105,64,0.01,20261105,5.9600,1.53009750e-01,1.29511880e+00,1.29511880e-02,5.84086057e+00,2.12475130e+03
n064_nu0p010_s20261105,64,0.01,20261105,5.9800,1.52534974e-01,1.29233408e+00,1.29233408e-02,5.84299114e+00,2.11942006e+03
n064_nu0p010_s20261105,64,0.01,20261105,6.0000,1.52061040e-01,1.28952781e+00,1.28952781e-02,5.84437242e+00,2.11394007e+03
n064_nu0p010_s20261107,64,0.01,20261107,0.0000,2.82213206e-01,9.08226778e-01,9.08226778e-03,2.64467191e+00,2.21940306e+02
n064_nu0p010_s20261107,64,0.01,20261107,0.0200,2.81836665e-01,9.05991839e-01,9.05991839e-03,2.63709092e+00,2.13552372e+02
n064_nu0p010_s20261107,64,0.01,20261107,0.0400,2.81461234e-01,9.03889259e-01,9.03889259e-03,2.62779915e+00,2.05850267e+02
n064_nu0p010_s20261107,64,0.01,20261107,0.0600,2.81086842e-01,9.01914920e-01,9.01914920e-03,2.61688673e+00,1.98772174e+02
n064_nu0p010_s20261107,64,0.01,20261107,0.0800,2.80713416e-01,9.00064778e-01,9.00064778e-03,2.60444685e+00,1.92261899e+02
n064_nu0p010_s20261107,64,0.01,20261107,0.1000,2.80340881e-01,8.98334888e-01,8.98334888e-03,2.59057397e+00,1.86268237e+02
n064_nu0p010_s20261107,64,0.01,20261107,0.1200,2.79969166e-01,8.96721438e-01,8.96721438e-03,2.57536231e+00,1.80744624e+02
n064_nu0p010_s20261107,64,0.01,20261107,0.1400,2.79598199e-01,8.95220783e-01,8.95220783e-03,2.55890451e+00,1.75648950e+02
n064_nu0p010_s20261107,64,0.01,20261107,0.1600,2.79227911e-01,8.93829480e-01,8.93829480e-03,2.54129061e+00,1.70943430e+02
n064_nu0p010_s20261107,64,0.01,20261107,0.1800,2.78858238e-01,8.92544320e-01,8.92544320e-03,2.52869308e+00,1.66594445e+02
n064_nu0p010_s20261107,64,0.01,20261107,0.2000,2.78489116e-01,8.91362352e-01,8.91362352e-03,2.51607217e+00,1.62572328e+02
n064_nu0p010_s20261107,64,0.01,20261107,0.2200,2.78120488e-01,8.90280890e-01,8.90280890e-03,2.50198873e+00,1.58851057e+02
n064_nu0p010_s20261107,64,0.01,20261107,0.2400,2.77752299e-01,8.89297518e-01,8.89297518e-03,2.48651521e+00,1.55407894e+02
n064_nu0p010_s20261107,64,0.01,20261107,0.2600,2.77384499e-01,8.88410082e-01,8.88410082e-03,2.46972744e+00,1.52222986e+02
n064_nu0p010_s20261107,64,0.01,20261107,0.2800,2.77017042e-01,8.87616676e-01,8.87616676e-03,2.45170356e+00,1.49278956e+02
n064_nu0p010_s20261107,64,0.01,20261107,0.3000,2.76649886e-01,8.86915618e-01,8.86915618e-03,2.43252313e+00,1.46560525e+02
n064_nu0p010_s20261107,64,0.01,20261107,0.3200,2.76282992e-01,8.86305422e-01,8.86305422e-03,2.41226625e+00,1.44054173e+02
n064_nu0p010_s20261107,64,0.01,20261107,0.3400,2.75916324e-01,8.85784774e-01,8.85784774e-03,2.39101281e+00,1.41747848e+02
n064_nu0p010_s20261107,64,0.01,20261107,0.3600,2.75549849e-01,8.85352496e-01,8.85352496e-03,2.36884193e+00,1.39630728e+02
n064_nu0p010_s20261107,64,0.01,20261107,0.3800,2.75183536e-01,8.85007523e-01,8.85007523e-03,2.34820093e+00,1.37693032e+02
n064_nu0p010_s20261107,64,0.01,20261107,0.4000,2.74817354e-01,8.84748870e-01,8.84748870e-03,2.33136497e+00,1.35925866e+02
n064_nu0p010_s20261107,64,0.01,20261107,0.4200,2.74451275e-01,8.84575612e-01,8.84575612e-03,2.31412913e+00,1.34321107e+02
n064_nu0p010_s20261107,64,0.01,20261107,0.4400,2.74085272e-01,8.84486860e-01,8.84486860e-03,2.29575648e+00,1.32871300e+02
n064_nu0p010_s20261107,64,0.01,20261107,0.4600,2.73719316e-01,8.84481745e-01,8.84481745e-03,2.27617965e+00,1.31569592e+02
n064_nu0p010_s20261107,64,0.01,20261107,0.4800,2.73353381e-01,8.84559404e-01,8.84559404e-03,2.25549298e+00,1.30409663e+02
n064_nu0p010_s20261107,64,0.01,20261107,0.5000,2.72987439e-01,8.84718971e-01,8.84718971e-03,2.23379080e+00,1.29385679e+02
n064_nu0p010_s20261107,64,0.01,20261107,0.5200,2.72621461e-01,8.84959568e-01,8.84959568e-03,2.21116653e+00,1.28492248e+02
n064_nu0p010_s20261107,64,0.01,20261107,0.5400,2.72255420e-01,8.85280307e-01,8.85280307e-03,2.19203235e+00,1.27724381e+02
n064_nu0p010_s20261107,64,0.01,20261107,0.5600,2.71889287e-01,8.85680280e-01,8.85680280e-03,2.17349647e+00,1.27077458e+02
n064_nu0p010_s20261107,64,0.01,20261107,0.5800,2.71523032e-01,8.86158572e-01,8.86158572e-03,2.15409123e+00,1.26547193e+02
n064_nu0p010_s20261107,64,0.01,20261107,0.6000,2.71156626e-01,8.86714252e-01,8.86714252e-03,2.13499013e+00,1.26129600e+02
n064_nu0p010_s20261107,64,0.01,20261107,0.6200,2.70790039e-01,8.87346385e-01,8.87346385e-03,2.11488481e+00,1.25820957e+02
n064_nu0p010_s20261107,64,0.01,20261107,0.6400,2.70423243e-01,8.88054036e-01,8.88054036e-03,2.09406823e+00,1.25617769e+02
n064_nu0p010_s20261107,64,0.01,20261107,0.6600,2.70056206e-01,8.88836269e-01,8.88836269e-03,2.08542684e+00,1.25516725e+02
n064_nu0p010_s20261107,64,0.01,20261107,0.6800,2.69688901e-01,8.89692158e-01,8.89692158e-03,2.07654825e+00,1.25514657e+02
n064_nu0p010_s20261107,64,0.01,20261107,0.7000,2.69321297e-01,8.90620792e-01,8.90620792e-03,2.06744084e+00,1.25608499e+02
n064_nu0p010_s20261107,64,0.01,20261107,0.7200,2.68953367e-01,8.91621276e-01,8.91621276e-03,2.05811308e+00,1.25795247e+02
n064_nu0p010_s20261107,64,0.01,20261107,0.7400,2.68585082e-01,8.92692738e-01,8.92692738e-03,2.04857348e+00,1.26071922e+02
n064_nu0p010_s20261107,64,0.01,20261107,0.7600,2.68216417e-01,8.93834330e-01,8.93834330e-03,2.03999229e+00,1.26435544e+02
n064_nu0p010_s20261107,64,0.01,20261107,0.7800,2.67847345e-01,8.95045234e-01,8.95045234e-03,2.03141229e+00,1.26883106e+02
n064_nu0p010_s20261107,64,0.01,20261107,0.8000,2.67477842e-01,8.96324662e-01,8.96324662e-03,2.02262970e+00,1.27411565e+02
n064_nu0p010_s20261107,64,0.01,20261107,0.8200,2.67107884e-01,8.97671860e-01,8.97671860e-03,2.01365165e+00,1.28017835e+02
n064_nu0p010_s20261107,64,0.01,20261107,0.8400,2.66737449e-01,8.99086104e-01,8.99086104e-03,2.00448522e+00,1.28698789e+02
n064_nu0p010_s20261107,64,0.01,20261107,0.8600,2.66366515e-01,9.00566706e-01,9.00566706e-03,1.99513747e+00,1.29451277e+02
n064_nu0p010_s20261107,64,0.01,20261107,0.8800,2.65995064e-01,9.02113009e-01,9.02113009e-03,1.98561537e+00,1.30272139e+02
n064_nu0p010_s20261107,64,0.01,20261107,0.9000,2.65623076e-01,9.03724388e-01,9.03724388e-03,1.97592586e+00,1.31158231e+02
n064_nu0p010_s20261107,64,0.01,20261107,0.9200,2.65250533e-01,9.05400250e-01,9.05400250e-03,1.96607575e+00,1.32106462e+02
n064_nu0p010_s20261107,64,0.01,20261107,0.9400,2.64877420e-01,9.07140029e-01,9.07140029e-03,1.95607176e+00,1.33113821e+02
n064_nu0p010_s20261107,64,0.01,20261107,0.9600,2.64503723e-01,9.08943184e-01,9.08943184e-03,1.94592050e+00,1.34177421e+02
n064_nu0p010_s20261107,64,0.01,20261107,0.9800,2.64129425e-01,9.10809199e-01,9.10809199e-03,1.93852818e+00,1.35294539e+02
n064_nu0p010_s20261107,64,0.01,20261107,1.0000,2.63754516e-01,9.12737579e-01,9.12737579e-03,1.93363676e+00,1.36462652e+02
n064_nu0p010_s20261107,64,0.01,20261107,1.0200,2.63378982e-01,9.14727845e-01,9.14727845e-03,1.92842293e+00,1.37679477e+02
n064_nu0p010_s20261107,64,0.01,20261107,1.0400,2.63002813e-01,9.16779535e-01,9.16779535e-03,1.92289734e+00,1.38943005e+02
n064_nu0p010_s20261107,64,0.01,20261107,1.0600,2.62625998e-01,9.18892197e-01,9.18892197e-03,1.91707165e+00,1.40251530e+02
n064_nu0p010_s20261107,64,0.01,20261107,1.0800,2.62248527e-01,9.21065389e-01,9.21065389e-03,1.91095840e+00,1.41603675e+02
n064_nu0p010_s20261107,64,0.01,20261107,1.1000,2.61870392e-01,9.23298674e-01,9.23298674e-03,1.90457099e+00,1.42998414e+02
n064_nu0p010_s20261107,64,0.01,20261107,1.1200,2.61491584e-01,9.25591620e-01,9.25591620e-03,1.89792353e+00,1.44435090e+02
n064_nu0p010_s20261107,64,0.01,20261107,1.1400,2.61112094e-01,9.27943793e-01,9.27943793e-03,1.89103072e+00,1.45913426e+02
n064_nu0p010_s20261107,64,0.01,20261107,1.1600,2.60731915e-01,9.30354759e-01,9.30354759e-03,1.88390780e+00,1.47433539e+02
n064_nu0p010_s20261107,64,0.01,20261107,1.1800,2.60351040e-01,9.32824080e-01,9.32824080e-03,1.87705485e+00,1.48995949e+02
n064_nu0p010_s20261107,64,0.01,20261107,1.2000,2.59969462e-01,9.35351309e-01,9.35351309e-03,1.87455522e+00,1.50601580e+02
n064_nu0p010_s20261107,64,0.01,20261107,1.2200,2.59587172e-01,9.37935995e-01,9.37935995e-03,1.87771212e+00,1.52251764e+02
n064_nu0p010_s20261107,64,0.01,20261107,1.2400,2.59204166e-01,9.40577674e-01,9.40577674e-03,1.88033104e+00,1.53948241e+02
n064_nu0p010_s20261107,64,0.01,20261107,1.2600,2.58820434e-01,9.43275873e-01,9.43275873e-03,1.88242006e+00,1.55693150e+02
n064_nu0p010_s20261107,64,0.01,20261107,1.2800,2.58435972e-01,9.46030103e-01,9.46030103e-03,1.88398834e+00,1.57489020e+02
n064_nu0p010_s20261107,64,0.01,20261107,1.3000,2.58050772e-01,9.48839865e-01,9.48839865e-03,1.88504605e+00,1.59338753e+02
n064_nu0p010_s20261107,64,0.01,20261107,1.3200,2.57664828e-01,9.51704642e-01,9.51704642e-03,1.88560433e+00,1.61245604e+02
n064_nu0p010_s20261107,64,0.01,20261107,1.3400,2.57278131e-01,9.54623902e-01,9.54623902e-03,1.88767514e+00,1.63213152e+02
n064_nu0p010_s20261107,64,0.01,20261107,1.3600,2.56890676e-01,9.57597096e-01,9.57597096e-03,1.89024855e+00,1.65245276e+02
n064_nu0p010_s20261107,64,0.01,20261107,1.3800,2.56502455e-01,9.60623654e-01,9.60623654e-03,1.89957689e+00,1.67346109e+02
n064_nu0p010_s20261107,64,0.01,20261107,1.4000,2.56113460e-01,9.63702991e-01,9.63702991e-03,1.91052840e+00,1.69520010e+02
n064_nu0p010_s20261107,64,0.01,20261107,1.4200,2.55723683e-01,9.66834498e-01,9.66834498e-03,1.92088141e+00,1.71771516e+02
n064_nu0p010_s20261107,64,0.01,20261107,1.4400,2.55333118e-01,9.70017547e-01,9.70017547e-03,1.93063134e+00,1.74105303e+02
n064_nu0p010_s20261107,64,0.01,20261107,1.4600,2.54941755e-01,9.73251488e-01,9.73251488e-03,1.93977555e+00,1.76526146e+02
n064_nu0p010_s20261107,64,0.01,20261107,1.4800,2.54549586e-01,9.76535648e-01,9.76535648e-03,1.95840327e+00,1.79038879e+02
n064_nu0p010_s20261107,64,0.01,20261107,1.5000,2.54156603e-01,9.79869331e-01,9.79869331e-03,1.97715000e+00,1.81648360e+02
n064_nu0p010_s20261107,64,0.01,20261107,1.5200,2.53762796e-01,9.83251816e-01,9.83251816e-03,1.99524473e+00,1.84359441e+02
n064_nu0p010_s20261107,64,0.01,20261107,1.5400,2.53368156e-01,9.86682358e-01,9.86682358e-03,2.01264958e+00,1.87176947e+02
n064_nu0p010_s20261107,64,0.01,20261107,1.5600,2.52972674e-01,9.90160187e-01,9.90160187e-03,2.02932602e+00,1.90105656e+02
n064_nu0p010_s20261107,64,0.01,20261107,1.5800,2.52576340e-01,9.93684506e-01,9.93684506e-03,2.04523492e+00,1.93150288e+02
n064_nu0p010_s20261107,64,0.01,20261107,1.6000,2.52179144e-01,9.97254495e-01,9.97254495e-03,2.06281238e+00,1.96315508e+02
n064_nu0p010_s20261107,64,0.01,20261107,1.6200,2.51781076e-01,1.00086931e+00,1.00086931e-02,2.08419942e+00,1.99605923e+02
n064_nu0p010_s20261107,64,0.01,20261107,1.6400,2.51382124e-01,1.00452806e+00,1.00452806e-02,2.10530328e+00,2.03026095e+02
n064_nu0p010_s20261107,64,0.01,20261107,1.6600,2.50982279e-01,1.00822987e+00,1.00822987e-02,2.12679397e+00,2.06580548e+02
n064_nu0p010_s20261107,64,0.01,20261107,1.6800,2.50581528e-01,1.01197380e+00,1.01197380e-02,2.14763454e+00,2.10273784e+02
n064_nu0p010_s20261107,64,0.01,20261107,1.7000,2.50179862e-01,1.01575890e+00,1.01575890e-02,2.16777809e+00,2.14110294e+02
n064_nu0p010_s20261107,64,0.01,20261107,1.7200,2.49777268e-01,1.01958420e+00,1.01958420e-02,2.18717773e+00,2.18094570e+02
n064_nu0p010_s20261107,64,0.01,20261107,1.7400,2.49373735e-01,1.02344869e+00,1.02344869e-02,2.20578677e+00,2.22231111e+02
n064_nu0p010_s20261107,64,0.01,20261107,1.7600,2.48969251e-01,1.02735135e+00,1.02735135e-02,2.22355914e+00,2.26524430e+02
n064_nu0p010_s20261107,64,0.01,20261107,1.7800,2.48563805e-01,1.03129113e+00,1.03129113e-02,2.24219636e+00,2.30979044e+02
n064_nu0p010_s20261107,64,0.01,20261107,1.8000,2.48157384e-01,1.03526696e+00,1.03526696e-02,2.26332827e+00,2.35599473e+02
n064_nu0p010_s20261107,64,0.01,20261107,1.8200,2.47749977e-01,1.03927776e+00,1.03927776e-02,2.28341114e+00,2.40390221e+02
n064_nu0p010_s20261107,64,0.01,20261107,1.8400,2.47341572e-01,1.04332240e+00,1.04332240e-02,2.30296155e+00,2.45355759e+02
n064_nu0p010_s20261107,64,0.01,20261107,1.8600,2.46932157e-01,1.04739975e+00,1.04739975e-02,2.32590533e+00,2.50500499e+02
n064_nu0p010_s20261107,64,0.01,20261107,1.8800,2.46521720e-01,1.05150867e+00,1.05150867e-02,2.34809378e+00,2.55828768e+02
n064_nu0p010_s20261107,64,0.01,20261107,1.9000,2.46110249e-01,1.05564798e+00,1.05564798e-02,2.36947498e+00,2.61344774e+02
n064_nu0p010_s20261107,64,0.01,20261107,1.9200,2.45697732e-01,1.05981649e+00,1.05981649e-02,2.39020867e+00,2.67052577e+02
n064_nu0p010_s20261107,64,0.01,20261107,1.9400,2.45284158e-01,1.06401302e+00,1.06401302e-02,2.41189656e+00,2.72956052e+02
n064_nu0p010_s20261107,64,0.01,20261107,1.9600,2.44869516e-01,1.06823634e+00,1.06823634e-02,2.43276334e+00,2.79058864e+02
n064_nu0p010_s20261107,64,0.01,20261107,1.9800,2.44453793e-01,1.07248521e+00,1.07248521e-02,2.45293883e+00,2.85364429e+02
n064_nu0p010_s20261107,64,0.01,20261107,2.0000,2.44036979e-01,1.07675842e+00,1.07675842e-02,2.47532842e+00,2.91875890e+02
n064_nu0p010_s20261107,64,0.01,20261107,2.0200,2.43619062e-01,1.08105469e+00,1.08105469e-02,2.49655976e+00,2.98596092e+02
n064_nu0p010_s20261107,64,0.01,20261107,2.0400,2.43200033e-01,1.08537277e+00,1.08537277e-02,2.51784870e+00,3.05527556e+02
n064_nu0p010_s20261107,64,0.01,20261107,2.0600,2.42779880e-01,1.08971140e+00,1.08971140e-02,2.53929105e+00,3.12672464e+02
n064_nu0p010_s20261107,64,0.01,20261107,2.0800,2.42358594e-01,1.09406929e+00,1.09406929e-02,2.55953101e+00,3.20032641e+02
n064_nu0p010_s20261107,64,0.01,20261107,2.1000,2.41936164e-01,1.09844517e+00,1.09844517e-02,2.57852703e+00,3.27609545e+02
n064_nu0p010_s20261107,64,0.01,20261107,2.1200,2.41512582e-01,1.10283774e+00,1.10283774e-02,2.59624136e+00,3.35404260e+02
n064_nu0p010_s20261107,64,0.01,20261107,2.1400,2.41087837e-01,1.10724573e+00,1.10724573e-02,2.61264049e+00,3.43417491e+02
n064_nu0p010_s20261107,64,0.01,20261107,2.1600,2.40661922e-01,1.11166783e+00,1.11166783e-02,2.63304678e+00,3.51649568e+02
n064_nu0p010_s20261107,64,0.01,20261107,2.1800,2.40234826e-01,1.11610276e+00,1.11610276e-02,2.65701780e+00,3.60100445e+02
n064_nu0p010_s20261107,64,0.01,20261107,2.2000,2.39806543e-01,1.12054922e+00,1.12054922e-02,2.68018964e+00,3.68769709e+02
n064_nu0p010_s20261107,64,0.01,20261107,2.2200,2.39377065e-01,1.12500592e+00,1.12500592e-02,2.70253493e+00,3.77656594e+02
n064_nu0p010_s20261107,64,0.01,20261107,2.2400,2.38946384e-01,1.12947157e+00,1.12947157e-02,2.72403019e+00,3.86759994e+02
n064_nu0p010_s20261107,64,0.01,20261107,2.2600,2.38514493e-01,1.13394489e+00,1.13394489e-02,2.74810305e+00,3.96078477e+02
n064_nu0p010_s20261107,64,0.01,20261107,2.2800,2.38081387e-01,1.13842460e+00,1.13842460e-02,2.77309423e+00,4.05610312e+02
n064_nu0p010_s20261107,64,0.01,20261107,2.3000,2.37647058e-01,1.14290942e+00,1.14290942e-02,2.79692610e+00,4.15353485e+02
n064_nu0p010_s20261107,64,0.01,20261107,2.3200,2.37211501e-01,1.14739808e+00,1.14739808e-02,2.81956607e+00,4.25305730e+02
n064_nu0p010_s20261107,64,0.01,20261107,2.3400,2.36774711e-01,1.15188933e+00,1.15188933e-02,2.84098650e+00,4.35464555e+02
n064_nu0p010_s20261107,64,0.01,20261107,2.3600,2.36336684e-01,1.15638189e+00,1.15638189e-02,2.86116486e+00,4.45827270e+02
n064_nu0p010_s20261107,64,0.01,20261107,2.3800,2.35897414e-01,1.16087455e+00,1.16087455e-02,2.88152120e+00,4.56391018e+02
n064_nu0p010_s20261107,64,0.01,20261107,2.4000,2.35456899e-01,1.16536605e+00,1.16536605e-02,2.90230421e+00,4.67152808e+02
n064_nu0p010_s20261107,64,0.01,20261107,2.4200,2.35015135e-01,1.16985517e+00,1.16985517e-02,2.92185833e+00,4.78109546e+02
n064_nu0p010_s20261107,64,0.01,20261107,2.4400,2.34572119e-01,1.17434070e+00,1.17434070e-02,2.94017430e+00,4.89258064e+02
n064_nu0p010_s20261107,64,0.01,20261107,2.4600,2.34127848e-01,1.17882144e+00,1.17882144e-02,2.95724804e+00,5.00595156e+02
n064_nu0p010_s20261107,64,0.01,20261107,2.4800,2.33682321e-01,1.18329619e+00,1.18329619e-02,2.97308060e+00,5.12117608e+02
n064_nu0p010_s20261107,64,0.01,20261107,2.5000,2.33235536e-01,1.18776379e+00,1.18776379e-02,2.98767810e+00,5.23822222e+02
n064_nu0p010_s20261107,64,0.01,20261107,2.5200,2.32787492e-01,1.19222306e+00,1.19222306e-02,3.00105165e+00,5.35705853e+02
n064_nu0p010_s20261107,64,0.01,20261107,2.5400,2.32338189e-01,1.19667286e+00,1.19667286e-02,3.01321714e+00,5.47765427e+02
n064_nu0p010_s20261107,64,0.01,20261107,2.5600,2.31887626e-01,1.20111204e+00,1.20111204e-02,3.03001582e+00,5.59997967e+02
n064_nu0p010_s20261107,64,0.01,20261107,2.5800,2.31435805e-01,1.20553950e+00,1.20553950e-02,3.05684983e+00,5.72400620e+02
n064_nu0p010_s20261107,64,0.01,20261107,2.6000,2.30982725e-01,1.20995411e+00,1.20995411e-02,3.08312448e+00,5.84970667e+02
n064_nu0p010_s20261107,64,0.01,20261107,2.6200,2.30528388e-01,1.21435479e+00,1.21435479e-02,3.10884227e+00,5.97705549e+02
n064_nu0p010_s20261107,64,0.01,20261107,2.6400,2.30072795e-01,1.21874045e+00,1.21874045e-02,3.13400814e+00,6.10602875e+02
n064_nu0p010_s20261107,64,0.01,20261107,2.6600,2.29615950e-01,1.22311005e+00,1.22311005e-02,3.15939684e+00,6.23660435e+02
n064_nu0p010_s20261107,64,0.01,20261107,2.6800,2.29157854e-01,1.22746252e+00,1.22746252e-02,3.18611949e+00,6.36876213e+02
n064_nu0p010_s20261107,64,0.01,20261107,2.7000,2.28698511e-01,1.23179684e+00,1.23179684e-02,3.21191606e+00,6.50248387e+02
n064_nu0p010_s20261107,64,0.01,20261107,2.7200,2.28237924e-01,1.23611199e+00,1.23611199e-02,3.23679302e+00,6.63775340e+02
n064_nu0p010_s20261107,64,0.01,20261107,2.7400,2.27776097e-01,1.24040698e+00,1.24040698e-02,3.26076044e+00,6.77455656e+02
n064_nu0p010_s20261107,64,0.01,20261107,2.7600,2.27313035e-01,1.24468082e+00,1.24468082e-02,3.28383185e+00,6.91288128e+02
n064_nu0p010_s20261107,64,0.01,20261107,2.7800,2.26848742e-01,1.24893254e+00,1.24893254e-02,3.30602399e+00,7.05271747e+02
n064_nu0p010_s20261107,64,0.01,20261107,2.8000,2.26383223e-01,1.25316120e+00,1.25316120e-02,3.32735656e+00,7.19405706e+02
n064_nu0p010_s20261107,64,0.01,20261107,2.8200,2.25916484e-01,1.25736586e+00,1.25736586e-02,3.34785196e+00,7.33689390e+02
n064_nu0p010_s20261107,64,0.01,20261107,2.8400,2.25448531e-01,1.26154560e+00,1.26154560e-02,3.36753502e+00,7.48122370e+02
n064_nu0p010_s20261107,64,0.01,20261107,2.8600,2.24979371e-01,1.26569953e+00,1.26569953e-02,3.38643272e+00,7.62704397e+02
n064_nu0p010_s20261107,64,0.01,20261107,2.8800,2.24509010e-01,1.26982676e+00,1.26982676e-02,3.40457391e+00,7.77435390e+02
n064_nu0p010_s20261107,64,0.01,20261107,2.9000,2.24037455e-01,1.27392643e+00,1.27392643e-02,3.42198898e+00,7.92315426e+02
n064_nu0p010_s20261107,64,0.01,20261107,2.9200,2.23564714e-01,1.27799769e+00,1.27799769e-02,3.43937818e+00,8.07344728e+02
n064_nu0p010_s20261107,64,0.01,20261107,2.9400,2.23090794e-01,1.28203970e+00,1.28203970e-02,3.45795245e+00,8.22523652e+02
n064_nu0p010_s20261107,64,0.01,20261107,2.9600,2.22615705e-01,1.28605166e+00,1.28605166e-02,3.47762129e+00,8.37852671e+02
n064_nu0p010_s20261107,64,0.01,20261107,2.9800,2.22139454e-01,1.29003277e+00,1.29003277e-02,3.49717928e+00,8.53332366e+02
n064_nu0p010_s20261107,64,0.01,20261107,3.0000,2.21662050e-01,1.29398225e+00,1.29398225e-02,3.51640584e+00,8.68963403e+02
n064_nu0p010_s20261107,64,0.01,20261107,3.0200,2.21183504e-01,1.29789934e+00,1.29789934e-02,3.53531598e+00,8.84746520e+02
n064_nu0p010_s20261107,64,0.01,20261107,3.0400,2.20703823e-01,1.30178330e+00,1.30178330e-02,3.55392446e+00,9.00682510e+02
n064_nu0p010_s20261107,64,0.01,20261107,3.0600,2.20223018e-01,1.30563341e+00,1.30563341e-02,3.57224573e+00,9.16772201e+02
n064_nu0p010_s20261107,64,0.01,20261107,3.0800,2.19741100e-01,1.30944895e+00,1.30944895e-02,3.59029390e+00,9.33016440e+02
n064_nu0p010_s20261107,64,0.01,20261107,3.1000,2.19258079e-01,1.31322925e+00,1.31322925e-02,3.60808269e+00,9.49416069e+02
n064_nu0p010_s20261107,64,0.01,20261107,3.1200,2.18773965e-01,1.31697362e+00,1.31697362e-02,3.62562541e+00,9.65971911e+02
n064_nu0p010_s20261107,64,0.01,20261107,3.1400,2.18288770e-01,1.32068142e+00,1.32068142e-02,3.64293488e+00,9.82684745e+02
n064_nu0p010_s20261107,64,0.01,20261107,3.1600,2.17802505e-01,1.32435200e+00,1.32435200e-02,3.66002348e+00,9.99555286e+02
n064_nu0p010_s20261107,64,0.01,20261107,3.1800,2.17315181e-01,1.32798477e+00,1.32798477e-02,3.67690309e+00,1.01658417e+03
n064_nu0p010_s20261107,64,0.01,20261107,3.2000,2.16826811e-01,1.33157910e+00,1.33157910e-02,3.69358511e+00,1.03377191e+03
n064_nu0p010_s20261107,64,0.01,20261107,3.2200,2.16337406e-01,1.33513443e+00,1.33513443e-02,3.71008043e+00,1.05111892e+03
n064_nu0p010_s20261107,64,0.01,20261107,3.2400,2.15846979e-01,1.33865018e+00,1.33865018e-02,3.72639944e+00,1.06862543e+03
n064_nu0p010_s20261107,64,0.01,20261107,3.2600,2.15355543e-01,1.34212581e+00,1.34212581e-02,3.74255204e+00,1.08629155e+03
n064_nu0p010_s20261107,64,0.01,20261107,3.2800,2.14863109e-01,1.34556079e+00,1.34556079e-02,3.75854765e+00,1.10411714e+03
n064_nu0p010_s20261107,64,0.01,20261107,3.3000,2.14369692e-01,1.34895460e+00,1.34895460e-02,3.78364755e+00,1.12210189e+03
n064_nu0p010_s20261107,64,0.01,20261107,3.3200,2.13875303e-01,1.35230675e+00,1.35230675e-02,3.81186668e+00,1.14024524e+03
n064_nu0p010_s20261107,64,0.01,20261107,3.3400,2.13379958e-01,1.35561677e+00,1.35561677e-02,3.83973342e+00,1.15854639e+03
n064_nu0p010_s20261107,64,0.01,20261107,3.3600,2.12883668e-01,1.35888417e+00,1.35888417e-02,3.86726167e+00,1.17700426e+03
n064_nu0p010_s20261107,64,0.01,20261107,3.3800,2.12386449e-01,1.36210852e+00,1.36210852e-02,3.89446488e+00,1.19561749e+03
n064_nu0p010_s20261107,64,0.01,20261107,3.4000,2.11888313e-01,1.36528939e+00,1.36528939e-02,3.92135599e+00,1.21438442e+03
n064_nu0p010_s20261107,64,0.01,20261107,3.4200,2.11389275e-01,1.36842635e+00,1.36842635e-02,3.94794733e+00,1.23330306e+03
n064_nu0p010_s20261107,64,0.01,20261107,3.4400,2.10889348e-01,1.37151901e+00,1.37151901e-02,3.97425065e+00,1.25237110e+03
n064_nu0p010_s20261107,64,0.01,20261107,3.4600,2.10388548e-01,1.37456699e+00,1.37456699e-02,4.00027705e+00,1.27158588e+03
n064_nu0p010_s20261107,64,0.01,20261107,3.4800,2.09886889e-01,1.37756990e+00,1.37756990e-02,4.02603698e+00,1.29094438e+03
n064_nu0p010_s20261107,64,0.01,20261107,3.5000,2.09384386e-01,1.38052739e+00,1.38052739e-02,4.05154019e+00,1.31044324e+03
n064_nu0p010_s20261107,64,0.01,20261107,3.5200,2.08881052e-01,1.38343913e+00,1.38343913e-02,4.07679582e+00,1.33007871e+03
n064_nu0p010_s20261107,64,0.01,20261107,3.5400,2.08376904e-01,1.38630477e+00,1.38630477e-02,4.10181233e+00,1.34984668e+03
n064_nu0p010_s20261107,64,0.01,20261107,3.5600,2.07871955e-01,1.38912402e+00,1.38912402e-02,4.12659757e+00,1.36974266e+03
n064_nu0p010_s20261107,64,0.01,20261107,3.5800,2.07366221e-01,1.39189655e+00,1.39189655e-02,4.15115879e+00,1.38976181e+03
n064_nu0p010_s20261107,64,0.01,20261107,3.6000,2.06859718e-01,1.39462209e+00,1.39462209e-02,4.17550269e+00,1.40989887e+03
n064_nu0p010_s20261107,64,0.01,20261107,3.6200,2.06352459e-01,1.39730035e+00,1.39730035e-02,4.19963540e+00,1.43014826e+03
n064_nu0p010_s20261107,64,0.01,20261107,3.6400,2.05844462e-01,1.39993108e+00,1.39993108e-02,4.22356263e+00,1.45050401e+03
n064_nu0p010_s20261107,64,0.01,20261107,3.6600,2.05335740e-01,1.40251401e+00,1.40251401e-02,4.24728958e+00,1.47095982e+03
n064_nu0p010_s20261107,64,0.01,20261107,3.6800,2.04826310e-01,1.40504891e+00,1.40504891e-02,4.27082110e+00,1.49150902e+03
n064_nu0p010_s20261107,64,0.01,20261107,3.7000,2.04316186e-01,1.40753555e+00,1.40753555e-02,4.29416163e+00,1.51214463e+03
n064_nu0p010_s20261107,64,0.01,20261107,3.7200,2.03805386e-01,1.40997371e+00,1.40997371e-02,4.31735477e+00,1.53285934e+03
n064_nu0p010_s20261107,64,0.01,20261107,3.7400,2.03293923e-01,1.41236318e+00,1.41236318e-02,4.34221714e+00,1.55364555e+03
n064_nu0p010_s20261107,64,0.01,20261107,3.7600,2.02781814e-01,1.41470376e+00,1.41470376e-02,4.36694621e+00,1.57449536e+03
n064_nu0p010_s20261107,64,0.01,20261107,3.7800,2.02269075e-01,1.41699527e+00,1.41699527e-02,4.39153597e+00,1.59540061e+03
n064_nu0p010_s20261107,64,0.01,20261107,3.8000,2.01755721e-01,1.41923752e+00,1.41923752e-02,4.41598003e+00,1.61635288e+03
n064_nu0p010_s20261107,64,0.01,20261107,3.8200,2.01241768e-01,1.42143034e+00,1.42143034e-02,4.44027162e+00,1.63734352e+03
n064_nu0p010_s20261107,64,0.01,20261107,3.8400,2.00727232e-01,1.42357359e+00,1.42357359e-02,4.46440359e+00,1.65836367e+03
n064_nu0p010_s20261107,64,0.01,20261107,3.8600,2.00212129e-01,1.42566710e+00,1.42566710e-02,4.48836850e+00,1.67940427e+03
n064_nu0p010_s20261107,64,0.01,20261107,3.8800,1.99696474e-01,1.42771073e+00,1.42771073e-02,4.51215859e+00,1.70045607e+03
n064_nu0p010_s20261107,64,0.01,20261107,3.9000,1.99180284e-01,1.42970435e+00,1.42970435e-02,4.53576589e+00,1.72150970e+03
n064_nu0p010_s20261107,64,0.01,20261107,3.9200,1.98663574e-01,1.43164783e+00,1.43164783e-02,4.55918221e+00,1.74255562e+03
n064_nu0p010_s20261107,64,0.01,20261107,3.9400,1.98146361e-01,1.43354105e+00,1.43354105e-02,4.58239919e+00,1.76358419e+03
n064_nu0p010_s20261107,64,0.01,20261107,3.9600,1.97628659e-01,1.43538390e+00,1.43538390e-02,4.60540839e+00,1.78458567e+03
n064_nu0p010_s20261107,64,0.01,20261107,3.9800,1.97110485e-01,1.43717628e+00,1.43717628e-02,4.62820132e+00,1.80555023e+03
n064_nu0p010_s20261107,64,0.01,20261107,4.0000,1.96591855e-01,1.43891809e+00,1.43891809e-02,4.65076949e+00,1.82646800e+03
n064_nu0p010_s20261107,64,0.01,20261107,4.0200,1.96072785e-01,1.44060923e+00,1.44060923e-02,4.67310448e+00,1.84732904e+03
n064_nu0p010_s20261107,64,0.01,20261107,4.0400,1.95553290e-01,1.44224962e+00,1.44224962e-02,4.69519798e+00,1.86812342e+03
n064_nu0p010_s20261107,64,0.01,20261107,4.0600,1.95033387e-01,1.44383918e+00,1.44383918e-02,4.71704189e+00,1.88884115e+03
n064_nu0p010_s20261107,64,0.01,20261107,4.0800,1.94513091e-01,1.44537784e+00,1.44537784e-02,4.73862833e+00,1.90947230e+03
n064_nu0p010_s20261107,64,0.01,20261107,4.1000,1.93992418e-01,1.44686554e+00,1.44686554e-02,4.75994974e+00,1.93000694e+03
n064_nu0p010_s20261107,64,0.01,20261107,4.1200,1.93471383e-01,1.44830220e+00,1.44830220e-02,4.78099889e+00,1.95043516e+03
n064_nu0p010_s20261107,64,0.01,20261107,4.1400,1.92950003e-01,1.44968777e+00,1.44968777e-02,4.80176896e+00,1.97074713e+03
n064_nu0p010_s20261107,64,0.01,20261107,4.1600,1.92428293e-01,1.45102221e+00,1.45102221e-02,4.82225359e+00,1.99093308e+03
n064_nu0p010_s20261107,64,0.01,20261107,4.1800,1.91906269e-01,1.45230545e+00,1.45230545e-02,4.84244690e+00,2.01098332e+03
n064_nu0p010_s20261107,64,0.01,20261107,4.2000,1.91383946e-01,1.45353747e+00,1.45353747e-02,4.86234353e+00,2.03088825e+03
n064_nu0p010_s20261107,64,0.01,20261107,4.2200,1.90861341e-01,1.45471823e+00,1.45471823e-02,4.88193868e+00,2.05063839e+03
n064_nu0p010_s20261107,64,0.01,20261107,4.2400,1.90338468e-01,1.45584768e+00,1.45584768e-02,4.90122814e+00,2.07022438e+03
n064_nu0p010_s20261107,64,0.01,20261107,4.2600,1.89815343e-01,1.45692581e+00,1.45692581e-02,4.92020829e+00,2.08963699e+03
n064_nu0p010_s20261107,64,0.01,20261107,4.2800,1.89291982e-01,1.45795258e+00,1.45795258e-02,4.93887608e+00,2.10886714e+03
n064_nu0p010_s20261107,64,0.01,20261107,4.3000,1.88768399e-01,1.45892798e+00,1.45892798e-02,4.95722911e+00,2.12790591e+03
n064_nu0p010_s20261107,64,0.01,20261107,4.3200,1.88244611e-01,1.45985200e+00,1.45985200e-02,4.97526556e+00,2.14674456e+03
n064_nu0p010_s20261107,64,0.01,20261107,4.3400,1.87720633e-01,1.46072461e+00,1.46072461e-02,4.99298418e+00,2.16537453e+03
n064_nu0p010_s20261107,64,0.01,20261107,4.3600,1.87196479e-01,1.46154582e+00,1.46154582e-02,5.01038432e+00,2.18378744e+03
n064_nu0p010_s20261107,64,0.01,20261107,4.3800,1.86672166e-01,1.46231561e+00,1.46231561e-02,5.02746585e+00,2.20197515e+03
n064_nu0p010_s20261107,64,0.01,20261107,4.4000,1.86147707e-01,1.46303399e+00,1.46303399e-02,5.04887594e+00,2.21992972e+03
n064_nu0p010_s20261107,64,0.01,20261107,4.4200,1.85623119e-01,1.46370096e+00,1.46370096e-02,5.07007827e+00,2.23764343e+03
n064_nu0p010_s20261107,64,0.01,20261107,4.4400,1.85098417e-01,1.46431653e+00,1.46431653e-02,5.09037784e+00,2.25510881e+03
n064_nu0p010_s20261107,64,0.01,20261107,4.4600,1.84573614e-01,1.46488071e+00,1.46488071e-02,5.10974641e+00,2.27231865e+03
n064_nu0p010_s20261107,64,0.01,20261107,4.4800,1.84048727e-01,1.46539351e+00,1.46539351e-02,5.12815698e+00,2.28926598e+03
n064_nu0p010_s20261107,64,0.01,20261107,4.5000,1.83523770e-01,1.46585496e+00,1.46585496e-02,5.14558392e+00,2.30594410e+03
n064_nu0p010_s20261107,64,0.01,20261107,4.5200,1.82998758e-01,1.46626507e+00,1.46626507e-02,5.16200298e+00,2.32234659e+03
n064_nu0p010_s20261107,64,0.01,20261107,4.5400,1.82473705e-01,1.46662387e+00,1.46662387e-02,5.17739147e+00,2.33846731e+03
n064_nu0p010_s20261107,64,0.01,20261107,4.5600,1.81948626e-01,1.46693140e+00,1.46693140e-02,5.19172827e+00,2.35430039e+03
n064_nu0p010_s20261107,64,0.01,20261107,4.5800,1.81423536e-01,1.46718768e+00,1.46718768e-02,5.20499397e+00,2.36984029e+03
n064_nu0p010_s20261107,64,0.01,20261107,4.6000,1.80898449e-01,1.46739276e+00,1.46739276e-02,5.21717090e+00,2.38508173e+03
n064_nu0p010_s20261107,64,0.01,20261107,4.6200,1.80373380e-01,1.46754667e+00,1.46754667e-02,5.22824320e+00,2.40001974e+03
n064_nu0p010_s20261107,64,0.01,20261107,4.6400,1.79848343e-01,1.46764948e+00,1.46764948e-02,5.23819689e+00,2.41464967e+03
n064_nu0p010_s20261107,64,0.01,20261107,4.6600,1.79323353e-01,1.46770121e+00,1.46770121e-02,5.24701993e+00,2.42896715e+03
n064_nu0p010_s20261107,64,0.01,20261107,4.6800,1.78798423e-01,1.46770195e+00,1.46770195e-02,5.27199032e+00,2.44296813e+03
n064_nu0p010_s20261107,64,0.01,20261107,4.7000,1.78273568e-01,1.46765173e+00,1.46765173e-02,5.29682523e+00,2.45664887e+03
n064_nu0p010_s20261107,64,0.01,20261107,4.7200,1.77748802e-01,1.46755063e+00,1.46755063e-02,5.32120064e+00,2.47000591e+03
n064_nu0p010_s20261107,64,0.01,20261107,4.7400,1.77224140e-01,1.46739871e+00,1.46739871e-02,5.34511308e+00,2.48303613e+03
n064_nu0p010_s20261107,64,0.01,20261107,4.7600,1.76699594e-01,1.46719606e+00,1.46719606e-02,5.36855913e+00,2.49573667e+03
n064_nu0p010_s20261107,64,0.01,20261107,4.7800,1.76175179e-01,1.46694274e+00,1.46694274e-02,5.39153546e+00,2.50810498e+03
n064_nu0p010_s20261107,64,0.01,20261107,4.8000,1.75650910e-01,1.46663885e+00,1.46663885e-02,5.41403880e+00,2.52013880e+03
n064_nu0p010_s20261107,64,0.01,20261107,4.8200,1.75126799e-01,1.46628446e+00,1.46628446e-02,5.43606600e+00,2.53183616e+03
n064_nu0p010_s20261107,64,0.01,20261107,4.8400,1.74602861e-01,1.46587969e+00,1.46587969e-02,5.45761399e+00,2.54319535e+03
n064_nu0p010_s20261107,64,0.01,20261107,4.8600,1.74079109e-01,1.46542462e+00,1.46542462e-02,5.47867982e+00,2.55421495e+03
n064_nu0p010_s20261107,64,0.01,20261107,4.8800,1.73555558e-01,1.46491936e+00,1.46491936e-02,5.49926067e+00,2.56489378e+03
n064_nu0p010_s20261107,64,0.01,20261107,4.9000,1.73032219e-01,1.46436402e+00,1.46436402e-02,5.51935383e+00,2.57523093e+03
n064_nu0p010_s20261107,64,0.01,20261107,4.9200,1.72509108e-01,1.46375872e+00,1.46375872e-02,5.53895672e+00,2.58522574e+03
n064_nu0p010_s20261107,64,0.01,20261107,4.9400,1.71986238e-01,1.46310359e+00,1.46310359e-02,5.55806691e+00,2.59487778e+03
n064_nu0p010_s20261107,64,0.01,20261107,4.9600,1.71463622e-01,1.46239875e+00,1.46239875e-02,5.57668211e+00,2.60418683e+03
n064_nu0p010_s20261107,64,0.01,20261107,4.9800,1.70941273e-01,1.46164433e+00,1.46164433e-02,5.59480019e+00,2.61315293e+03
n064_nu0p010_s20261107,64,0.01,20261107,5.0000,1.70419205e-01,1.46084049e+00,1.46084049e-02,5.61241917e+00,2.62177629e+03
n064_nu0p010_s20261107,64,0.01,20261107,5.0200,1.69897431e-01,1.45998737e+00,1.45998737e-02,5.62953723e+00,2.63005733e+03
n064_nu0p010_s20261107,64,0.01,20261107,5.0400,1.69375964e-01,1.45908512e+00,1.45908512e-02,5.64615273e+00,2.63799668e+03
n064_nu0p010_s20261107,64,0.01,20261107,5.0600,1.68854819e-01,1.45813390e+00,1.45813390e-02,5.66226419e+00,2.64559512e+03
n064_nu0p010_s20261107,64,0.01,20261107,5.0800,1.68334006e-01,1.45713390e+00,1.45713390e-02,5.67787032e+00,2.65285363e+03
n064_nu0p010_s20261107,64,0.01,20261107,5.1000,1.67813541e-01,1.45608527e+00,1.45608527e-02,5.69296999e+00,2.65977333e+03
n064_nu0p010_s20261107,64,0.01,20261107,5.1200,1.67293436e-01,1.45498822e+00,1.45498822e-02,5.70756229e+00,2.66635550e+03
n064_nu0p010_s20261107,64,0.01,20261107,5.1400,1.66773704e-01,1.45384292e+00,1.45384292e-02,5.72164644e+00,2.67260157e+03
n064_nu0p010_s20261107,64,0.01,20261107,5.1600,1.66254357e-01,1.45264958e+00,1.45264958e-02,5.73522190e+00,2.67851311e+03
n064_nu0p010_s20261107,64,0.01,20261107,5.1800,1.65735410e-01,1.45140840e+00,1.45140840e-02,5.74828830e+00,2.68409180e+03
n064_nu0p010_s20261107,64,0.01,20261107,5.2000,1.65216874e-01,1.45011960e+00,1.45011960e-02,5.76084545e+00,2.68933947e+03
n064_nu0p010_s20261107,64,0.01,20261107,5.2200,1.64698764e-01,1.44878340e+00,1.44878340e-02,5.77289338e+00,2.69425804e+03
n064_nu0p010_s20261107,64,0.01,20261107,5.2400,1.64181090e-01,1.44740003e+00,1.44740003e-02,5.78443228e+00,2.69884955e+03
n064_nu0p010_s20261107,64,0.01,20261107,5.2600,1.63663868e-01,1.44596973e+00,1.44596973e-02,5.79546256e+00,2.70311613e+03
n064_nu0p010_s20261107,64,0.01,20261107,5.2800,1.63147108e-01,1.44449274e+00,1.44449274e-02,5.80598481e+00,2.70706001e+03
n064_nu0p010_s20261107,64,0.01,20261107,5.3000,1.62630824e-01,1.44296931e+00,1.44296931e-02,5.81599982e+00,2.71068352e+03
n064_nu0p010_s20261107,64,0.01,20261107,5.3200,1.62115029e-01,1.44139972e+00,1.44139972e-02,5.82550857e+00,2.71398907e+03
n064_nu0p010_s20261107,64,0.01,20261107,5.3400,1.61599735e-01,1.43978423e+00,1.43978423e-02,5.83451222e+00,2.71697912e+03
n064_nu0p010_s20261107,64,0.01,20261107,5.3600,1.61084954e-01,1.43812312e+00,1.43812312e-02,5.84301213e+00,2.71965624e+03
n064_nu0p010_s20261107,64,0.01,20261107,5.3800,1.60570701e-01,1.43641667e+00,1.43641667e-02,5.85100984e+00,2.72202306e+03
n064_nu0p010_s20261107,64,0.01,20261107,5.4000,1.60056986e-01,1.43466517e+00,1.43466517e-02,5.85850707e+00,2.72408226e+03
n064_nu0p010_s20261107,64,0.01,20261107,5.4200,1.59543822e-01,1.43286894e+00,1.43286894e-02,5.86550574e+00,2.72583659e+03
n064_nu0p010_s20261107,64,0.01,20261107,5.4400,1.59031223e-01,1.43102829e+00,1.43102829e-02,5.87200792e+00,2.72728887e+03
n064_nu0p010_s20261107,64,0.01,20261107,5.4600,1.58519200e-01,1.42914352e+00,1.42914352e-02,5.87801588e+00,2.72844194e+03
n064_nu0p010_s20261107,64,0.01,20261107,5.4800,1.58007765e-01,1.42721497e+00,1.42721497e-02,5.88353205e+00,2.72929874e+03
n064_nu0p010_s20261107,64,0.01,20261107,5.5000,1.57496932e-01,1.42524298e+00,1.42524298e-02,5.88855901e+00,2.72986220e+03
n064_nu0p010_s20261107,64,0.01,20261107,5.5200,1.56986713e-01,1.42322788e+00,1.42322788e-02,5.89309952e+00,2.73013535e+03
n064_nu0p010_s20261107,64,0.01,20261107,5.5400,1.56477119e-01,1.42117002e+00,1.42117002e-02,5.89715651e+00,2.73012122e+03
n064_nu0p010_s20261107,64,0.01,20261107,5.5600,1.55968163e-01,1.41906977e+00,1.41906977e-02,5.90073304e+00,2.72982290e+03
n064_nu0p010_s20261107,64,0.01,20261107,5.5800,1.55459857e-01,1.41692749e+00,1.41692749e-02,5.90383233e+00,2.72924351e+03
n064_nu0p010_s20261107,64,0.01,20261107,5.6000,1.54952214e-01,1.41474355e+00,1.41474355e-02,5.90645773e+00,2.72838621e+03
n064_nu0p010_s20261107,64,0.01,20261107,5.6200,1.54445245e-01,1.41251833e+00,1.41251833e-02,5.90861274e+00,2.72725419e+03
n064_nu0p010_s20261107,64,0.01,20261107,5.6400,1.53938963e-01,1.41025222e+00,1.41025222e-02,5.91030100e+00,2.72585067e+03
n064_nu0p010_s20261107,64,0.01,20261107,5.6600,1.53433379e-01,1.40794561e+00,1.40794561e-02,5.91152625e+00,2.72417889e+03
n064_nu0p010_s20261107,64,0.01,20261107,5.6800,1.52928507e-01,1.40559891e+00,1.40559891e-02,5.91229239e+00,2.72224215e+03
n064_nu0p010_s20261107,64,0.01,20261107,5.7000,1.52424356e-01,1.40321252e+00,1.40321252e-02,5.91260339e+00,2.72004373e+03
n064_nu0p010_s20261107,64,0.01,20261107,5.7200,1.51920940e-01,1.40078685e+00,1.40078685e-02,5.91246337e+00,2.71758696e+03
n064_nu0p010_s20261107,64,0.01,20261107,5.7400,1.51418271e-01,1.39832233e+00,1.39832233e-02,5.91187652e+00,2.71487520e+03
n064_nu0p010_s20261107,64,0.01,20261107,5.7600,1.50916359e-01,1.39581939e+00,1.39581939e-02,5.91084717e+00,2.71191180e+03
n064_nu0p010_s20261107,64,0.01,20261107,5.7800,1.50415217e-01,1.39327845e+00,1.39327845e-02,5.90937971e+00,2.70870017e+03
n064_nu0p010_s20261107,64,0.01,20261107,5.8000,1.49914857e-01,1.39069995e+00,1.39069995e-02,5.90747861e+00,2.70524371e+03
n064_nu0p010_s20261107,64,0.01,20261107,5.8200,1.49415290e-01,1.38808435e+00,1.38808435e-02,5.90514846e+00,2.70154585e+03
n064_nu0p010_s20261107,64,0.01,20261107,5.8400,1.48916527e-01,1.38543208e+00,1.38543208e-02,5.90239389e+00,2.69761003e+03
n064_nu0p010_s20261107,64,0.01,20261107,5.8600,1.48418580e-01,1.38274360e+00,1.38274360e-02,5.89921961e+00,2.69343970e+03
n064_nu0p010_s20261107,64,0.01,20261107,5.8800,1.47921461e-01,1.38001938e+00,1.38001938e-02,5.89563040e+00,2.68903834e+03
n064_nu0p010_s20261107,64,0.01,20261107,5.9000,1.47425181e-01,1.37725987e+00,1.37725987e-02,5.89163110e+00,2.68440943e+03
n064_nu0p010_s20261107,64,0.01,20261107,5.9200,1.46929751e-01,1.37446554e+00,1.37446554e-02,5.88722659e+00,2.67955647e+03
n064_nu0p010_s20261107,64,0.01,20261107,5.9400,1.46435182e-01,1.37163687e+00,1.37163687e-02,5.88242181e+00,2.67448297e+03
n064_nu0p010_s20261107,64,0.01,20261107,5.9600,1.45941486e-01,1.36877433e+00,1.36877433e-02,5.87722174e+00,2.66919244e+03
n064_nu0p010_s20261107,64,0.01,20261107,5.9800,1.45448674e-01,1.36587841e+00,1.36587841e-02,5.87163139e+00,2.66368841e+03
n064_nu0p010_s20261107,64,0.01,20261107,6.0000,1.44956756e-01,1.36294959e+00,1.36294959e-02,5.87282256e+00,2.65797441e+03
n064_nu0p005_s20261101,64,0.005,20261101,0.0000,2.81685283e-01,1.01157012e+00,5.05785062e-03,2.95638319e+00,2.99792238e+03
n064_nu0p005_s20261101,64,0.005,20261101,0.0200,2.81510269e-01,1.00768266e+00,5.03841331e-03,2.93643764e+00,2.84728632e+03
n064_nu0p005_s20261101,64,0.005,20261101,0.0400,2.81336778e-01,1.00402972e+00,5.02014858e-03,2.91541582e+00,2.70940149e+03
n064_nu0p005_s20261101,64,0.005,20261101,0.0600,2.81164760e-01,1.00060189e+00,5.00300943e-03,2.89345209e+00,2.58299960e+03
n064_nu0p005_s20261101,64,0.005,20261101,0.0800,2.80994170e-01,9.97390305e-01,4.98695152e-03,2.87067128e+00,2.46694771e+03
n064_nu0p005_s20261101,64,0.005,20261101,0.1000,2.80824959e-01,9.94386703e-01,4.97193352e-03,2.85097719e+00,2.36023066e+03
n064_nu0p005_s20261101,64,0.005,20261101,0.1200,2.80657083e-01,9.91583520e-01,4.95791760e-03,2.86156493e+00,2.26194285e+03
n064_nu0p005_s20261101,64,0.005,20261101,0.1400,2.80490498e-01,9.88973966e-01,4.94486983e-03,2.87875667e+00,2.17128426e+03
n064_nu0p005_s20261101,64,0.005,20261101,0.1600,2.80325162e-01,9.86552002e-01,4.93276001e-03,2.89503438e+00,2.08755518e+03
n064_nu0p005_s20261101,64,0.005,20261101,0.1800,2.80161033e-01,9.84312214e-01,4.92156107e-03,2.91031064e+00,2.01014517e+03
n064_nu0p005_s20261101,64,0.005,20261101,0.2000,2.79998071e-01,9.82249594e-01,4.91124797e-03,2.92449776e+00,1.93851636e+03
n064_nu0p005_s20261101,64,0.005,20261101,0.2200,2.79836233e-01,9.80359325e-01,4.90179663e-03,2.93751033e+00,1.87218416e+03
n064_nu0p005_s20261101,64,0.005,20261101,0.2400,2.79675475e-01,9.78636603e-01,4.89318301e-03,2.94926745e+00,1.81070107e+03
n064_nu0p005_s20261101,64,0.005,20261101,0.2600,2.79515754e-01,9.77076574e-01,4.88538287e-03,2.95969448e+00,1.75364766e+03
n064_nu0p005_s20261101,64,0.005,20261101,0.2800,2.79357021e-01,9.75674387e-01,4.87837194e-03,2.96872437e+00,1.70063202e+03
n064_nu0p005_s20261101,64,0.005,20261101,0.3000,2.79199231e-01,9.74425328e-01,4.87212664e-03,2.97629847e+00,1.65129572e+03
n064_nu0p005_s20261101,64,0.005,20261101,0.3200,2.79042337e-01,9.73324989e-01,4.86662494e-03,2.98236698e+00,1.60532153e+03
n064_nu0p005_s20261101,64,0.005,20261101,0.3400,2.78886293e-01,9.72369397e-01,4.86184699e-03,2.98688907e+00,1.56243824e+03
n064_nu0p005_s20261101,64,0.005,20261101,0.3600,2.78731057e-01,9.71555079e-01,4.85777540e-03,2.98983269e+00,1.52241973e+03
n064_nu0p005_s20261101,64,0.005,20261101,0.3800,2.78576587e-01,9.70879021e-01,4.85439511e-03,2.99117428e+00,1.48507768e+03
n064_nu0p005_s20261101,64,0.005,20261101,0.4000,2.78422844e-01,9.70338568e-01,4.85169284e-03,2.99089839e+00,1.45025028e+03
n064_nu0p005_s20261101,64,0.005,20261101,0.4200,2.78269790e-01,9.69931279e-01,4.84965639e-03,2.98899725e+00,1.41778999e+03
n064_nu0p005_s20261101,64,0.005,20261101,0.4400,2.78117388e-01,9.69654794e-01,4.84827397e-03,2.98547045e+00,1.38755371e+03
n064_nu0p005_s20261101,64,0.005,20261101,0.4600,2.77965599e-01,9.69506734e-01,4.84753367e-03,2.98032468e+00,1.35939702e+03
n064_nu0p005_s20261101,64,0.005,20261101,0.4800,2.77814388e-01,9.69484653e-01,4.84742327e-03,2.98009713e+00,1.33317302e+03
n064_nu0p005_s20261101,64,0.005,20261101,0.5000,2.77663716e-01,9.69586043e-01,4.84793022e-03,2.98511362e+00,1.30873470e+03
n064_nu0p005_s20261101,64,0.005,20261101,0.5200,2.77513545e-01,9.69808375e-01,4.84904188e-03,2.98852383e+00,1.28593938e+03
n064_nu0p005_s20261101,64,0.005,20261101,0.5400,2.77363838e-01,9.70149159e-01,4.85074579e-03,2.99030187e+00,1.26465363e+03
n064_nu0p005_s20261101,64,0.005,20261101,0.5600,2.77214558e-01,9.70605998e-01,4.85302999e-03,2.99042628e+00,1.24475742e+03
n064_nu0p005_s20261101,64,0.005,20261101,0.5800,2.77065666e-01,9.71176642e-01,4.85588321e-03,2.98888052e+00,1.22614662e+03
n064_nu0p005_s20261101,64,0.005,20261101,0.6000,2.76917127e-01,9.71859006e-01,4.85929503e-03,2.98565356e+00,1.20873366e+03
n064_nu0p005_s20261101,64,0.005,20261101,0.6200,2.76768903e-01,9.72651182e-01,4.86325591e-03,2.98074066e+00,1.19244620e+03
n064_nu0p005_s20261101,64,0.005,20261101,0.6400,2.76620960e-01,9.73551426e-01,4.86775713e-03,2.97414420e+00,1.17722407e+03
n064_nu0p005_s20261101,64,0.005,20261101,0.6600,2.76473263e-01,9.74558141e-01,4.87279071e-03,2.96587437e+00,1.16301520e+03
n064_nu0p005_s20261101,64,0.005,20261101,0.6800,2.76325778e-01,9.75669855e-01,4.87834927e-03,2.95594989e+00,1.14977129e+03
n064_nu0p005_s20261101,64,0.005,20261101,0.7000,2.76178473e-01,9.76885201e-01,4.88442601e-03,2.94439839e+00,1.13744403e+03
n064_nu0p005_s20261101,64,0.005,20261101,0.7200,2.76031314e-01,9.78202916e-01,4.89101458e-03,2.93125650e+00,1.12598286e+03
n064_nu0p005_s20261101,64,0.005,20261101,0.7400,2.75884273e-01,9.79621832e-01,4.89810916e-03,2.91656962e+00,1.11533419e+03
n064_nu0p005_s20261101,64,0.005,20261101,0.7600,2.75737317e-01,9.81140891e-01,4.90570446e-03,2.90039123e+00,1.10544244e+03
n064_nu0p005_s20261101,64,0.005,20261101,0.7800,2.75590420e-01,9.82759154e-01,4.91379577e-03,2.88278186e+00,1.09625189e+03
n064_nu0p005_s20261101,64,0.005,20261101,0.8000,2.75443553e-01,9.84475808e-01,4.92237904e-03,2.86380773e+00,1.08770891e+03
n064_nu0p005_s20261101,64,0.005,20261101,0.8200,2.75296691e-01,9.86290168e-01,4.93145084e-03,2.84353915e+00,1.07976381e+03
n064_nu0p005_s20261101,64,0.005,20261101,0.8400,2.75149808e-01,9.88201678e-01,4.94100839e-03,2.82204879e+00,1.07237189e+03
n064_nu0p005_s20261101,64,0.005,20261101,0.8600,2.75002880e-01,9.90209892e-01,4.95104946e-03,2.80980382e+00,1.06549377e+03
n064_nu0p005_s20261101,64,0.005,20261101,0.8800,2.74855885e-01,9.92314461e-01,4.96157230e-03,2.79656856e+00,1.05909534e+03
n064_nu0p005_s20261101,64,0.005,20261101,0.9000,2.74708800e-01,9.94515116e-01,4.97257558e-03,2.78179222e+00,1.05314760e+03
n064_nu0p005_s20261101,64,0.005,20261101,0.9200,2.74561604e-01,9.96811650e-01,4.98405825e-03,2.76553303e+00,1.04762685e+03
n064_nu0p005_s20261101,64,0.005,20261101,0.9400,2.74414275e-01,9.99203899e-01,4.99601950e-03,2.74785596e+00,1.04251511e+03
n064_nu0p005_s20261101,64,0.005,20261101,0.9600,2.74266792e-01,1.00169174e+00,5.00845868e-03,2.72883090e+00,1.03780066e+03
n064_nu0p005_s20261101,64,0.005,20261101,0.9800,2.74119134e-01,1.00427505e+00,5.02137525e-03,2.70853070e+00,1.03347832e+03
n064_nu0p005_s20261101,64,0.005,20261101,1.0000,2.73971279e-01,1.00695374e+00,5.03476869e-03,2.68702920e+00,1.02954918e+03
n064_nu0p005_s20261101,64,0.005,20261101,1.0200,2.73823206e-01,1.00972769e+00,5.04863844e-03,2.66439941e+00,1.02601954e+03
n064_nu0p005_s20261101,64,0.005,20261101,1.0400,2.73674894e-01,1.01259677e+00,5.06298383e-03,2.64071195e+00,1.02289927e+03
n064_nu0p005_s20261101,64,0.005,20261101,1.0600,2.73526318e-01,1.01556080e+00,5.07780398e-03,2.61603386e+00,1.02019970e+03
n064_nu0p005_s20261101,64,0.005,20261101,1.0800,2.73377456e-01,1.01861955e+00,5.09309777e-03,2.59042781e+00,1.01793162e+03
n064_nu0p005_s20261101,64,0.005,20261101,1.1000,2.73228284e-01,1.02177276e+00,5.10886381e-03,2.56395180e+00,1.01610358e+03
n064_nu0p005_s20261101,64,0.005,20261101,1.1200,2.73078777e-01,1.02502007e+00,5.12510035e-03,2.53665917e+00,1.01472079e+03
n064_nu0p005_s20261101,64,0.005,20261101,1.1400,2.72928911e-01,1.02836108e+00,5.14180539e-03,2.50859913e+00,1.01378472e+03
n064_nu0p005_s20261101,64,0.005,20261101,1.1600,2.72778658e-01,1.03179532e+00,5.15897661e-03,2.47981747e+00,1.01329307e+03
n064_nu0p005_s20261101,64,0.005,20261101,1.1800,2.72627994e-01,1.03532228e+00,5.17661142e-03,2.46572638e+00,1.01324021e+03
n064_nu0p005_s20261101,64,0.005,20261101,1.2000,2.72476892e-01,1.03894141e+00,5.19470707e-03,2.46929347e+00,1.01361753e+03
n064_nu0p005_s20261101,64,0.005,20261101,1.2200,2.72325325e-01,1.04265212e+00,5.21326062e-03,2.46714060e+00,1.01441387e+03
n064_nu0p005_s20261101,64,0.005,20261101,1.2400,2.72173266e-01,1.04645381e+00,5.23226905e-03,2.45936148e+00,1.01561564e+03
n064_nu0p005_s20261101,64,0.005,20261101,1.2600,2.72020688e-01,1.05034587e+00,5.25172933e-03,2.45691052e+00,1.01720688e+03
n064_nu0p005_s20261101,64,0.005,20261101,1.2800,2.71867565e-01,1.05432769e+00,5.27163845e-03,2.45274394e+00,1.01916922e+03
n064_nu0p005_s20261101,64,0.005,20261101,1.3000,2.71713870e-01,1.05839871e+00,5.29199357e-03,2.45836828e+00,1.02148179e+03
n064_nu0p005_s20261101,64,0.005,20261101,1.3200,2.71559578e-01,1.06255841e+00,5.31279204e-03,2.47799591e+00,1.02412129e+03
n064_nu0p005_s20261101,64,0.005,20261101,1.3400,2.71404664e-01,1.06680629e+00,5.33403146e-03,2.51908928e+00,1.02706220e+03
n064_nu0p005_s20261101,64,0.005,20261101,1.3600,2.71249102e-01,1.07114196e+00,5.35570978e-03,2.55450397e+00,1.03027709e+03
n064_nu0p005_s20261101,64,0.005,20261101,1.3800,2.71092870e-01,1.07556505e+00,5.37782526e-03,2.58390020e+00,1.03373724e+03
n064_nu0p005_s20261101,64,0.005,20261101,1.4000,2.70935942e-01,1.08007530e+00,5.40037649e-03,2.60702901e+00,1.03741341e+03
n064_nu0p005_s20261101,64,0.005,20261101,1.4200,2.70778297e-01,1.08467247e+00,5.42336237e-03,2.62736605e+00,1.04127676e+03
n064_nu0p005_s20261101,64,0.005,20261101,1.4400,2.70619913e-01,1.08935642e+00,5.44678209e-03,2.65016287e+00,1.04530000e+03
n064_nu0p005_s20261101,64,0.005,20261101,1.4600,2.70460768e-01,1.09412701e+00,5.47063505e-03,2.67021362e+00,1.04945853e+03
n064_nu0p005_s20261101,64,0.005,20261101,1.4800,2.70300842e-01,1.09898416e+00,5.49492078e-03,2.70372941e+00,1.05373166e+03
n064_nu0p005_s20261101,64,0.005,20261101,1.5000,2.70140114e-01,1.10392779e+00,5.51963895e-03,2.73596697e+00,1.05810361e+03
n064_nu0p005_s20261101,64,0.005,20261101,1.5200,2.69978565e-01,1.10895785e+00,5.54478926e-03,2.76681803e+00,1.06256442e+03
n064_nu0p005_s20261101,64,0.005,20261101,1.5400,2.69816175e-01,1.11407428e+00,5.57037139e-03,2.79619701e+00,1.06711048e+03
n064_nu0p005_s20261101,64,0.005,20261101,1.5600,2.69652925e-01,1.11927700e+00,5.59638498e-03,2.82404369e+00,1.07174474e+03
n064_nu0p005_s20261101,64,0.005,20261101,1.5800,2.69488797e-01,1.12456592e+00,5.62282961e-03,2.85032417e+00,1.07647657e+03
n064_nu0p005_s20261101,64,0.005,20261101,1.6000,2.69323771e-01,1.12994094e+00,5.64970471e-03,2.87503034e+00,1.08132130e+03
n064_nu0p005_s20261101,64,0.005,20261101,1.6200,2.69157830e-01,1.13540192e+00,5.67700960e-03,2.89817790e+00,1.08629957e+03
n064_nu0p005_s20261101,64,0.005,20261101,1.6400,2.68990956e-01,1.14094868e+00,5.70474342e-03,2.91980324e+00,1.09143645e+03
n064_nu0p005_s20261101,64,0.005,20261101,1.6600,2.68823129e-01,1.14658103e+00,5.73290516e-03,2.93995946e+00,1.09676065e+03
n064_nu0p005_s20261101,64,0.005,20261101,1.6800,2.68654334e-01,1.15229872e+00,5.76149361e-03,2.96166882e+00,1.10230366e+03
n064_nu0p005_s20261101,64,0.005,20261101,1.7000,2.68484551e-01,1.15810148e+00,5.79050739e-03,2.98583967e+00,1.10809907e+03
n064_nu0p005_s20261101,64,0.005,20261101,1.7200,2.68313763e-01,1.16398898e+00,5.81994492e-03,3.00847406e+00,1.11418200e+03
n064_nu0p005_s20261101,64,0.005,20261101,1.7400,2.68141952e-01,1.16996089e+00,5.84980444e-03,3.02965445e+00,1.12058856e+03
n064_nu0p005_s20261101,64,0.005,20261101,1.7600,2.67969100e-01,1.17601679e+00,5.88008397e-03,3.04946460e+00,1.12735560e+03
n064_nu0p005_s20261101,64,0.005,20261101,1.7800,2.67795190e-01,1.18215627e+00,5.91078137e-03,3.06798540e+00,1.13452031e+03
n064_nu0p005_s20261101,64,0.005,20261101,1.8000,2.67620205e-01,1.18837885e+00,5.94189426e-03,3.09123898e+00,1.14212007e+03
n064_nu0p005_s20261101,64,0.005,20261101,1.8200,2.67444126e-01,1.19468401e+00,5.97342006e-03,3.13021387e+00,1.15019215e+03
n064_nu0p005_s20261101,64,0.005,20261101,1.8400,2.67266936e-01,1.20107119e+00,6.00535596e-03,3.16841942e+00,1.15877350e+03
n064_nu0p005_s20261101,64,0.005,20261101,1.8600,2.67088618e-01,1.20753978e+00,6.03769892e-03,3.20584964e+00,1.16790057e+03
n064_nu0p005_s20261101,64,0.005,20261101,1.8800,2.66909154e-01,1.21408913e+00,6.07044564e-03,3.24249771e+00,1.17760895e+03
n064_nu0p005_s20261101,64,0.005,20261101,1.9000,2.66728527e-01,1.22071852e+00,6.10359259e-03,3.27835482e+00,1.18793326e+03
n064_nu0p005_s20261101,64,0.005,20261101,1.9200,2.66546720e-01,1.22742719e+00,6.13713597e-03,3.31340931e+00,1.19890681e+03
n064_nu0p005_s20261101,64,0.005,20261101,1.9400,2.66363715e-01,1.23421434e+00,6.17107172e-03,3.34764639e+00,1.21056143e+03
n064_nu0p005_s20261101,64,0.005,20261101,1.9600,2.66179495e-01,1.24107910e+00,6.20539552e-03,3.38104832e+00,1.22292726e+03
n064_nu0p005_s20261101,64,0.005,20261101,1.9800,2.65994044e-01,1.24802056e+00,6.24010282e-03,3.41359520e+00,1.23603257e+03
n064_nu0p005_s20261101,64,0.005,20261101,2.0000,2.65807344e-01,1.25503777e+00,6.27518884e-03,3.44526607e+00,1.24990371e+03
n064_nu0p005_s20261101,64,0.005,20261101,2.0200,2.65619379e-01,1.26212972e+00,6.31064859e-03,3.47604054e+00,1.26456500e+03
n064_nu0p005_s20261101,64,0.005,20261101,2.0400,2.65430132e-01,1.26929537e+00,6.34647686e-03,3.50590049e+00,1.28003882e+03
n064_nu0p005_s20261101,64,0.005,20261101,2.0600,2.65239587e-01,1.27653366e+00,6.38266830e-03,3.53483207e+00,1.29634572e+03
n064_nu0p005_s20261101,64,0.005,20261101,2.0800,2.65047729e-01,1.28384348e+00,6.41921740e-03,3.56282755e+00,1.31350470e+03
n064_nu0p005_s20261101,64,0.005,20261101,2.1000,2.64854540e-01,1.29122370e+00,6.45611851e-03,3.58988712e+00,1.33153351e+03
n064_nu0p005_s20261101,64,0.005,20261101,2.1200,2.64660006e-01,1.29867318e+00,6.49336590e-03,3.61602033e+00,1.35044913e+03
n064_nu0p005_s20261101,64,0.005,20261101,2.1400,2.64464112e-01,1.30619075e+00,6.53095373e-03,3.64124728e+00,1.37026829e+03
n064_nu0p005_s20261101,64,0.005,20261101,2.1600,2.64266842e-01,1.31377522e+00,6.56887608e-03,3.66559923e+00,1.39100799e+03
n064_nu0p005_s20261101,64,0.005,20261101,2.1800,2.64068182e-01,1.32142540e+00,6.60712700e-03,3.68911885e+00,1.41268616e+03
n064_nu0p005_s20261101,64,0.005,20261101,2.2000,2.63868119e-01,1.32914009e+00,6.64570047e-03,3.71185988e+00,1.43532212e+03
n064_nu0p005_s20261101,64,0.005,20261101,2.2200,2.63666637e-01,1.33691809e+00,6.68459043e-03,3.73388642e+00,1.45893712e+03
n064_nu0p005_s20261101,64,0.005,20261101,2.2400,2.63463725e-01,1.34475816e+00,6.72379078e-03,3.75527167e+00,1.48355467e+03
n064_nu0p005_s20261101,64,0.005,20261101,2.2600,2.63259368e-01,1.35265907e+00,6.76329537e-03,3.77609645e+00,1.50920075e+03
n064_nu0p005_s20261101,64,0.005,20261101,2.2800,2.63053554e-01,1.36061960e+00,6.80309799e-03,3.79644733e+00,1.53590391e+03
n064_nu0p005_s20261101,64,0.005,20261101,2.3000,2.62846270e-01,1.36863848e+00,6.84319242e-03,3.81641476e+00,1.56369516e+03
n064_nu0p005_s20261101,64,0.005,20261101,2.3200,2.62637505e-01,1.37671447e+00,6.88357233e-03,3.83646768e+00,1.59260769e+03
n064_nu0p005_s20261101,64,0.005,20261101,2.3400,2.62427248e-01,1.38484627e+00,6.92423135e-03,3.85696435e+00,1.62267651e+03
n064_nu0p005_s20261101,64,0.005,20261101,2.3600,2.62215486e-01,1.39303261e+00,6.96516303e-03,3.87715289e+00,1.65393792e+03
n064_nu0p005_s20261101,64,0.005,20261101,2.3800,2.62002209e-01,1.40127217e+00,7.00636083e-03,3.91517075e+00,1.68642892e+03
n064_nu0p005_s20261101,64,0.005,20261101,2.4000,2.61787407e-01,1.40956363e+00,7.04781813e-03,3.96298812e+00,1.72018664e+03
n064_nu0p005_s20261101,64,0.005,20261101,2.4200,2.61571070e-01,1.41790565e+00,7.08952824e-03,4.00973537e+00,1.75524767e+03
n064_nu0p005_s20261101,64,0.005,20261101,2.4400,2.61353188e-01,1.42629687e+00,7.13148437e-03,4.05540929e+00,1.79164749e+03
n064_nu0p005_s20261101,64,0.005,20261101,2.4600,2.61133751e-01,1.43473593e+00,7.17367966e-03,4.10001450e+00,1.82941993e+03
n064_nu0p005_s20261101,64,0.005,20261101,2.4800,2.60912752e-01,1.44322143e+00,7.21610716e-03,4.14356366e+00,1.86859675e+03
n064_nu0p005_s20261101,64,0.005,20261101,2.5000,2.60690182e-01,1.45175198e+00,7.25875988e-03,4.18607756e+00,1.90920725e+03
n064_nu0p005_s20261101,64,0.005,20261101,2.5200,2.60466032e-01,1.46032615e+00,7.30163077e-03,4.22758480e+00,1.95127803e+03
n064_nu0p005_s20261101,64,0.005,20261101,2.5400,2.60240295e-01,1.46894255e+00,7.34471273e-03,4.26812129e+00,1.99483278e+03
n064_nu0p005_s20261101,64,0.005,20261101,2.5600,2.60012965e-01,1.47759973e+00,7.38799864e-03,4.30772944e+00,2.03989224e+03
n064_nu0p005_s20261101,64,0.005,20261101,2.5800,2.59784034e-01,1.48629627e+00,7.43148136e-03,4.34645729e+00,2.08647415e+03
n064_nu0p005_s20261101,64,0.005,20261101,2.6000,2.59553496e-01,1.49503075e+00,7.47515374e-03,4.38435744e+00,2.13459329e+03
n064_nu0p005_s20261101,64,0.005,20261101,2.6200,2.59321346e-01,1.50380173e+00,7.51900864e-03,4.42148596e+00,2.18426158e+03
n064_nu0p005_s20261101,64,0.005,20261101,2.6400,2.59087578e-01,1.51260778e+00,7.56303891e-03,4.45790140e+00,2.23548815e+03
n064_nu0p005_s20261101,64,0.005,20261101,2.6600,2.58852187e-01,1.52144749e+00,7.60723745e-03,4.49366378e+00,2.28827955e+03
n064_nu0p005_s20261101,64,0.005,20261101,2.6800,2.58615169e-01,1.53031944e+00,7.65159718e-03,4.52883387e+00,2.34263983e+03
n064_nu0p005_s20261101,64,0.005,20261101,2.7000,2.58376519e-01,1.53922221e+00,7.69611104e-03,4.56347250e+00,2.39857075e+03
n064_nu0p005_s20261101,64,0.005,20261101,2.7200,2.58136233e-01,1.54815440e+00,7.74077202e-03,4.59764028e+00,2.45607193e+03
n064_nu0p005_s20261101,64,0.005,20261101,2.7400,2.57894308e-01,1.55711463e+00,7.78557317e-03,4.63139736e+00,2.51514102e+03
n064_nu0p005_s20261101,64,0.005,20261101,2.7600,2.57650741e-01,1.56610151e+00,7.83050757e-03,4.66480349e+00,2.57577391e+03
n064_nu0p005_s20261101,64,0.005,20261101,2.7800,2.57405528e-01,1.57511367e+00,7.87556836e-03,4.69791830e+00,2.63796491e+03
n064_nu0p005_s20261101,64,0.005,20261101,2.8000,2.57158668e-01,1.58414975e+00,7.92074876e-03,4.73080164e+00,2.70170695e+03
n064_nu0p005_s20261101,64,0.005,20261101,2.8200,2.56910158e-01,1.59320841e+00,7.96604204e-03,4.76351400e+00,2.76699183e+03
n064_nu0p005_s20261101,64,0.005,20261101,2.8400,2.56659996e-01,1.60228831e+00,8.01144154e-03,4.79611707e+00,2.83381043e+03
n064_nu0p005_s20261101,64,0.005,20261101,2.8600,2.56408180e-01,1.61138814e+00,8.05694069e-03,4.83147674e+00,2.90215300e+03
n064_nu0p005_s20261101,64,0.005,20261101,2.8800,2.56154709e-01,1.62050660e+00,8.10253299e-03,4.87225638e+00,2.97200939e+03
n064_nu0p005_s20261101,64,0.005,20261101,2.9000,2.55899581e-01,1.62964241e+00,8.14821203e-03,4.91345141e+00,3.04336939e+03
n064_nu0p005_s20261101,64,0.005,20261101,2.9200,2.55642796e-01,1.63879430e+00,8.19397148e-03,4.95507244e+00,3.11622297e+03
n064_nu0p005_s20261101,64,0.005,20261101,2.9400,2.55384352e-01,1.64796102e+00,8.23980511e-03,4.99712308e+00,3.19056062e+03
n064_nu0p005_s20261101,64,0.005,20261101,2.9600,2.55124248e-01,1.65714136e+00,8.28570680e-03,5.03959947e+00,3.26637363e+03
n064_nu0p005_s20261101,64,0.005,20261101,2.9800,2.54862485e-01,1.66633410e+00,8.33167050e-03,5.08522153e+00,3.34365444e+03
n064_nu0p005_s20261101,64,0.005,20261101,3.0000,2.54599061e-01,1.67553806e+00,8.37769029e-03,5.13359903e+00,3.42239682e+03
n064_nu0p005_s20261101,64,0.005,20261101,3.0200,2.54333975e-01,1.68475207e+00,8.42376035e-03,5.18274606e+00,3.50259623e+03
n064_nu0p005_s20261101,64,0.005,20261101,3.0400,2.54067229e-01,1.69397499e+00,8.46987495e-03,5.23264411e+00,3.58425004e+03
n064_nu0p005_s20261101,64,0.005,20261101,3.0600,2.53798821e-01,1.70320570e+00,8.51602852e-03,5.28326524e+00,3.66735771e+03
n064_nu0p005_s20261101,64,0.005,20261101,3.0800,2.53528751e-01,1.71244311e+00,8.56221556e-03,5.33457218e+00,3.75192103e+03
n064_nu0p005_s20261101,64,0.005,20261101,3.1000,2.53257020e-01,1.72168614e+00,8.60843072e-03,5.38651860e+00,3.83794424e+03
n064_nu0p005_s20261101,64,0.005,20261101,3.1200,2.52983627e-01,1.73093375e+00,8.65466877e-03,5.43904962e+00,3.92543421e+03
n064_nu0p005_s20261101,64,0.005,20261101,3.1400,2.52708572e-01,1.74018492e+00,8.70092461e-03,5.49210257e+00,4.01440056e+03
n064_nu0p005_s20261101,64,0.005,20261101,3.1600,2.52431856e-01,1.74943866e+00,8.74719328e-03,5.54560781e+00,4.10485571e+03
n064_nu0p005_s20261101,64,0.005,20261101,3.1800,2.52153478e-01,1.75869399e+00,8.79346995e-03,5.59948984e+00,4.19681504e+03
n064_nu0p005_s20261101,64,0.005,20261101,3.2000,2.51873439e-01,1.76794999e+00,8.83974994e-03,5.65366847e+00,4.29029689e+03
n064_nu0p005_s20261101,64,0.005,20261101,3.2200,2.51591739e-01,1.77720574e+00,8.88602871e-03,5.70806015e+00,4.38532268e+03
n064_nu0p005_s20261101,64,0.005,20261101,3.2400,2.51308379e-01,1.78646037e+00,8.93230187e-03,5.76257934e+00,4.48191692e+03
n064_nu0p005_s20261101,64,0.005,20261101,3.2600,2.51023358e-01,1.79571304e+00,8.97856519e-03,5.81713984e+00,4.58010728e+03
n064_nu0p005_s20261101,64,0.005,20261101,3.2800,2.50736677e-01,1.80496292e+00,9.02481459e-03,5.87165616e+00,4.67992457e+03
n064_nu0p005_s20261101,64,0.005,20261101,3.3000,2.50448336e-01,1.81420923e+00,9.07104613e-03,5.92604478e+00,4.78140275e+03
n064_nu0p005_s20261101,64,0.005,20261101,3.3200,2.50158335e-01,1.82345121e+00,9.11725605e-03,5.98022518e+00,4.88457891e+03
n064_nu0p005_s20261101,64,0.005,20261101,3.3400,2.49866675e-01,1.83268814e+00,9.16344071e-03,6.03412084e+00,4.98949320e+03
n064_nu0p005_s20261101,64,0.005,20261101,3.3600,2.49573357e-01,1.84191933e+00,9.20959666e-03,6.08765991e+00,5.09618869e+03
n064_nu0p005_s20261101,64,0.005,20261101,3.3800,2.49278380e-01,1.85114411e+00,9.25572055e-03,6.14077561e+00,5.20471128e+03
n064_nu0p005_s20261101,64,0.005,20261101,3.4000,2.48981745e-01,1.86036184e+00,9.30180922e-03,6.19340645e+00,5.31510945e+03
n064_nu0p005_s20261101,64,0.005,20261101,3.4200,2.48683453e-01,1.86957192e+00,9.34785960e-03,6.24549612e+00,5.42743405e+03
n064_nu0p005_s20261101,64,0.005,20261101,3.4400,2.48383503e-01,1.87877376e+00,9.39386879e-03,6.29699310e+00,5.54173803e+03
n064_nu0p005_s20261101,64,0.005,20261101,3.4600,2.48081896e-01,1.88796680e+00,9.43983398e-03,6.34785004e+00,5.65807603e+03
n064_nu0p005_s20261101,64,0.005,20261101,3.4800,2.47778633e-01,1.89715050e+00,9.48575251e-03,6.39902544e+00,5.77650409e+03
n064_nu0p005_s20261101,64,0.005,20261101,3.5000,2.47473714e-01,1.90632436e+00,9.53162178e-03,6.46112828e+00,5.89707918e+03
n064_nu0p005_s20261101,64,0.005,20261101,3.5200,2.47167138e-01,1.91548786e+00,9.57743932e-03,6.52263784e+00,6.01985879e+03
n064_nu0p005_s20261101,64,0.005,20261101,3.5400,2.46858907e-01,1.92464055e+00,9.62320274e-03,6.58344272e+00,6.14490044e+03
n064_nu0p005_s20261101,64,0.005,20261101,3.5600,2.46549020e-01,1.93378194e+00,9.66890972e-03,6.64342721e+00,6.27226127e+03
n064_nu0p005_s20261101,64,0.005,20261101,3.5800,2.46237477e-01,1.94291160e+00,9.71455801e-03,6.70247066e+00,6.40199748e+03
n064_nu0p005_s20261101,64,0.005,20261101,3.6000,2.45924279e-01,1.95202908e+00,9.76014542e-03,6.76044690e+00,6.53416398e+03
n064_nu0p005_s20261101,64,0.005,20261101,3.6200,2.45609425e-01,1.96113396e+00,9.80566980e-03,6.81722380e+00,6.66881386e+03
n064_nu0p005_s20261101,64,0.005,20261101,3.6400,2.45292916e-01,1.97022581e+00,9.85112905e-03,6.87266283e+00,6.80599803e+03
n064_nu0p005_s20261101,64,0.005,20261101,3.6600,2.44974751e-01,1.97930422e+00,9.89652111e-03,6.92661876e+00,6.94576483e+03
n064_nu0p005_s20261101,64,0.005,20261101,3.6800,2.44654929e-01,1.98836879e+00,9.94184393e-03,6.97893955e+00,7.08815969e+03
n064_nu0p005_s20261101,64,0.005,20261101,3.7000,2.44333451e-01,1.99741910e+00,9.98709549e-03,7.02946626e+00,7.23322480e+03
n064_nu0p005_s20261101,64,0.005,20261101,3.7200,2.44010316e-01,2.00645476e+00,1.00322738e-02,7.07803328e+00,7.38099892e+03
n064_nu0p005_s20261101,64,0.005,20261101,3.7400,2.43685523e-01,2.01547536e+00,1.00773768e-02,7.12446856e+00,7.53151708e+03
n064_nu0p005_s20261101,64,0.005,20261101,3.7600,2.43359072e-01,2.02448050e+00,1.01224025e-02,7.16859424e+00,7.68481042e+03
n064_nu0p005_s20261101,64,0.005,20261101,3.7800,2.43030962e-01,2.03346979e+00,1.01673489e-02,7.21022734e+00,7.84090604e+03
n064_nu0p005_s20261101,64,0.005,20261101,3.8000,2.42701192e-01,2.04244281e+00,1.02122141e-02,7.25862346e+00,7.99982682e+03
n064_nu0p005_s20261101,64,0.005,20261101,3.8200,2.42369761e-01,2.05139918e+00,1.02569959e-02,7.30849183e+00,8.16159134e+03
n064_nu0p005_s20261101,64,0.005,20261101,3.8400,2.42036668e-01,2.06033846e+00,1.03016923e-02,7.35472041e+00,8.32621372e+03
n064_nu0p005_s20261101,64,0.005,20261101,3.8600,2.41701912e-01,2.06926026e+00,1.03463013e-02,7.40771346e+00,8.49370354e+03
n064_nu0p005_s20261101,64,0.005,20261101,3.8800,2.41365492e-01,2.07816416e+00,1.03908208e-02,7.47445325e+00,8.66406567e+03
n064_nu0p005_s20261101,64,0.005,20261101,3.9000,2.41027406e-01,2.08704973e+00,1.04352486e-02,7.54079876e+00,8.83730023e+03
n064_nu0p005_s20261101,64,0.005,20261101,3.9200,2.40687653e-01,2.09591653e+00,1.04795827e-02,7.60665756e+00,9.01340237e+03
n064_nu0p005_s20261101,64,0.005,20261101,3.9400,2.40346232e-01,2.10476413e+00,1.05238207e-02,7.67192407e+00,9.19236217e+03
n064_nu0p005_s20261101,64,0.005,20261101,3.9600,2.40003141e-01,2.11359208e+00,1.05679604e-02,7.73647857e+00,9.37416447e+03
n064_nu0p005_s20261101,64,0.005,20261101,3.9800,2.39658379e-01,2.12239991e+00,1.06119996e-02,7.80018657e+00,9.55878867e+03
n064_nu0p005_s20261101,64,0.005,20261101,4.0000,2.39311943e-01,2.13118716e+00,1.06559358e-02,7.86289855e+00,9.74620852e+03
n064_nu0p005_s20261101,64,0.005,20261101,4.0200,2.38963833e-01,2.13995333e+00,1.06997667e-02,7.92445013e+00,9.93639195e+03
n064_nu0p005_s20261101,64,0.005,20261101,4.0400,2.38614046e-01,2.14869792e+00,1.07434896e-02,7.98466261e+00,1.01293008e+04
n064_nu0p005_s20261101,64,0.005,20261101,4.0600,2.38262580e-01,2.15742042e+00,1.07871021e-02,8.04334406e+00,1.03248904e+04
n064_nu0p005_s20261101,64,0.005,20261101,4.0800,2.37909435e-01,2.16612028e+00,1.08306014e-02,8.10029078e+00,1.05231097e+04
n064_nu0p005_s20261101,64,0.005,20261101,4.1000,2.37554608e-01,2.17479695e+00,1.08739847e-02,8.15528928e+00,1.07239005e+04
n064_nu0p005_s20261101,64,0.005,20261101,4.1200,2.37198097e-01,2.18344985e+00,1.09172492e-02,8.20811850e+00,1.09271976e+04
n064_nu0p005_s20261101,64,0.005,20261101,4.1400,2.36839901e-01,2.19207839e+00,1.09603919e-02,8.25855257e+00,1.11329280e+04
n064_nu0p005_s20261101,64,0.005,20261101,4.1600,2.36480017e-01,2.20068194e+00,1.10034097e-02,8.30636366e+00,1.13410110e+04
n064_nu0p005_s20261101,64,0.005,20261101,4.1800,2.36118445e-01,2.20925985e+00,1.10462993e-02,8.36890370e+00,1.15513580e+04
n064_nu0p005_s20261101,64,0.005,20261101,4.2000,2.35755182e-01,2.21781146e+00,1.10890573e-02,8.44307782e+00,1.17638717e+04
n064_nu0p005_s20261101,64,0.005,20261101,4.2200,2.35390227e-01,2.22633607e+00,1.11316803e-02,8.51211439e+00,1.19784464e+04
n064_nu0p005_s20261101,64,0.005,20261101,4.2400,2.35023578e-01,2.23483294e+00,1.11741647e-02,8.57587935e+00,1.21949679e+04
n064_nu0p005_s20261101,64,0.005,20261101,4.2600,2.34655233e-01,2.24330132e+00,1.12165066e-02,8.63427643e+00,1.24133129e+04
n064_nu0p005_s20261101,64,0.005,20261101,4.2800,2.34285191e-01,2.25174044e+00,1.12587022e-02,8.68724704e+00,1.26333494e+04
n064_nu0p005_s20261101,64,0.005,20261101,4.3000,2.33913452e-01,2.26014946e+00,1.13007473e-02,8.73476927e+00,1.28549368e+04
n064_nu0p005_s20261101,64,0.005,20261101,4.3200,2.33540012e-01,2.26852754e+00,1.13426377e-02,8.77685621e+00,1.30779263e+04
n064_nu0p005_s20261101,64,0.005,20261101,4.3400,2.33164872e-01,2.27687380e+00,1.13843690e-02,8.81355348e+00,1.33021607e+04
n064_nu0p005_s20261101,64,0.005,20261101,4.3600,2.32788030e-01,2.28518733e+00,1.14259366e-02,8.84493604e+00,1.35274755e+04
n064_nu0p005_s20261101,64,0.005,20261101,4.3800,2.32409485e-01,2.29346716e+00,1.14673358e-02,8.87110451e+00,1.37536995e+04
n064_nu0p005_s20261101,64,0.005,20261101,4.4000,2.32029237e-01,2.30171233e+00,1.15085617e-02,8.89218098e+00,1.39806555e+04
n064_nu0p005_s20261101,64,0.005,20261101,4.4200,2.31647284e-01,2.30992181e+00,1.15496091e-02,8.90830464e+00,1.42081611e+04
n064_nu0p005_s20261101,64,0.005,20261101,4.4400,2.31263627e-01,2.31809454e+00,1.15904727e-02,8.91962716e+00,1.44360303e+04
n064_nu0p005_s20261101,64,0.005,20261101,4.4600,2.30878265e-01,2.32622944e+00,1.16311472e-02,8.92630818e+00,1.46640744e+04
n064_nu0p005_s20261101,64,0.005,20261101,4.4800,2.30491198e-01,2.33432537e+00,1.16716268e-02,8.92851094e+00,1.48921033e+04
n064_nu0p005_s20261101,64,0.005,20261101,4.5000,2.30102426e-01,2.34238117e+00,1.17119059e-02,8.92639826e+00,1.51199271e+04
n064_nu0p005_s20261101,64,0.005,20261101,4.5200,2.29711949e-01,2.35039565e+00,1.17519783e-02,8.94197026e+00,1.53473574e+04
n064_nu0p005_s20261101,64,0.005,20261101,4.5400,2.29319768e-01,2.35836757e+00,1.17918378e-02,9.00046372e+00,1.55742084e+04
n064_nu0p005_s20261101,64,0.005,20261101,4.5600,2.28925884e-01,2.36629566e+00,1.18314783e-02,9.05418648e+00,1.58002987e+04
n064_nu0p005_s20261101,64,0.005,20261101,4.5800,2.28530297e-01,2.37417861e+00,1.18708931e-02,9.10303713e+00,1.60254522e+04
n064_nu0p005_s20261101,64,0.005,20261101,4.6000,2.28133009e-01,2.38201510e+00,1.19100755e-02,9.14694118e+00,1.62494990e+04
n064_nu0p005_s20261101,64,0.005,20261101,4.6200,2.27734022e-01,2.38980375e+00,1.19490188e-02,9.20046924e+00,1.64722768e+04
n064_nu0p005_s20261101,64,0.005,20261101,4.6400,2.27333337e-01,2.39754316e+00,1.19877158e-02,9.26217987e+00,1.66936312e+04
n064_nu0p005_s20261101,64,0.005,20261101,4.6600,2.26930956e-01,2.40523191e+00,1.20261595e-02,9.32073969e+00,1.69134161e+04
n064_nu0p005_s20261101,64,0.005,20261101,4.6800,2.26526883e-01,2.41286853e+00,1.20643426e-02,9.37589380e+00,1.71314941e+04
n064_nu0p005_s20261101,64,0.005,20261101,4.7000,2.26121119e-01,2.42045153e+00,1.21022577e-02,9.42738867e+00,1.73477368e+04
n064_nu0p005_s20261101,64,0.005,20261101,4.7200,2.25713669e-01,2.42797942e+00,1.21398971e-02,9.47497318e+00,1.75620239e+04
n064_nu0p005_s20261101,64,0.005,20261101,4.7400,2.25304535e-01,2.43545064e+00,1.21772532e-02,9.51839949e+00,1.77742434e+04
n064_nu0p005_s20261101,64,0.005,20261101,4.7600,2.24893723e-01,2.44286364e+00,1.22143182e-02,9.55742412e+00,1.79842907e+04
n064_nu0p005_s20261101,64,0.005,20261101,4.7800,2.24481235e-01,2.45021684e+00,1.22510842e-02,9.59541623e+00,1.81920678e+04
n064_nu0p005_s20261101,64,0.005,20261101,4.8000,2.24067077e-01,2.45750865e+00,1.22875433e-02,9.65704410e+00,1.83974828e+04
n064_nu0p005_s20261101,64,0.005,20261101,4.8200,2.23651255e-01,2.46473745e+00,1.23236872e-02,9.71461186e+00,1.86004487e+04
n064_nu0p005_s20261101,64,0.005,20261101,4.8400,2.23233773e-01,2.47190160e+00,1.23595080e-02,9.76785336e+00,1.88008829e+04
n064_nu0p005_s20261101,64,0.005,20261101,4.8600,2.22814639e-01,2.47899946e+00,1.23949973e-02,9.81650619e+00,1.89987057e+04
n064_nu0p005_s20261101,64,0.005,20261101,4.8800,2.22393858e-01,2.48602938e+00,1.24301469e-02,9.86031287e+00,1.91938402e+04
n064_nu0p005_s20261101,64,0.005,20261101,4.9000,2.21971437e-01,2.49298969e+00,1.24649485e-02,9.89902185e+00,1.93862113e+04
n064_nu0p005_s20261101,64,0.005,20261101,4.9200,2.21547385e-01,2.49987873e+00,1.24993937e-02,9.93238876e+00,1.95757454e+04
n064_nu0p005_s20261101,64,0.005,20261101,4.9400,2.21121709e-01,2.50669482e+00,1.25334741e-02,9.96017747e+00,1.97623699e+04
n064_nu0p005_s20261101,64,0.005,20261101,4.9600,2.20694418e-01,2.51343628e+00,1.25671814e-02,9.98216129e+00,1.99460131e+04
n064_nu0p005_s20261101,64,0.005,20261101,4.9800,2.20265521e-01,2.52010144e+00,1.26005072e-02,9.99812409e+00,2.01266046e+04
n064_nu0p005_s20261101,64,0.005,20261101,5.0000,2.19835027e-01,2.52668863e+00,1.26334432e-02,1.00078614e+01,2.03040751e+04
n064_nu0p005_s20261101,64,0.005,20261101,5.0200,2.19402946e-01,2.53319618e+00,1.26659809e-02,1.00111815e+01,2.04783572e+04
n064_nu0p005_s20261101,64,0.005,20261101,5.0400,2.18969290e-01,2.53962243e+00,1.26981121e-02,1.00079064e+01,2.06493859e+04
n064_nu0p005_s20261101,64,0.005,20261101,5.0600,2.18534069e-01,2.54596573e+00,1.27298286e-02,9.99787260e+00,2.08170994e+04
n064_nu0p005_s20261101,64,0.005,20261101,5.0800,2.18097294e-01,2.55222445e+00,1.27611223e-02,9.98093216e+00,2.09814398e+04
n064_nu0p005_s20261101,64,0.005,20261101,5.1000,2.17658979e-01,2.55839698e+00,1.27919849e-02,9.99494539e+00,2.11423543e+04
n064_nu0p005_s20261101,64,0.005,20261101,5.1200,2.17219135e-01,2.56448171e+00,1.28224086e-02,1.00987602e+01,2.12997956e+04
n064_nu0p005_s20261101,64,0.005,20261101,5.1400,2.16777777e-01,2.57047708e+00,1.28523854e-02,1.01986924e+01,2.14537233e+04
n064_nu0p005_s20261101,64,0.005,20261101,5.1600,2.16334917e-01,2.57638152e+00,1.28819076e-02,1.02944098e+01,2.16041046e+04
n064_nu0p005_s20261101,64,0.005,20261101,5.1800,2.15890571e-01,2.58219351e+00,1.29109675e-02,1.03855816e+01,2.17509147e+04
n064_nu0p005_s20261101,64,0.005,20261101,5.2000,2.15444754e-01,2.58791155e+00,1.29395577e-02,1.04718795e+01,2.18941379e+04
n064_nu0p005_s20261101,64,0.005,20261101,5.2200,2.14997480e-01,2.59353418e+00,1.29676709e-02,1.05529788e+01,2.20337679e+04
n064_nu0p005_s20261101,64,0.005,20261101,5.2400,2.14548765e-01,2.59905996e+00,1.29952998e-02,1.06285608e+01,2.21698080e+04
n064_nu0p005_s20261101,64,0.005,20261101,5.2600,2.14098628e-01,2.60448749e+00,1.30224375e-02,1.06983134e+01,2.23022716e+04
n064_nu0p005_s20261101,64,0.005,20261101,5.2800,2.13647083e-01,2.60981542e+00,1.30490771e-02,1.07619329e+01,2.24311819e+04
n064_nu0p005_s20261101,64,0.005,20261101,5.3000,2.13194150e-01,2.61504242e+00,1.30752121e-02,1.08191255e+01,2.25565720e+04
n064_nu0p005_s20261101,64,0.005,20261101,5.3200,2.12739846e-01,2.62016720e+00,1.31008360e-02,1.08696088e+01,2.26784846e+04
n064_nu0p005_s20261101,64,0.005,20261101,5.3400,2.12284190e-01,2.62518854e+00,1.31259427e-02,1.09131133e+01,2.27969718e+04
n064_nu0p005_s20261101,64,0.005,20261101,5.3600,2.11827201e-01,2.63010522e+00,1.31505261e-02,1.09493836e+01,2.29120942e+04
n064_nu0p005_s20261101,64,0.005,20261101,5.3800,2.11368899e-01,2.63491610e+00,1.31745805e-02,1.09781798e+01,2.30239208e+04
n064_nu0p005_s20261101,64,0.005,20261101,5.4000,2.10909303e-01,2.63962007e+00,1.31981003e-02,1.09992789e+01,2.31325281e+04
n064_nu0p005_s20261101,64,0.005,20261101,5.4200,2.10448435e-01,2.64421606e+00,1.32210803e-02,1.10124762e+01,2.32379993e+04
n064_nu0p005_s20261101,64,0.005,20261101,5.4400,2.09986315e-01,2.64870306e+00,1.32435153e-02,1.10175861e+01,2.33404239e+04
n064_nu0p005_s20261101,64,0.005,20261101,5.4600,2.09522966e-01,2.65308010e+00,1.32654005e-02,1.10144434e+01,2.34398963e+04
n064_nu0p005_s20261101,64,0.005,20261101,5.4800,2.09058407e-01,2.65734626e+00,1.32867313e-02,1.10029041e+01,2.35365153e+04
n064_nu0p005_s20261101,64,0.005,20261101,5.5000,2.08592663e-01,2.66150065e+00,1.33075033e-02,1.09889371e+01,2.36303833e+04
n064_nu0p005_s20261101,64,0.005,20261101,5.5200,2.08125755e-01,2.66554246e+00,1.33277123e-02,1.09850203e+01,2.37216047e+04
n064_nu0p005_s20261101,64,0.005,20261101,5.5400,2.07657707e-01,2.66947088e+00,1.33473544e-02,1.09714665e+01,2.38102852e+04
n064_nu0p005_s20261101,64,0.005,20261101,5.5600,2.07188541e-01,2.67328519e+00,1.33664260e-02,1.09481020e+01,2.38965307e+04
n064_nu0p005_s20261101,64,0.005,20261101,5.5800,2.06718282e-01,2.67698469e+00,1.33849235e-02,1.09147760e+01,2.39804462e+04
n064_nu0p005_s20261101,64,0.005,20261101,5.6000,2.06246953e-01,2.68056873e+00,1.34028437e-02,1.08713627e+01,2.40621344e+04
n064_nu0p005_s20261101,64,0.005,20261101,5.6200,2.05774577e-01,2.68403670e+00,1.34201835e-02,1.08177621e+01,2.41416947e+04
n064_nu0p005_s20261101,64,0.005,20261101,5.6400,2.05301181e-01,2.68738803e+00,1.34369402e-02,1.08231430e+01,2.42192220e+04
n064_nu0p005_s20261101,64,0.005,20261101,5.6600,2.04826787e-01,2.69062220e+00,1.34531110e-02,1.08664789e+01,2.42948059e+04
n064_nu0p005_s20261101,64,0.005,20261101,5.6800,2.04351420e-01,2.69373872e+00,1.34686936e-02,1.09078052e+01,2.43685292e+04
n064_nu0p005_s20261101,64,0.005,20261101,5.7000,2.03875106e-01,2.69673713e+00,1.34836857e-02,1.09470790e+01,2.44404678e+04
n064_nu0p005_s20261101,64,0.005,20261101,5.7200,2.03397869e-01,2.69961704e+00,1.34980852e-02,1.09842590e+01,2.45106892e+04
n064_nu0p005_s20261101,64,0.005,20261101,5.7400,2.02919734e-01,2.70237806e+00,1.35118903e-02,1.10193058e+01,2.45792526e+04
n064_nu0p005_s20261101,64,0.005,20261101,5.7600,2.02440727e-01,2.70501985e+00,1.35250993e-02,1.10521819e+01,2.46462084e+04
n064_nu0p005_s20261101,64,0.005,20261101,5.7800,2.01960871e-01,2.70754213e+00,1.35377106e-02,1.10828520e+01,2.47115979e+04
n064_nu0p005_s20261101,64,0.005,20261101,5.8000,2.01480193e-01,2.70994461e+00,1.35497231e-02,1.11112830e+01,2.47754538e+04
n064_nu0p005_s20261101,64,0.005,20261101,5.8200,2.00998717e-01,2.71222707e+00,1.35611354e-02,1.11374441e+01,2.48378002e+04
n064_nu0p005_s20261101,64,0.005,20261101,5.8400,2.00516468e-01,2.71438932e+00,1.35719466e-02,1.11613071e+01,2.48986532e+04
n064_nu0p005_s20261101,64,0.005,20261101,5.8600,2.00033472e-01,2.71643120e+00,1.35821560e-02,1.11828465e+01,2.49580217e+04
n064_nu0p005_s20261101,64,0.005,20261101,5.8800,1.99549753e-01,2.71835257e+00,1.35917629e-02,1.12020396e+01,2.50159080e+04
n064_nu0p005_s20261101,64,0.005,20261101,5.9000,1.99065336e-01,2.72015336e+00,1.36007668e-02,1.12188666e+01,2.50723091e+04
n064_nu0p005_s20261101,64,0.005,20261101,5.9200,1.98580246e-01,2.72183351e+00,1.36091675e-02,1.12333108e+01,2.51272174e+04
n064_nu0p005_s20261101,64,0.005,20261101,5.9400,1.98094507e-01,2.72339299e+00,1.36169650e-02,1.12453588e+01,2.51806221e+04
n064_nu0p005_s20261101,64,0.005,20261101,5.9600,1.97608144e-01,2.72483184e+00,1.36241592e-02,1.12550006e+01,2.52325102e+04
n064_nu0p005_s20261101,64,0.005,20261101,5.9800,1.97121180e-01,2.72615010e+00,1.36307505e-02,1.12622297e+01,2.52828674e+04
n064_nu0p005_s20261101,64,0.005,20261101,6.0000,1.96633642e-01,2.72734785e+00,1.36367392e-02,1.12670432e+01,2.53316794e+04
n064_nu0p005_s20261103,64,0.005,20261103,0.0000,2.81176184e-01,1.03259182e+00,5.16295908e-03,2.80193923e+00,3.18040177e+03
n064_nu0p005_s20261103,64,0.005,20261103,0.0200,2.80967609e-01,1.02845348e+00,5.14226741e-03,2.79877964e+00,3.01913407e+03
n064_nu0p005_s20261103,64,0.005,20261103,0.0400,2.80760753e-01,1.02456598e+00,5.12282990e-03,2.78754034e+00,2.87144532e+03
n064_nu0p005_s20261103,64,0.005,20261103,0.0600,2.80555590e-01,1.02092142e+00,5.10460711e-03,2.76863897e+00,2.73604800e+03
n064_nu0p005_s20261103,64,0.005,20261103,0.0800,2.80352081e-01,1.01751164e+00,5.08755821e-03,2.74259458e+00,2.61179223e+03
n064_nu0p005_s20261103,64,0.005,20261103,0.1000,2.80150185e-01,1.01432802e+00,5.07164012e-03,2.73541171e+00,2.49763317e+03
n064_nu0p005_s20261103,64,0.005,20261103,0.1200,2.79949850e-01,1.01136155e+00,5.05680776e-03,2.74773982e+00,2.39260811e+03
n064_nu0p005_s20261103,64,0.005,20261103,0.1400,2.79751022e-01,1.00860302e+00,5.04301510e-03,2.75292709e+00,2.29582543e+03
n064_nu0p005_s20261103,64,0.005,20261103,0.1600,2.79553647e-01,1.00604338e+00,5.03021692e-03,2.75086604e+00,2.20646476e+03
n064_nu0p005_s20261103,64,0.005,20261103,0.1800,2.79357671e-01,1.00367414e+00,5.01837070e-03,2.74155426e+00,2.12378438e+03
n064_nu0p005_s20261103,64,0.005,20261103,0.2000,2.79163045e-01,1.00148768e+00,5.00743842e-03,2.72513030e+00,2.04712967e+03
n064_nu0p005_s20261103,64,0.005,20261103,0.2200,2.78969727e-01,9.99477528e-01,4.99738764e-03,2.70189962e+00,1.97593707e+03
n064_nu0p005_s20261103,64,0.005,20261103,0.2400,2.78777681e-01,9.97638389e-01,4.98819194e-03,2.67234597e+00,1.90973022e+03
n064_nu0p005_s20261103,64,0.005,20261103,0.2600,2.78586877e-01,9.95966104e-01,4.97983052e-03,2.63819933e+00,1.84810812e+03
n064_nu0p005_s20261103,64,0.005,20261103,0.2800,2.78397292e-01,9.94457447e-01,4.97228723e-03,2.64276947e+00,1.79072838e+03
n064_nu0p005_s20261103,64,0.005,20261103,0.3000,2.78208904e-01,9.93109875e-01,4.96554938e-03,2.64102653e+00,1.73728977e+03
n064_nu0p005_s20261103,64,0.005,20261103,0.3200,2.78021694e-01,9.91921272e-01,4.95960636e-03,2.63277972e+00,1.68751787e+03
n064_nu0p005_s20261103,64,0.005,20261103,0.3400,2.77835643e-01,9.90889709e-01,4.95444854e-03,2.61804821e+00,1.64115594e+03
n064_nu0p005_s20261103,64,0.005,20261103,0.3600,2.77650726e-01,9.90013259e-01,4.95006629e-03,2.59707178e+00,1.59796094e+03
n064_nu0p005_s20261103,64,0.005,20261103,0.3800,2.77466919e-01,9.89289864e-01,4.94644932e-03,2.57351174e+00,1.55770343e+03
n064_nu0p005_s20261103,64,0.005,20261103,0.4000,2.77284189e-01,9.88717245e-01,4.94358623e-03,2.55314299e+00,1.52016917e+03
n064_nu0p005_s20261103,64,0.005,20261103,0.4200,2.77102499e-01,9.88292856e-01,4.94146428e-03,2.52773585e+00,1.48516100e+03
n064_nu0p005_s20261103,64,0.005,20261103,0.4400,2.76921808e-01,9.88013875e-01,4.94006937e-03,2.51035822e+00,1.45249978e+03
n064_nu0p005_s20261103,64,0.005,20261103,0.4600,2.76742069e-01,9.87877227e-01,4.93938613e-03,2.50984215e+00,1.42202431e+03
n064_nu0p005_s20261103,64,0.005,20261103,0.4800,2.76563229e-01,9.87879639e-01,4.93939819e-03,2.50418789e+00,1.39358996e+03
n064_nu0p005_s20261103,64,0.005,20261103,0.5000,2.76385236e-01,9.88017708e-01,4.94008854e-03,2.49338548e+00,1.36706629e+03
n064_nu0p005_s20261103,64,0.005,20261103,0.5200,2.76208035e-01,9.88287988e-01,4.94143994e-03,2.47755622e+00,1.34233402e+03
n064_nu0p005_s20261103,64,0.005,20261103,0.5400,2.76031568e-01,9.88687068e-01,4.94343534e-03,2.45695726e+00,1.31928184e+03
n064_nu0p005_s20261103,64,0.005,20261103,0.5600,2.75855782e-01,9.89211658e-01,4.94605829e-03,2.43197310e+00,1.29780367e+03
n064_nu0p005_s20261103,64,0.005,20261103,0.5800,2.75680622e-01,9.89858653e-01,4.94929327e-03,2.40309529e+00,1.27779722e+03
n064_nu0p005_s20261103,64,0.005,20261103,0.6000,2.75506038e-01,9.90625195e-01,4.95312597e-03,2.37089304e+00,1.25916405e+03
n064_nu0p005_s20261103,64,0.005,20261103,0.6200,2.75331984e-01,9.91508713e-01,4.95754357e-03,2.34928937e+00,1.24181108e+03
n064_nu0p005_s20261103,64,0.005,20261103,0.6400,2.75158414e-01,9.92506959e-01,4.96253479e-03,2.34008372e+00,1.22565268e+03
n064_nu0p005_s20261103,64,0.005,20261103,0.6600,2.74985288e-01,9.93618016e-01,4.96809008e-03,2.32660793e+00,1.21061236e+03
n064_nu0p005_s20261103,64,0.005,20261103,0.6800,2.74812570e-01,9.94840296e-01,4.97420148e-03,2.30997890e+00,1.19662327e+03
n064_nu0p005_s20261103,64,0.005,20261103,0.7000,2.74640226e-01,9.96172515e-01,4.98086257e-03,2.29686229e+00,1.18362700e+03
n064_nu0p005_s20261103,64,0.005,20261103,0.7200,2.74468223e-01,9.97613652e-01,4.98806826e-03,2.28117684e+00,1.17157144e+03
n064_nu0p005_s20261103,64,0.005,20261103,0.7400,2.74296534e-01,9.99162907e-01,4.99581454e-03,2.27055231e+00,1.16040832e+03
n064_nu0p005_s20261103,64,0.005,20261103,0.7600,2.74125130e-01,1.00081964e+00,5.00409822e-03,2.25896499e+00,1.15009165e+03
n064_nu0p005_s20261103,64,0.005,20261103,0.7800,2.73953986e-01,1.00258335e+00,5.01291675e-03,2.24643872e+00,1.14057755e+03
n064_nu0p005_s20261103,64,0.005,20261103,0.8000,2.73783074e-01,1.00445359e+00,5.02226795e-03,2.23299834e+00,1.13182552e+03
n064_nu0p005_s20261103,64,0.005,20261103,0.8200,2.73612369e-01,1.00642997e+00,5.03214986e-03,2.21867048e+00,1.12380042e+03
n064_nu0p005_s20261103,64,0.005,20261103,0.8400,2.73441846e-01,1.00851212e+00,5.04256061e-03,2.20348444e+00,1.11647429e+03
n064_nu0p005_s20261103,64,0.005,20261103,0.8600,2.73271477e-01,1.01069964e+00,5.05349822e-03,2.18747310e+00,1.10982727e+03
n064_nu0p005_s20261103,64,0.005,20261103,0.8800,2.73101236e-01,1.01299211e+00,5.06496055e-03,2.17067368e+00,1.10384713e+03
n064_nu0p005_s20261103,64,0.005,20261103,0.9000,2.72931093e-01,1.01538902e+00,5.07694512e-03,2.15699320e+00,1.09852780e+03
n064_nu0p005_s20261103,64,0.005,20261103,0.9200,2.72761020e-01,1.01788982e+00,5.08944908e-03,2.15369477e+00,1.09386728e+03
n064_nu0p005_s20261103,64,0.005,20261103,0.9400,2.72590988e-01,1.02049383e+00,5.10246917e-03,2.15584961e+00,1.08986567e+03
n064_nu0p005_s20261103,64,0.005,20261103,0.9600,2.72420966e-01,1.02320034e+00,5.11600172e-03,2.15896018e+00,1.08652369e+03
n064_nu0p005_s20261103,64,0.005,20261103,0.9800,2.72250922e-01,1.02600854e+00,5.13004271e-03,2.16091249e+00,1.08384185e+03
n064_nu0p005_s20261103,64,0.005,20261103,1.0000,2.72080827e-01,1.02891757e+00,5.14458784e-03,2.16174537e+00,1.08182009e+03
n064_nu0p005_s20261103,64,0.005,20261103,1.0200,2.71910648e-01,1.03192653e+00,5.15963264e-03,2.16150412e+00,1.08045762e+03
n064_nu0p005_s20261103,64,0.005,20261103,1.0400,2.71740355e-01,1.03503450e+00,5.17517249e-03,2.16139498e+00,1.07975266e+03
n064_nu0p005_s20261103,64,0.005,20261103,1.0600,2.71569917e-01,1.03824056e+00,5.19120281e-03,2.16558128e+00,1.07970214e+03
n064_nu0p005_s20261103,64,0.005,20261103,1.0800,2.71399304e-01,1.04154381e+00,5.20771904e-03,2.17334424e+00,1.08030135e+03
n064_nu0p005_s20261103,64,0.005,20261103,1.1000,2.71228488e-01,1.04494336e+00,5.22471681e-03,2.18474841e+00,1.08154384e+03
n064_nu0p005_s20261103,64,0.005,20261103,1.1200,2.71057440e-01,1.04843840e+00,5.24219198e-03,2.19669505e+00,1.08342168e+03
n064_nu0p005_s20261103,64,0.005,20261103,1.1400,2.70886134e-01,1.05202816e+00,5.26014079e-03,2.20754423e+00,1.08592599e+03
n064_nu0p005_s20261103,64,0.005,20261103,1.1600,2.70714546e-01,1.05571198e+00,5.27855991e-03,2.21735740e+00,1.08904766e+03
n064_nu0p005_s20261103,64,0.005,20261103,1.1800,2.70542649e-01,1.05948930e+00,5.29744650e-03,2.23048810e+00,1.09277778e+03
n064_nu0p005_s20261103,64,0.005,20261103,1.2000,2.70370423e-01,1.06335966e+00,5.31679831e-03,2.24402955e+00,1.09710768e+03
n064_nu0p005_s20261103,64,0.005,20261103,1.2200,2.70197847e-01,1.06732273e+00,5.33661363e-03,2.25607672e+00,1.10202822e+03
n064_nu0p005_s20261103,64,0.005,20261103,1.2400,2.70024899e-01,1.07137826e+00,5.35689128e-03,2.27239397e+00,1.10752849e+03
n064_nu0p005_s20261103,64,0.005,20261103,1.2600,2.69851561e-01,1.07552611e+00,5.37763053e-03,2.29074353e+00,1.11359401e+03
n064_nu0p005_s20261103,64,0.005,20261103,1.2800,2.69677816e-01,1.07976621e+00,5.39883106e-03,2.30857132e+00,1.12020496e+03
n064_nu0p005_s20261103,64,0.005,20261103,1.3000,2.69503647e-01,1.08409856e+00,5.42049282e-03,2.32497075e+00,1.12733459e+03
n064_nu0p005_s20261103,64,0.005,20261103,1.3200,2.69329037e-01,1.08852319e+00,5.44261595e-03,2.33997459e+00,1.13494843e+03
n064_nu0p005_s20261103,64,0.005,20261103,1.3400,2.69153970e-01,1.09304014e+00,5.46520071e-03,2.35362023e+00,1.14300422e+03
n064_nu0p005_s20261103,64,0.005,20261103,1.3600,2.68978432e-01,1.09764948e+00,5.48824741e-03,2.36594863e+00,1.15145293e+03
n064_nu0p005_s20261103,64,0.005,20261103,1.3800,2.68802407e-01,1.10235126e+00,5.51175631e-03,2.37905924e+00,1.16024052e+03
n064_nu0p005_s20261103,64,0.005,20261103,1.4000,2.68625880e-01,1.10714553e+00,5.53572765e-03,2.39280255e+00,1.16931044e+03
n064_nu0p005_s20261103,64,0.005,20261103,1.4200,2.68448837e-01,1.11203231e+00,5.56016153e-03,2.40549517e+00,1.17860660e+03
n064_nu0p005_s20261103,64,0.005,20261103,1.4400,2.68271263e-01,1.11701158e+00,5.58505792e-03,2.41717939e+00,1.18807652e+03
n064_nu0p005_s20261103,64,0.005,20261103,1.4600,2.68093143e-01,1.12208333e+00,5.61041666e-03,2.42789639e+00,1.19767451e+03
n064_nu0p005_s20261103,64,0.005,20261103,1.4800,2.67914462e-01,1.12724748e+00,5.63623740e-03,2.43768539e+00,1.20736444e+03
n064_nu0p005_s20261103,64,0.005,20261103,1.5000,2.67735206e-01,1.13250393e+00,5.66251963e-03,2.44870492e+00,1.21712221e+03
n064_nu0p005_s20261103,64,0.005,20261103,1.5200,2.67555360e-01,1.13785253e+00,5.68926266e-03,2.47143911e+00,1.22693747e+03
n064_nu0p005_s20261103,64,0.005,20261103,1.5400,2.67374909e-01,1.14329313e+00,5.71646566e-03,2.49241520e+00,1.23681460e+03
n064_nu0p005_s20261103,64,0.005,20261103,1.5600,2.67193839e-01,1.14882553e+00,5.74412767e-03,2.51162333e+00,1.24677290e+03
n064_nu0p005_s20261103,64,0.005,20261103,1.5800,2.67012135e-01,1.15444952e+00,5.77224758e-03,2.52906543e+00,1.25684587e+03
n064_nu0p005_s20261103,64,0.005,20261103,1.6000,2.66829783e-01,1.16016484e+00,5.80082419e-03,2.54475514e+00,1.26707968e+03
n064_nu0p005_s20261103,64,0.005,20261103,1.6200,2.66646769e-01,1.16597124e+00,5.82985622e-03,2.55871769e+00,1.27753101e+03
n064_nu0p005_s20261103,64,0.005,20261103,1.6400,2.66463079e-01,1.17186845e+00,5.85934227e-03,2.57098957e+00,1.28826427e+03
n064_nu0p005_s20261103,64,0.005,20261103,1.6600,2.66278700e-01,1.17785618e+00,5.88928088e-03,2.58161809e+00,1.29934853e+03
n064_nu0p005_s20261103,64,0.005,20261103,1.6800,2.66093618e-01,1.18393410e+00,5.91967048e-03,2.59066074e+00,1.31085441e+03
n064_nu0p005_s20261103,64,0.005,20261103,1.7000,2.65907822e-01,1.19010187e+00,5.95050937e-03,2.60808625e+00,1.32285096e+03
n064_nu0p005_s20261103,64,0.005,20261103,1.7200,2.65721297e-01,1.19635915e+00,5.98179575e-03,2.63210917e+00,1.33540305e+03
n064_nu0p005_s20261103,64,0.005,20261103,1.7400,2.65534034e-01,1.20270552e+00,6.01352762e-03,2.65372625e+00,1.34856915e+03
n064_nu0p005_s20261103,64,0.005,20261103,1.7600,2.65346019e-01,1.20914056e+00,6.04570281e-03,2.67292959e+00,1.36239978e+03
n064_nu0p005_s20261103,64,0.005,20261103,1.7800,2.65157241e-01,1.21566379e+00,6.07831895e-03,2.69339008e+00,1.37693659e+03
n064_nu0p005_s20261103,64,0.005,20261103,1.8000,2.64967690e-01,1.22227468e+00,6.11137341e-03,2.71458697e+00,1.39221221e+03
n064_nu0p005_s20261103,64,0.005,20261103,1.8200,2.64777355e-01,1.22897267e+00,6.14486333e-03,2.74062750e+00,1.40825056e+03
n064_nu0p005_s20261103,64,0.005,20261103,1.8400,2.64586225e-01,1.23575711e+00,6.17878556e-03,2.76925415e+00,1.42506778e+03
n064_nu0p005_s20261103,64,0.005,20261103,1.8600,2.64394291e-01,1.24262734e+00,6.21313670e-03,2.79588559e+00,1.44267347e+03
n064_nu0p005_s20261103,64,0.005,20261103,1.8800,2.64201541e-01,1.24958262e+00,6.24791308e-03,2.82049602e+00,1.46107216e+03
n064_nu0p005_s20261103,64,0.005,20261103,1.9000,2.64007968e-01,1.25662215e+00,6.28311076e-03,2.84307935e+00,1.48026486e+03
n064_nu0p005_s20261103,64,0.005,20261103,1.9200,2.63813561e-01,1.26374511e+00,6.31872555e-03,2.86364887e+00,1.50025056e+03
n064_nu0p005_s20261103,64,0.005,20261103,1.9400,2.63618310e-01,1.27095060e+00,6.35475301e-03,2.88260125e+00,1.52102757e+03
n064_nu0p005_s20261103,64,0.005,20261103,1.9600,2.63422208e-01,1.27823770e+00,6.39118850e-03,2.90472157e+00,1.54259463e+03
n064_nu0p005_s20261103,64,0.005,20261103,1.9800,2.63225244e-01,1.28560543e+00,6.42802715e-03,2.92506172e+00,1.56495172e+03
n064_nu0p005_s20261103,64,0.005,20261103,2.0000,2.63027411e-01,1.29305279e+00,6.46526394e-03,2.94365265e+00,1.58810062e+03
n064_nu0p005_s20261103,64,0.005,20261103,2.0200,2.62828698e-01,1.30057873e+00,6.50289363e-03,2.96053990e+00,1.61204515e+03
n064_nu0p005_s20261103,64,0.005,20261103,2.0400,2.62629099e-01,1.30818218e+00,6.54091089e-03,2.98318245e+00,1.63679115e+03
n064_nu0p005_s20261103,64,0.005,20261103,2.0600,2.62428605e-01,1.31586204e+00,6.57931019e-03,3.01587219e+00,1.66234632e+03
n064_nu0p005_s20261103,64,0.005,20261103,2.0800,2.62227207e-01,1.32361719e+00,6.61808593e-03,3.04626199e+00,1.68871983e+03
n064_nu0p005_s20261103,64,0.005,20261103,2.1000,2.62024897e-01,1.33144647e+00,6.65723235e-03,3.07431251e+00,1.71592190e+03
n064_nu0p005_s20261103,64,0.005,20261103,2.1200,2.61821669e-01,1.33934872e+00,6.69674360e-03,3.10000549e+00,1.74396321e+03
n064_nu0p005_s20261103,64,0.005,20261103,2.1400,2.61617512e-01,1.34732275e+00,6.73661374e-03,3.12334345e+00,1.77285445e+03
n064_nu0p005_s20261103,64,0.005,20261103,2.1600,2.61412422e-01,1.35536734e+00,6.77683670e-03,3.14630366e+00,1.80260576e+03
n064_nu0p005_s20261103,64,0.005,20261103,2.1800,2.61206388e-01,1.36348126e+00,6.81740632e-03,3.17046612e+00,1.83322624e+03
n064_nu0p005_s20261103,64,0.005,20261103,2.2000,2.60999405e-01,1.37166327e+00,6.85831635e-03,3.19227510e+00,1.86472353e+03
n064_nu0p005_s20261103,64,0.005,20261103,2.2200,2.60791464e-01,1.37991208e+00,6.89956039e-03,3.24238576e+00,1.89710343e+03
n064_nu0p005_s20261103,64,0.005,20261103,2.2400,2.60582559e-01,1.38822640e+00,6.94113198e-03,3.28809119e+00,1.93036962e+03
n064_nu0p005_s20261103,64,0.005,20261103,2.2600,2.60372681e-01,1.39660490e+00,6.98302449e-03,3.32792525e+00,1.96452339e+03
n064_nu0p005_s20261103,64,0.005,20261103,2.2800,2.60161824e-01,1.40504624e+00,7.02523118e-03,3.36148929e+00,1.99956355e+03
n064_nu0p005_s20261103,64,0.005,20261103,2.3000,2.59949979e-01,1.41354904e+00,7.06774519e-03,3.38844386e+00,2.03548642e+03
n064_nu0p005_s20261103,64,0.005,20261103,2.3200,2.59737140e-01,1.42211190e+00,7.11055951e-03,3.41284447e+00,2.07228585e+03
n064_nu0p005_s20261103,64,0.005,20261103,2.3400,2.59523299e-01,1.43073340e+00,7.15366700e-03,3.44374389e+00,2.10995350e+03
n064_nu0p005_s20261103,64,0.005,20261103,2.3600,2.59308449e-01,1.43941208e+00,7.19706040e-03,3.48850294e+00,2.14847904e+03
n064_nu0p005_s20261103,64,0.005,20261103,2.3800,2.59092581e-01,1.44814647e+00,7.24073233e-03,3.52778148e+00,2.18785066e+03
n064_nu0p005_s20261103,64,0.005,20261103,2.4000,2.58875688e-01,1.45693507e+00,7.28467533e-03,3.58199558e+00,2.22805547e+03
n064_nu0p005_s20261103,64,0.005,20261103,2.4200,2.58657762e-01,1.46577636e+00,7.32888182e-03,3.63852386e+00,2.26908011e+03
n064_nu0p005_s20261103,64,0.005,20261103,2.4400,2.58438796e-01,1.47466884e+00,7.37334418e-03,3.68875100e+00,2.31091129e+03
n064_nu0p005_s20261103,64,0.005,20261103,2.4600,2.58218780e-01,1.48361095e+00,7.41805477e-03,3.73220008e+00,2.35353643e+03
n064_nu0p005_s20261103,64,0.005,20261103,2.4800,2.57997708e-01,1.49260118e+00,7.46300589e-03,3.76846044e+00,2.39694420e+03
n064_nu0p005_s20261103,64,0.005,20261103,2.5000,2.57775572e-01,1.50163798e+00,7.50818989e-03,3.79719767e+00,2.44112505e+03
n064_nu0p005_s20261103,64,0.005,20261103,2.5200,2.57552362e-01,1.51071982e+00,7.55359910e-03,3.81816255e+00,2.48607171e+03
n064_nu0p005_s20261103,64,0.005,20261103,2.5400,2.57328072e-01,1.51984519e+00,7.59922593e-03,3.84031644e+00,2.53177947e+03
n064_nu0p005_s20261103,64,0.005,20261103,2.5600,2.57102693e-01,1.52901256e+00,7.64506281e-03,3.87067278e+00,2.57824655e+03
n064_nu0p005_s20261103,64,0.005,20261103,2.5800,2.56876217e-01,1.53822045e+00,7.69110225e-03,3.90550548e+00,2.62547423e+03
n064_nu0p005_s20261103,64,0.005,20261103,2.6000,2.56648637e-01,1.54746736e+00,7.73733682e-03,3.93799577e+00,2.67346694e+03
n064_nu0p005_s20261103,64,0.005,20261103,2.6200,2.56419943e-01,1.55675183e+00,7.78375915e-03,3.96814168e+00,2.72223230e+03
n064_nu0p005_s20261103,64,0.005,20261103,2.6400,2.56190129e-01,1.56607239e+00,7.83036193e-03,4.02060434e+00,2.77178101e+03
n064_nu0p005_s20261103,64,0.005,20261103,2.6600,2.55959185e-01,1.57542758e+00,7.87713791e-03,4.07541496e+00,2.82212678e+03
n064_nu0p005_s20261103,64,0.005,20261103,2.6800,2.55727105e-01,1.58481597e+00,7.92407986e-03,4.12226741e+00,2.87328617e+03
n064_nu0p005_s20261103,64,0.005,20261103,2.7000,2.55493881e-01,1.59423613e+00,7.97118063e-03,4.16077405e+00,2.92527840e+03
n064_nu0p005_s20261103,64,0.005,20261103,2.7200,2.55259503e-01,1.60368661e+00,8.01843306e-03,4.19064380e+00,2.97812527e+03
n064_nu0p005_s20261103,64,0.005,20261103,2.7400,2.55023966e-01,1.61316600e+00,8.06583002e-03,4.21169030e+00,3.03185089e+03
n064_nu0p005_s20261103,64,0.005,20261103,2.7600,2.54787260e-01,1.62267288e+00,8.11336441e-03,4.22383812e+00,3.08648167e+03
n064_nu0p005_s20261103,64,0.005,20261103,2.7800,2.54549378e-01,1.63220582e+00,8.16102910e-03,4.22712693e+00,3.14204609e+03
n064_nu0p005_s20261103,64,0.005,20261103,2.8000,2.54310312e-01,1.64176340e+00,8.20881701e-03,4.25503407e+00,3.19857468e+03
n064_nu0p005_s20261103,64,0.005,20261103,2.8200,2.54070054e-01,1.65134420e+00,8.25672102e-03,4.29716632e+00,3.25609990e+03
n064_nu0p005_s20261103,64,0.005,20261103,2.8400,2.53828598e-01,1.66094681e+00,8.30473404e-03,4.34397659e+00,3.31465608e+03
n064_nu0p005_s20261103,64,0.005,20261103,2.8600,2.53585935e-01,1.67056980e+00,8.35284900e-03,4.39629764e+00,3.37427935e+03
n064_nu0p005_s20261103,64,0.005,20261103,2.8800,2.53342057e-01,1.68021176e+00,8.40105880e-03,4.44335548e+00,3.43500756e+03
n064_nu0p005_s20261103,64,0.005,20261103,2.9000,2.53096958e-01,1.68987128e+00,8.44935640e-03,4.48490311e+00,3.49688021e+03
n064_nu0p005_s20261103,64,0.005,20261103,2.9200,2.52850630e-01,1.69954695e+00,8.49773476e-03,4.52075353e+00,3.55993832e+03
n064_nu0p005_s20261103,64,0.005,20261103,2.9400,2.52603066e-01,1.70923738e+00,8.54618689e-03,4.56047434e+00,3.62422431e+03
n064_nu0p005_s20261103,64,0.005,20261103,2.9600,2.52354258e-01,1.71894117e+00,8.59470583e-03,4.59629449e+00,3.68978189e+03
n064_nu0p005_s20261103,64,0.005,20261103,2.9800,2.52104200e-01,1.72865693e+00,8.64328466e-03,4.62619632e+00,3.75665583e+03
n064_nu0p005_s20261103,64,0.005,20261103,3.0000,2.51852886e-01,1.73838331e+00,8.69191654e-03,4.64969490e+00,3.82489182e+03
n064_nu0p005_s20261103,64,0.005,20261103,3.0200,2.51600307e-01,1.74811893e+00,8.74059465e-03,4.66679220e+00,3.89453624e+03
n064_nu0p005_s20261103,64,0.005,20261103,3.0400,2.51346459e-01,1.75786245e+00,8.78931227e-03,4.67756535e+00,3.96563598e+03
n064_nu0p005_s20261103,64,0.005,20261103,3.0600,2.51091334e-01,1.76761255e+00,8.83806275e-03,4.70943605e+00,4.03823820e+03
n064_nu0p005_s20261103,64,0.005,20261103,3.0800,2.50834927e-01,1.77736790e+00,8.88683951e-03,4.74147172e+00,4.11239010e+03
n064_nu0p005_s20261103,64,0.005,20261103,3.1000,2.50577231e-01,1.78712721e+00,8.93563605e-03,4.78535177e+00,4.18813877e+03
n064_nu0p005_s20261103,64,0.005,20261103,3.1200,2.50318241e-01,1.79688920e+00,8.98444598e-03,4.83056171e+00,4.26553094e+03
n064_nu0p005_s20261103,64,0.005,20261103,3.1400,2.50057950e-01,1.80665259e+00,9.03326297e-03,4.87683430e+00,4.34461279e+03
n064_nu0p005_s20261103,64,0.005,20261103,3.1600,2.49796354e-01,1.81641616e+00,9.08208082e-03,4.92421430e+00,4.42542980e+03
n064_nu0p005_s20261103,64,0.005,20261103,3.1800,2.49533446e-01,1.82617868e+00,9.13089339e-03,4.97274116e+00,4.50802659e+03
n064_nu0p005_s20261103,64,0.005,20261103,3.2000,2.49269221e-01,1.83593893e+00,9.17969467e-03,5.02244886e+00,4.59244671e+03
n064_nu0p005_s20261103,64,0.005,20261103,3.2200,2.49003673e-01,1.84569575e+00,9.22847873e-03,5.07336581e+00,4.67873255e+03
n064_nu0p005_s20261103,64,0.005,20261103,3.2400,2.48736798e-01,1.85544795e+00,9.27723976e-03,5.12551479e+00,4.76692520e+03
n064_nu0p005_s20261103,64,0.005,20261103,3.2600,2.48468589e-01,1.86519440e+00,9.32597201e-03,5.18124042e+00,4.85706430e+03
n064_nu0p005_s20261103,64,0.005,20261103,3.2800,2.48199042e-01,1.87493397e+00,9.37466987e-03,5.23970663e+00,4.94918790e+03
n064_nu0p005_s20261103,64,0.005,20261103,3.3000,2.47928151e-01,1.88466556e+00,9.42332779e-03,5.29952919e+00,5.04333240e+03
n064_nu0p005_s20261103,64,0.005,20261103,3.3200,2.47655910e-01,1.89438806e+00,9.47194032e-03,5.36070135e+00,5.13953236e+03
n064_nu0p005_s20261103,64,0.005,20261103,3.3400,2.47382314e-01,1.90410042e+00,9.52050208e-03,5.42320858e+00,5.23782044e+03
n064_nu0p005_s20261103,64,0.005,20261103,3.3600,2.47107356e-01,1.91380156e+00,9.56900778e-03,5.48702809e+00,5.33822724e+03
n064_nu0p005_s20261103,64,0.005,20261103,3.3800,2.46831031e-01,1.92349044e+00,9.61745220e-03,5.55212824e+00,5.44078122e+03
n064_nu0p005_s20261103,64,0.005,20261103,3.4000,2.46553333e-01,1.93316603e+00,9.66583016e-03,5.61846777e+00,5.54550856e+03
n064_nu0p005_s20261103,64,0.005,20261103,3.4200,2.46274254e-01,1.94282731e+00,9.71413657e-03,5.68599483e+00,5.65243307e+03
n064_nu0p005_s20261103,64,0.005,20261103,3.4400,2.45993788e-01,1.95247327e+00,9.76236636e-03,5.75464593e+00,5.76157609e+03
n064_nu0p005_s20261103,64,0.005,20261103,3.4600,2.45711928e-01,1.96210290e+00,9.81051452e-03,5.82434468e+00,5.87295642e+03
n064_nu0p005_s20261103,64,0.005,20261103,3.4800,2.45428667e-01,1.97171521e+00,9.85857606e-03,5.89500036e+00,5.98659026e+03
n064_nu0p005_s20261103,64,0.005,20261103,3.5000,2.45143996e-01,1.98130921e+00,9.90654603e-03,5.96650639e+00,6.10249117e+03
n064_nu0p005_s20261103,64,0.005,20261103,3.5200,2.44857908e-01,1.99088390e+00,9.95441949e-03,6.03873864e+00,6.22067004e+03
n064_nu0p005_s20261103,64,0.005,20261103,3.5400,2.44570393e-01,2.00043831e+00,1.00021915e-02,6.11155363e+00,6.34113514e+03
n064_nu0p005_s20261103,64,0.005,20261103,3.5600,2.44281443e-01,2.00997145e+00,1.00498572e-02,6.18478660e+00,6.46389211e+03
n064_nu0p005_s20261103,64,0.005,20261103,3.5800,2.43991047e-01,2.01948234e+00,1.00974117e-02,6.25824961e+00,6.58894407e+03
n064_nu0p005_s20261103,64,0.005,20261103,3.6000,2.43699197e-01,2.02897001e+00,1.01448501e-02,6.33172945e+00,6.71629167e+03
n064_nu0p005_s20261103,64,0.005,20261103,3.6200,2.43405882e-01,2.03843347e+00,1.01921673e-02,6.40498566e+00,6.84593319e+03
n064_nu0p005_s20261103,64,0.005,20261103,3.6400,2.43111091e-01,2.04787173e+00,1.02393586e-02,6.47774847e+00,6.97786462e+03
n064_nu0p005_s20261103,64,0.005,20261103,3.6600,2.42814811e-01,2.05728380e+00,1.02864190e-02,6.54971682e+00,7.11207974e+03
n064_nu0p005_s20261103,64,0.005,20261103,3.6800,2.42517033e-01,2.06666870e+00,1.03333435e-02,6.62055651e+00,7.24857023e+03
n064_nu0p005_s20261103,64,0.005,20261103,3.7000,2.42217743e-01,2.07602541e+00,1.03801271e-02,6.68989839e+00,7.38732567e+03
n064_nu0p005_s20261103,64,0.005,20261103,3.7200,2.41916929e-01,2.08535294e+00,1.04267647e-02,6.75733684e+00,7.52833355e+03
n064_nu0p005_s20261103,64,0.005,20261103,3.7400,2.41614578e-01,2.09465026e+00,1.04732513e-02,6.82242845e+00,7.67157932e+03
n064_nu0p005_s20261103,64,0.005,20261103,3.7600,2.41310675e-01,2.10391636e+00,1.05195818e-02,6.88469102e+00,7.81704626e+03
n064_nu0p005_s20261103,64,0.005,20261103,3.7800,2.41005208e-01,2.11315019e+00,1.05657510e-02,6.94360296e+00,7.96471542e+03
n064_nu0p005_s20261103,64,0.005,20261103,3.8000,2.40698162e-01,2.12235072e+00,1.06117536e-02,6.99860317e+00,8.11456553e+03
n064_nu0p005_s20261103,64,0.005,20261103,3.8200,2.40389521e-01,2.13151689e+00,1.06575845e-02,7.04909150e+00,8.26657278e+03
n064_nu0p005_s20261103,64,0.005,20261103,3.8400,2.40079272e-01,2.14064764e+00,1.07032382e-02,7.09442980e+00,8.42071070e+03
n064_nu0p005_s20261103,64,0.005,20261103,3.8600,2.39767399e-01,2.14974188e+00,1.07487094e-02,7.13394382e+00,8.57694998e+03
n064_nu0p005_s20261103,64,0.005,20261103,3.8800,2.39453886e-01,2.15879852e+00,1.07939926e-02,7.16692589e+00,8.73525821e+03
n064_nu0p005_s20261103,64,0.005,20261103,3.9000,2.39138718e-01,2.16781646e+00,1.08390823e-02,7.25167553e+00,8.89559976e+03
n064_nu0p005_s20261103,64,0.005,20261103,3.9200,2.38821878e-01,2.17679459e+00,1.08839729e-02,7.34441180e+00,9.05793555e+03
n064_nu0p005_s20261103,64,0.005,20261103,3.9400,2.38503349e-01,2.18573176e+00,1.09286588e-02,7.43550685e+00,9.22222290e+03
n064_nu0p005_s20261103,64,0.005,20261103,3.9600,2.38183117e-01,2.19462685e+00,1.09731343e-02,7.52434526e+00,9.38841536e+03
n064_nu0p005_s20261103,64,0.005,20261103,3.9800,2.37861163e-01,2.20347870e+00,1.10173935e-02,7.61026331e+00,9.55646263e+03
n064_nu0p005_s20261103,64,0.005,20261103,4.0000,2.37537472e-01,2.21228613e+00,1.10614307e-02,7.69254995e+00,9.72631042e+03
n064_nu0p005_s20261103,64,0.005,20261103,4.0200,2.37212027e-01,2.22104799e+00,1.11052400e-02,7.77044860e+00,9.89790041e+03
n064_nu0p005_s20261103,64,0.005,20261103,4.0400,2.36884810e-01,2.22976309e+00,1.11488154e-02,7.84315987e+00,1.00711702e+04
n064_nu0p005_s20261103,64,0.005,20261103,4.0600,2.36555806e-01,2.23843023e+00,1.11921511e-02,7.90984515e+00,1.02460535e+04
n064_nu0p005_s20261103,64,0.005,20261103,4.0800,2.36224998e-01,2.24704822e+00,1.12352411e-02,7.96963145e+00,1.04224796e+04
n064_nu0p005_s20261103,64,0.005,20261103,4.1000,2.35892370e-01,2.25561586e+00,1.12780793e-02,8.02161721e+00,1.06003743e+04
n064_nu0p005_s20261103,64,0.005,20261103,4.1200,2.35557905e-01,2.26413193e+00,1.13206597e-02,8.06487952e+00,1.07796591e+04
n064_nu0p005_s20261103,64,0.005,20261103,4.1400,2.35221587e-01,2.27259524e+00,1.13629762e-02,8.11179782e+00,1.09602519e+04
n064_nu0p005_s20261103,64,0.005,20261103,4.1600,2.34883401e-01,2.28100456e+00,1.14050228e-02,8.25816276e+00,1.11420669e+04
n064_nu0p005_s20261103,64,0.005,20261103,4.1800,2.34543331e-01,2.28935870e+00,1.14467935e-02,8.40348110e+00,1.13250145e+04
n064_nu0p005_s20261103,64,0.005,20261103,4.2000,2.34201362e-01,2.29765645e+00,1.14882822e-02,8.54669178e+00,1.15090017e+04
n064_nu0p005_s20261103,64,0.005,20261103,4.2200,2.33857480e-01,2.30589660e+00,1.15294830e-02,8.68662003e+00,1.16939322e+04
n064_nu0p005_s20261103,64,0.005,20261103,4.2400,2.33511670e-01,2.31407796e+00,1.15703898e-02,8.82198016e+00,1.18797062e+04
n064_nu0p005_s20261103,64,0.005,20261103,4.2600,2.33163919e-01,2.32219934e+00,1.16109967e-02,8.95138105e+00,1.20662207e+04
n064_nu0p005_s20261103,64,0.005,20261103,4.2800,2.32814213e-01,2.33025956e+00,1.16512978e-02,9.07333443e+00,1.22533696e+04
n064_nu0p005_s20261103,64,0.005,20261103,4.3000,2.32462540e-01,2.33825745e+00,1.16912872e-02,9.18626626e+00,1.24410437e+04
n064_nu0p005_s20261103,64,0.005,20261103,4.3200,2.32108889e-01,2.34619185e+00,1.17309593e-02,9.28853146e+00,1.26291307e+04
n064_nu0p005_s20261103,64,0.005,20261103,4.3400,2.31753247e-01,2.35406162e+00,1.17703081e-02,9.37843202e+00,1.28175157e+04
n064_nu0p005_s20261103,64,0.005,20261103,4.3600,2.31395604e-01,2.36186562e+00,1.18093281e-02,9.45423860e+00,1.30060807e+04
n064_nu0p005_s20261103,64,0.005,20261103,4.3800,2.31035951e-01,2.36960274e+00,1.18480137e-02,9.51421559e+00,1.31947051e+04
n064_nu0p005_s20261103,64,0.005,20261103,4.4000,2.30674278e-01,2.37727188e+00,1.18863594e-02,9.55664941e+00,1.33832661e+04
n064_nu0p005_s20261103,64,0.005,20261103,4.4200,2.30310578e-01,2.38487197e+00,1.19243598e-02,9.57987971e+00,1.35716383e+04
n064_nu0p005_s20261103,64,0.005,20261103,4.4400,2.29944843e-01,2.39240194e+00,1.19620097e-02,9.58233315e+00,1.37596946e+04
n064_nu0p005_s20261103,64,0.005,20261103,4.4600,2.29577066e-01,2.39986075e+00,1.19993038e-02,9.56255893e+00,1.39473063e+04
n064_nu0p005_s20261103,64,0.005,20261103,4.4800,2.29207242e-01,2.40724739e+00,1.20362370e-02,9.51926534e+00,1.41343435e+04
n064_nu0p005_s20261103,64,0.005,20261103,4.5000,2.28835367e-01,2.41456087e+00,1.20728043e-02,9.58156518e+00,1.43206756e+04
n064_nu0p005_s20261103,64,0.005,20261103,4.5200,2.28461436e-01,2.42180021e+00,1.21090010e-02,9.72779688e+00,1.45061720e+04
n064_nu0p005_s20261103,64,0.005,20261103,4.5400,2.28085447e-01,2.42896447e+00,1.21448223e-02,9.86233504e+00,1.46907024e+04
n064_nu0p005_s20261103,64,0.005,20261103,4.5600,2.27707399e-01,2.43605273e+00,1.21802637e-02,9.98337267e+00,1.48741379e+04
n064_nu0p005_s20261103,64,0.005,20261103,4.5800,2.27327291e-01,2.44306411e+00,1.22153206e-02,1.00891164e+01,1.50563514e+04
n064_nu0p005_s20261103,64,0.005,20261103,4.6000,2.26945123e-01,2.44999773e+00,1.22499887e-02,1.01778181e+01,1.52372185e+04
n064_nu0p005_s20261103,64,0.005,20261103,4.6200,2.26560897e-01,2.45685277e+00,1.22842638e-02,1.02478080e+01,1.54166182e+04
n064_nu0p005_s20261103,64,0.005,20261103,4.6400,2.26174614e-01,2.46362840e+00,1.23181420e-02,1.02975297e+01,1.55944339e+04
n064_nu0p005_s20261103,64,0.005,20261103,4.6600,2.25786279e-01,2.47032385e+00,1.23516193e-02,1.03255746e+01,1.57705538e+04
n064_nu0p005_s20261103,64,0.005,20261103,4.6800,2.25395897e-01,2.47693837e+00,1.23846918e-02,1.03307153e+01,1.59448718e+04
n064_nu0p005_s20261103,64,0.005,20261103,4.7000,2.25003472e-01,2.48347121e+00,1.24173560e-02,1.03119374e+01,1.61172882e+04
n064_nu0p005_s20261103,64,0.005,20261103,4.7200,2.24609011e-01,2.48992167e+00,1.24496083e-02,1.02684674e+01,1.62877102e+04
n064_nu0p005_s20261103,64,0.005,20261103,4.7400,2.24212521e-01,2.49628906e+00,1.24814453e-02,1.01997960e+01,1.64560525e+04
n064_nu0p005_s20261103,64,0.005,20261103,4.7600,2.23814013e-01,2.50257271e+00,1.25128636e-02,1.01529517e+01,1.66222373e+04
n064_nu0p005_s20261103,64,0.005,20261103,4.7800,2.23413494e-01,2.50877197e+00,1.25438599e-02,1.01102879e+01,1.67861951e+04
n064_nu0p005_s20261103,64,0.005,20261103,4.8000,2.23010975e-01,2.51488620e+00,1.25744310e-02,1.00452487e+01,1.69478644e+04
n064_nu0p005_s20261103,64,0.005,20261103,4.8200,2.22606467e-01,2.52091475e+00,1.26045738e-02,1.00471845e+01,1.71071920e+04
n064_nu0p005_s20261103,64,0.005,20261103,4.8400,2.22199984e-01,2.52685700e+00,1.26342850e-02,1.01141734e+01,1.72641324e+04
n064_nu0p005_s20261103,64,0.005,20261103,4.8600,2.21791537e-01,2.53271231e+00,1.26635615e-02,1.01772253e+01,1.74186481e+04
n064_nu0p005_s20261103,64,0.005,20261103,4.8800,2.21381140e-01,2.53848004e+00,1.26924002e-02,1.02361156e+01,1.75707089e+04
n064_nu0p005_s20261103,64,0.005,20261103,4.9000,2.20968807e-01,2.54415953e+00,1.27207976e-02,1.02906303e+01,1.77202913e+04
n064_nu0p005_s20261103,64,0.005,20261103,4.9200,2.20554554e-01,2.54975011e+00,1.27487506e-02,1.03405672e+01,1.78673783e+04
n064_nu0p005_s20261103,64,0.005,20261103,4.9400,2.20138396e-01,2.55525109e+00,1.27762555e-02,1.03857378e+01,1.80119586e+04
n064_nu0p005_s20261103,64,0.005,20261103,4.9600,2.19720349e-01,2.56066174e+00,1.28033087e-02,1.04423374e+01,1.81540261e+04
n064_nu0p005_s20261103,64,0.005,20261103,4.9800,2.19300429e-01,2.56598132e+00,1.28299066e-02,1.05400635e+01,1.82935792e+04
n064_nu0p005_s20261103,64,0.005,20261103,5.0000,2.18878655e-01,2.57120904e+00,1.28560452e-02,1.06116839e+01,1.84306203e+04
n064_nu0p005_s20261103,64,0.005,20261103,5.0200,2.18455042e-01,2.57634408e+00,1.28817204e-02,1.06564634e+01,1.85651557e+04
n064_nu0p005_s20261103,64,0.005,20261103,5.0400,2.18029609e-01,2.58138560e+00,1.29069280e-02,1.06760473e+01,1.86971945e+04
n064_nu0p005_s20261103,64,0.005,20261103,5.0600,2.17602374e-01,2.58633273e+00,1.29316636e-02,1.06939728e+01,1.88267495e+04
n064_nu0p005_s20261103,64,0.005,20261103,5.0800,2.17173355e-01,2.59118454e+00,1.29559227e-02,1.06834910e+01,1.89538359e+04
n064_nu0p005_s20261103,64,0.005,20261103,5.1000,2.16742571e-01,2.59594012e+00,1.29797006e-02,1.06448526e+01,1.90784725e+04
n064_nu0p005_s20261103,64,0.005,20261103,5.1200,2.16310041e-01,2.60059852e+00,1.30029926e-02,1.05786307e+01,1.92006809e+04
n064_nu0p005_s20261103,64,0.005,20261103,5.1400,2.15875785e-01,2.60515878e+00,1.30257939e-02,1.05459836e+01,1.93204864e+04
n064_nu0p005_s20261103,64,0.005,20261103,5.1600,2.15439821e-01,2.60961994e+00,1.30480997e-02,1.05313169e+01,1.94379184e+04
n064_nu0p005_s20261103,64,0.005,20261103,5.1800,2.15002170e-01,2.61398104e+00,1.30699052e-02,1.05110547e+01,1.95530099e+04
n064_nu0p005_s20261103,64,0.005,20261103,5.2000,2.14562853e-01,2.61824113e+00,1.30912057e-02,1.05030494e+01,1.96657988e+04
n064_nu0p005_s20261103,64,0.005,20261103,5.2200,2.14121889e-01,2.62239930e+00,1.31119965e-02,1.05463999e+01,1.97763273e+04
n064_nu0p005_s20261103,64,0.005,20261103,5.2400,2.13679301e-01,2.62645465e+00,1.31322732e-02,1.06550436e+01,1.98846426e+04
n064_nu0p005_s20261103,64,0.005,20261103,5.2600,2.13235108e-01,2.63040630e+00,1.31520315e-02,1.07395766e+01,1.99907961e+04
n064_nu0p005_s20261103,64,0.005,20261103,5.2800,2.12789335e-01,2.63425342e+00,1.31712671e-02,1.07998101e+01,2.00948436e+04
n064_nu0p005_s20261103,64,0.005,20261103,5.3000,2.12342002e-01,2.63799522e+00,1.31899761e-02,1.08357691e+01,2.01968446e+04
n064_nu0p005_s20261103,64,0.005,20261103,5.3200,2.11893133e-01,2.64163096e+00,1.32081548e-02,1.08476699e+01,2.02968616e+04
n064_nu0p005_s20261103,64,0.005,20261103,5.3400,2.11442751e-01,2.64515992e+00,1.32257996e-02,1.08358949e+01,2.03949588e+04
n064_nu0p005_s20261103,64,0.005,20261103,5.3600,2.10990880e-01,2.64858143e+00,1.32429072e-02,1.08009668e+01,2.04912016e+04
n064_nu0p005_s20261103,64,0.005,20261103,5.3800,2.10537544e-01,2.65189487e+00,1.32594744e-02,1.07435234e+01,2.05856552e+04
n064_nu0p005_s20261103,64,0.005,20261103,5.4000,2.10082769e-01,2.65509965e+00,1.32754983e-02,1.06642936e+01,2.06783830e+04
n064_nu0p005_s20261103,64,0.005,20261103,5.4200,2.09626580e-01,2.65819522e+00,1.32909761e-02,1.05804970e+01,2.07694460e+04
n064_nu0p005_s20261103,64,0.005,20261103,5.4400,2.09169002e-01,2.66118106e+00,1.33059053e-02,1.04950442e+01,2.08589011e+04
n064_nu0p005_s20261103,64,0.005,20261103,5.4600,2.08710063e-01,2.66405668e+00,1.33202834e-02,1.04789238e+01,2.09468003e+04
n064_nu0p005_s20261103,64,0.005,20261103,5.4800,2.08249790e-01,2.66682163e+00,1.33341082e-02,1.05016624e+01,2.10331898e+04
n064_nu0p005_s20261103,64,0.005,20261103,5.5000,2.07788209e-01,2.66947549e+00,1.33473775e-02,1.05162678e+01,2.11181091e+04
n064_nu0p005_s20261103,64,0.005,20261103,5.5200,2.07325350e-01,2.67201787e+00,1.33600894e-02,1.05222615e+01,2.12015906e+04
n064_nu0p005_s20261103,64,0.005,20261103,5.5400,2.06861241e-01,2.67444840e+00,1.33722420e-02,1.05512732e+01,2.12836594e+04
n064_nu0p005_s20261103,64,0.005,20261103,5.5600,2.06395911e-01,2.67676676e+00,1.33838338e-02,1.06602728e+01,2.13643328e+04
n064_nu0p005_s20261103,64,0.005,20261103,5.5800,2.05929389e-01,2.67897265e+00,1.33948632e-02,1.07616323e+01,2.14436207e+04
n064_nu0p005_s20261103,64,0.005,20261103,5.6000,2.05461707e-01,2.68106582e+00,1.34053291e-02,1.08546979e+01,2.15215257e+04
n064_nu0p005_s20261103,64,0.005,20261103,5.6200,2.04992895e-01,2.68304607e+00,1.34152304e-02,1.09388399e+01,2.15980436e+04
n064_nu0p005_s20261103,64,0.005,20261103,5.6400,2.04522984e-01,2.68491323e+00,1.34245662e-02,1.10134588e+01,2.16731637e+04
n064_nu0p005_s20261103,64,0.005,20261103,5.6600,2.04052005e-01,2.68666719e+00,1.34333359e-02,1.11108525e+01,2.17468695e+04
n064_nu0p005_s20261103,64,0.005,20261103,5.6800,2.03579992e-01,2.68830787e+00,1.34415394e-02,1.11998421e+01,2.18191395e+04
n064_nu0p005_s20261103,64,0.005,20261103,5.7000,2.03106976e-01,2.68983528e+00,1.34491764e-02,1.12774135e+01,2.18899479e+04
n064_nu0p005_s20261103,64,0.005,20261103,5.7200,2.02632991e-01,2.69124946e+00,1.34562473e-02,1.13429895e+01,2.19592654e+04
n064_nu0p005_s20261103,64,0.005,20261103,5.7400,2.02158071e-01,2.69255052e+00,1.34627526e-02,1.13960599e+01,2.20270598e+04
n064_nu0p005_s20261103,64,0.005,20261103,5.7600,2.01682248e-01,2.69373862e+00,1.34686931e-02,1.14361876e+01,2.20932975e+04
n064_nu0p005_s20261103,64,0.005,20261103,5.7800,2.01205557e-01,2.69481398e+00,1.34740699e-02,1.14630148e+01,2.21579438e+04
n064_nu0p005_s20261103,64,0.005,20261103,5.8000,2.00728034e-01,2.69577690e+00,1.34788845e-02,1.14762675e+01,2.22209639e+04
n064_nu0p005_s20261103,64,0.005,20261103,5.8200,2.00249712e-01,2.69662769e+00,1.34831385e-02,1.14757591e+01,2.22823241e+04
n064_nu0p005_s20261103,64,0.005,20261103,5.8400,1.99770626e-01,2.69736677e+00,1.34868338e-02,1.14613930e+01,2.23419925e+04
n064_nu0p005_s20261103,64,0.005,20261103,5.8600,1.99290812e-01,2.69799456e+00,1.34899728e-02,1.14331637e+01,2.23999400e+04
n064_nu0p005_s20261103,64,0.005,20261103,5.8800,1.98810306e-01,2.69851156e+00,1.34925578e-02,1.13911570e+01,2.24561410e+04
n064_nu0p005_s20261103,64,0.005,20261103,5.9000,1.98329142e-01,2.69891830e+00,1.34945915e-02,1.13355482e+01,2.25105743e+04
n064_nu0p005_s20261103,64,0.005,20261103,5.9200,1.97847356e-01,2.69921537e+00,1.34960768e-02,1.12665999e+01,2.25632239e+04
n064_nu0p005_s20261103,64,0.005,20261103,5.9400,1.97364984e-01,2.69940339e+00,1.34970169e-02,1.11846579e+01,2.26140796e+04
n064_nu0p005_s20261103,64,0.005,20261103,5.9600,1.96882061e-01,2.69948301e+00,1.34974150e-02,1.10901465e+01,2.26631372e+04
n064_nu0p005_s20261103,64,0.005,20261103,5.9800,1.96398623e-01,2.69945493e+00,1.34972747e-02,1.09835619e+01,2.27103998e+04
n064_nu0p005_s20261103,64,0.005,20261103,6.0000,1.95914704e-01,2.69931989e+00,1.34965994e-02,1.08654658e+01,2.27558772e+04
n064_nu0p005_s20261105,64,0.005,20261105,0.0000,2.81454316e-01,1.12992000e+00,5.64959998e-03,2.97370400e+00,4.74722941e+03
n064_nu0p005_s20261105,64,0.005,20261105,0.0200,2.81276224e-01,1.12445990e+00,5.62229952e-03,2.93611226e+00,4.50952927e+03
n064_nu0p005_s20261105,64,0.005,20261105,0.0400,2.81099773e-01,1.11933369e+00,5.59666847e-03,2.94281376e+00,4.29226822e+03
n064_nu0p005_s20261105,64,0.005,20261105,0.0600,2.80924838e-01,1.11452338e+00,5.57261690e-03,2.94761413e+00,4.09322040e+03
n064_nu0p005_s20261105,64,0.005,20261105,0.0800,2.80751292e-01,1.11001271e+00,5.55006353e-03,2.95003202e+00,3.91048177e+03
n064_nu0p005_s20261105,64,0.005,20261105,0.1000,2.80579009e-01,1.10578715e+00,5.52893576e-03,2.96357543e+00,3.74243457e+03
n064_nu0p005_s20261105,64,0.005,20261105,0.1200,2.80407869e-01,1.10183369e+00,5.50916846e-03,2.98210434e+00,3.58769771e+03
n064_nu0p005_s20261105,64,0.005,20261105,0.1400,2.80237751e-01,1.09814041e+00,5.49070205e-03,2.99772038e+00,3.44507210e+03
n064_nu0p005_s20261105,64,0.005,20261105,0.1600,2.80068540e-01,1.09469610e+00,5.47348049e-03,3.01023346e+00,3.31349090e+03
n064_nu0p005_s20261105,64,0.005,20261105,0.1800,2.79900123e-01,1.09148994e+00,5.45744971e-03,3.01950952e+00,3.19198180e+03
n064_nu0p005_s20261105,64,0.005,20261105,0.2000,2.79732391e-01,1.08851136e+00,5.44255678e-03,3.02547114e+00,3.07964469e+03
n064_nu0p005_s20261105,64,0.005,20261105,0.2200,2.79565240e-01,1.08575000e+00,5.42875001e-03,3.02809540e+00,2.97564372e+03
n064_nu0p005_s20261105,64,0.005,20261105,0.2400,2.79398570e-01,1.08319594e+00,5.41597971e-03,3.02740970e+00,2.87920982e+03
n064_nu0p005_s20261105,64,0.005,20261105,0.2600,2.79232292e-01,1.08083987e+00,5.40419936e-03,3.02348636e+00,2.78964781e+03
n064_nu0p005_s20261105,64,0.005,20261105,0.2800,2.79066324e-01,1.07867336e+00,5.39336682e-03,3.01643654e+00,2.70634249e+03
n064_nu0p005_s20261105,64,0.005,20261105,0.3000,2.78900598e-01,1.07668903e+00,5.38344516e-03,3.00640404e+00,2.62875952e+03
n064_nu0p005_s20261105,64,0.005,20261105,0.3200,2.78735054e-01,1.07488062e+00,5.37440308e-03,2.99355927e+00,2.55643948e+03
n064_nu0p005_s20261105,64,0.005,20261105,0.3400,2.78569645e-01,1.07324294e+00,5.36621472e-03,2.97821608e+00,2.48898593e+03
n064_nu0p005_s20261105,64,0.005,20261105,0.3600,2.78404333e-01,1.07177181e+00,5.35885904e-03,2.97069820e+00,2.42605058e+03
n064_nu0p005_s20261105,64,0.005,20261105,0.3800,2.78239091e-01,1.07046378e+00,5.35231892e-03,2.96132272e+00,2.36731906e+03
n064_nu0p005_s20261105,64,0.005,20261105,0.4000,2.78073897e-01,1.06931606e+00,5.34658029e-03,2.95014323e+00,2.31250047e+03
n064_nu0p005_s20261105,64,0.005,20261105,0.4200,2.77908738e-01,1.06832625e+00,5.34163124e-03,2.94035094e+00,2.26132218e+03
n064_nu0p005_s20261105,64,0.005,20261105,0.4400,2.77743604e-01,1.06749228e+00,5.33746141e-03,2.92892326e+00,2.21352949e+03
n064_nu0p005_s20261105,64,0.005,20261105,0.4600,2.77578488e-01,1.06681230e+00,5.33406152e-03,2.91944550e+00,2.16888775e+03
n064_nu0p005_s20261105,64,0.005,20261105,0.4800,2.77413385e-01,1.06628461e+00,5.33142306e-03,2.91769228e+00,2.12718465e+03
n064_nu0p005_s20261105,64,0.005,20261105,0.5000,2.77248291e-01,1.06590760e+00,5.32953802e-03,2.91356122e+00,2.08823040e+03
n064_nu0p005_s20261105,64,0.005,20261105,0.5200,2.77083201e-01,1.06567972e+00,5.32839859e-03,2.90714451e+00,2.05185511e+03
n064_nu0p005_s20261105,64,0.005,20261105,0.5400,2.76918110e-01,1.06559938e+00,5.32799692e-03,2.89854512e+00,2.01790435e+03
n064_nu0p005_s20261105,64,0.005,20261105,0.5600,2.76753009e-01,1.06566495e+00,5.32832477e-03,2.88787331e+00,1.98623443e+03
n064_nu0p005_s20261105,64,0.005,20261105,0.5800,2.76587887e-01,1.06587466e+00,5.32937331e-03,2.87524369e+00,1.95670958e+03
n064_nu0p005_s20261105,64,0.005,20261105,0.6000,2.76422731e-01,1.06622660e+00,5.33113298e-03,2.86077280e+00,1.92920174e+03
n064_nu0p005_s20261105,64,0.005,20261105,0.6200,2.76257523e-01,1.06671868e+00,5.33359338e-03,2.84457733e+00,1.90359278e+03
n064_nu0p005_s20261105,64,0.005,20261105,0.6400,2.76092242e-01,1.06734867e+00,5.33674336e-03,2.82677300e+00,1.87977761e+03
n064_nu0p005_s20261105,64,0.005,20261105,0.6600,2.75926864e-01,1.06811421e+00,5.34057105e-03,2.80747407e+00,1.85766628e+03
n064_nu0p005_s20261105,64,0.005,20261105,0.6800,2.75761361e-01,1.06901279e+00,5.34506394e-03,2.78679336e+00,1.83718320e+03
n064_nu0p005_s20261105,64,0.005,20261105,0.7000,2.75595704e-01,1.07004179e+00,5.35020895e-03,2.76484264e+00,1.81826325e+03
n064_nu0p005_s20261105,64,0.005,20261105,0.7200,2.75429859e-01,1.07119849e+00,5.35599247e-03,2.74173330e+00,1.80084534e+03
n064_nu0p005_s20261105,64,0.005,20261105,0.7400,2.75263791e-01,1.07248009e+00,5.36240047e-03,2.72119489e+00,1.78486551e+03
n064_nu0p005_s20261105,64,0.005,20261105,0.7600,2.75097466e-01,1.07388373e+00,5.36941864e-03,2.70512633e+00,1.77025152e+03
n064_nu0p005_s20261105,64,0.005,20261105,0.7800,2.74930848e-01,1.07540652e+00,5.37703262e-03,2.68746305e+00,1.75692089e+03
n064_nu0p005_s20261105,64,0.005,20261105,0.8000,2.74763900e-01,1.07704567e+00,5.38522833e-03,2.66828779e+00,1.74478289e+03
n064_nu0p005_s20261105,64,0.005,20261105,0.8200,2.74596588e-01,1.07879847e+00,5.39399233e-03,2.64768474e+00,1.73374389e+03
n064_nu0p005_s20261105,64,0.005,20261105,0.8400,2.74428878e-01,1.08066244e+00,5.40331218e-03,2.62574000e+00,1.72371438e+03
n064_nu0p005_s20261105,64,0.005,20261105,0.8600,2.74260739e-01,1.08263535e+00,5.41317673e-03,2.60254216e+00,1.71461586e+03
n064_nu0p005_s20261105,64,0.005,20261105,0.8800,2.74092142e-01,1.08471524e+00,5.42357620e-03,2.57818296e+00,1.70638561e+03
n064_nu0p005_s20261105,64,0.005,20261105,0.9000,2.73923059e-01,1.08690045e+00,5.43450225e-03,2.55469140e+00,1.69897857e+03
n064_nu0p005_s20261105,64,0.005,20261105,0.9200,2.73753466e-01,1.08918955e+00,5.44594775e-03,2.53276340e+00,1.69236635e+03
n064_nu0p005_s20261105,64,0.005,20261105,0.9400,2.73583341e-01,1.09158132e+00,5.45790662e-03,2.51002260e+00,1.68653408e+03
n064_nu0p005_s20261105,64,0.005,20261105,0.9600,2.73412663e-01,1.09407470e+00,5.47037348e-03,2.48653502e+00,1.68147637e+03
n064_nu0p005_s20261105,64,0.005,20261105,0.9800,2.73241414e-01,1.09666869e+00,5.48334343e-03,2.46236838e+00,1.67719347e+03
n064_nu0p005_s20261105,64,0.005,20261105,1.0000,2.73069575e-01,1.09936238e+00,5.49681189e-03,2.43759142e+00,1.67368821e+03
n064_nu0p005_s20261105,64,0.005,20261105,1.0200,2.72897131e-01,1.10215488e+00,5.51077438e-03,2.44777432e+00,1.67096400e+03
n064_nu0p005_s20261105,64,0.005,20261105,1.0400,2.72724067e-01,1.10504530e+00,5.52522652e-03,2.46862064e+00,1.66902342e+03
n064_nu0p005_s20261105,64,0.005,20261105,1.0600,2.72550369e-01,1.10803279e+00,5.54016396e-03,2.48927253e+00,1.66786699e+03
n064_nu0p005_s20261105,64,0.005,20261105,1.0800,2.72376022e-01,1.11111647e+00,5.55558236e-03,2.50970873e+00,1.66749175e+03
n064_nu0p005_s20261105,64,0.005,20261105,1.1000,2.72201014e-01,1.11429547e+00,5.57147734e-03,2.52990830e+00,1.66788963e+03
n064_nu0p005_s20261105,64,0.005,20261105,1.1200,2.72025333e-01,1.11756889e+00,5.58784446e-03,2.54985092e+00,1.66904579e+03
n064_nu0p005_s20261105,64,0.005,20261105,1.1400,2.71848966e-01,1.12093584e+00,5.60467918e-03,2.56951732e+00,1.67093744e+03
n064_nu0p005_s20261105,64,0.005,20261105,1.1600,2.71671901e-01,1.12439537e+00,5.62197684e-03,2.58888964e+00,1.67353381e+03
n064_nu0p005_s20261105,64,0.005,20261105,1.1800,2.71494127e-01,1.12794653e+00,5.63973264e-03,2.60795188e+00,1.67679729e+03
n064_nu0p005_s20261105,64,0.005,20261105,1.2000,2.71315633e-01,1.13158833e+00,5.65794167e-03,2.62669027e+00,1.68068591e+03
n064_nu0p005_s20261105,64,0.005,20261105,1.2200,2.71136406e-01,1.13531979e+00,5.67659895e-03,2.64509371e+00,1.68515667e+03
n064_nu0p005_s20261105,64,0.005,20261105,1.2400,2.70956436e-01,1.13913990e+00,5.69569951e-03,2.66315411e+00,1.69016916e+03
n064_nu0p005_s20261105,64,0.005,20261105,1.2600,2.70775712e-01,1.14304768e+00,5.71523841e-03,2.68086674e+00,1.69568864e+03
n064_nu0p005_s20261105,64,0.005,20261105,1.2800,2.70594223e-01,1.14704216e+00,5.73521081e-03,2.69823048e+00,1.70168825e+03
n064_nu0p005_s20261105,64,0.005,20261105,1.3000,2.70411959e-01,1.15112239e+00,5.75561194e-03,2.71524795e+00,1.70814978e+03
n064_nu0p005_s20261105,64,0.005,20261105,1.3200,2.70228909e-01,1.15528743e+00,5.77643717e-03,2.73192566e+00,1.71506337e+03
n064_nu0p005_s20261105,64,0.005,20261105,1.3400,2.70045063e-01,1.15953638e+00,5.79768192e-03,2.74886179e+00,1.72242602e+03
n064_nu0p005_s20261105,64,0.005,20261105,1.3600,2.69860412e-01,1.16386834e+00,5.81934171e-03,2.76614727e+00,1.73023973e+03
n064_nu0p005_s20261105,64,0.005,20261105,1.3800,2.69674945e-01,1.16828242e+00,5.84141208e-03,2.78299714e+00,1.73850947e+03
n064_nu0p005_s20261105,64,0.005,20261105,1.4000,2.69488652e-01,1.17277773e+00,5.86388865e-03,2.79942569e+00,1.74724146e+03
n064_nu0p005_s20261105,64,0.005,20261105,1.4200,2.69301526e-01,1.17735342e+00,5.88676709e-03,2.81545071e+00,1.75644202e+03
n064_nu0p005_s20261105,64,0.005,20261105,1.4400,2.69113554e-01,1.18200863e+00,5.91004317e-03,2.83109265e+00,1.76611690e+03
n064_nu0p005_s20261105,64,0.005,20261105,1.4600,2.68924730e-01,1.18674255e+00,5.93371275e-03,2.84637377e+00,1.77627113e+03
n064_nu0p005_s20261105,64,0.005,20261105,1.4800,2.68735042e-01,1.19155437e+00,5.95777184e-03,2.86131718e+00,1.78690925e+03
n064_nu0p005_s20261105,64,0.005,20261105,1.5000,2.68544482e-01,1.19644332e+00,5.98221658e-03,2.87594596e+00,1.79803564e+03
n064_nu0p005_s20261105,64,0.005,20261105,1.5200,2.68353040e-01,1.20140864e+00,6.00704322e-03,2.89028219e+00,1.80965489e+03
n064_nu0p005_s20261105,64,0.005,20261105,1.5400,2.68160707e-01,1.20644963e+00,6.03224816e-03,2.90434619e+00,1.82177212e+03
n064_nu0p005_s20261105,64,0.005,20261105,1.5600,2.67967472e-01,1.21156557e+00,6.05782785e-03,2.91815575e+00,1.83439307e+03
n064_nu0p005_s20261105,64,0.005,20261105,1.5800,2.67773326e-01,1.21675575e+00,6.08377877e-03,2.93560373e+00,1.84752413e+03
n064_nu0p005_s20261105,64,0.005,20261105,1.6000,2.67578258e-01,1.22201948e+00,6.11009741e-03,2.96142852e+00,1.86117212e+03
n064_nu0p005_s20261105,64,0.005,20261105,1.6200,2.67382259e-01,1.22735604e+00,6.13678018e-03,2.98711894e+00,1.87534407e+03
n064_nu0p005_s20261105,64,0.005,20261105,1.6400,2.67185316e-01,1.23276467e+00,6.16382337e-03,3.01269022e+00,1.89004669e+03
n064_nu0p005_s20261105,64,0.005,20261105,1.6600,2.66987419e-01,1.23824463e+00,6.19122313e-03,3.03816001e+00,1.90528596e+03
n064_nu0p005_s20261105,64,0.005,20261105,1.6800,2.66788557e-01,1.24379508e+00,6.21897542e-03,3.06354817e+00,1.92106652e+03
n064_nu0p005_s20261105,64,0.005,20261105,1.7000,2.66588717e-01,1.24941520e+00,6.24707600e-03,3.08887642e+00,1.93739116e+03
n064_nu0p005_s20261105,64,0.005,20261105,1.7200,2.66387889e-01,1.25510408e+00,6.27552040e-03,3.11416794e+00,1.95426032e+03
n064_nu0p005_s20261105,64,0.005,20261105,1.7400,2.66186059e-01,1.26086079e+00,6.30430393e-03,3.13944684e+00,1.97167164e+03
n064_nu0p005_s20261105,64,0.005,20261105,1.7600,2.65983217e-01,1.26668433e+00,6.33342167e-03,3.16473752e+00,1.98961972e+03
n064_nu0p005_s20261105,64,0.005,20261105,1.7800,2.65779349e-01,1.27257371e+00,6.36286854e-03,3.19089803e+00,2.00809588e+03
n064_nu0p005_s20261105,64,0.005,20261105,1.8000,2.65574443e-01,1.27852785e+00,6.39263924e-03,3.21778423e+00,2.02708823e+03
n064_nu0p005_s20261105,64,0.005,20261105,1.8200,2.65368489e-01,1.28454567e+00,6.42272837e-03,3.24466081e+00,2.04658178e+03
n064_nu0p005_s20261105,64,0.005,20261105,1.8400,2.65161474e-01,1.29062609e+00,6.45313044e-03,3.27154418e+00,2.06655870e+03
n064_nu0p005_s20261105,64,0.005,20261105,1.8600,2.64953387e-01,1.29676797e+00,6.48383987e-03,3.29844732e+00,2.08699882e+03
n064_nu0p005_s20261105,64,0.005,20261105,1.8800,2.64744217e-01,1.30297022e+00,6.51485110e-03,3.32537915e+00,2.10788011e+03
n064_nu0p005_s20261105,64,0.005,20261105,1.9000,2.64533954e-01,1.30923172e+00,6.54615860e-03,3.35234413e+00,2.12917941e+03
n064_nu0p005_s20261105,64,0.005,20261105,1.9200,2.64322589e-01,1.31555138e+00,6.57775689e-03,3.37934187e+00,2.15087313e+03
n064_nu0p005_s20261105,64,0.005,20261105,1.9400,2.64110111e-01,1.32192812e+00,6.60964062e-03,3.40636716e+00,2.17293806e+03
n064_nu0p005_s20261105,64,0.005,20261105,1.9600,2.63896514e-01,1.32836092e+00,6.64180458e-03,3.43341002e+00,2.19535217e+03
n064_nu0p005_s20261105,64,0.005,20261105,1.9800,2.63681788e-01,1.33484875e+00,6.67424373e-03,3.46045607e+00,2.21809533e+03
n064_nu0p005_s20261105,64,0.005,20261105,2.0000,2.63465926e-01,1.34139064e+00,6.70695322e-03,3.48748704e+00,2.24115004e+03
n064_nu0p005_s20261105,64,0.005,20261105,2.0200,2.63248923e-01,1.34798568e+00,6.73992840e-03,3.51448150e+00,2.26450190e+03
n064_nu0p005_s20261105,64,0.005,20261105,2.0400,2.63030773e-01,1.35463297e+00,6.77316486e-03,3.54141568e+00,2.28814003e+03
n064_nu0p005_s20261105,64,0.005,20261105,2.0600,2.62811471e-01,1.36133168e+00,6.80665839e-03,3.56826453e+00,2.31205736e+03
n064_nu0p005_s20261105,64,0.005,20261105,2.0800,2.62591013e-01,1.36808101e+00,6.84040503e-03,3.59500266e+00,2.33625064e+03
n064_nu0p005_s20261105,64,0.005,20261105,2.1000,2.62369395e-01,1.37488020e+00,6.87440099e-03,3.62160554e+00,2.36072048e+03
n064_nu0p005_s20261105,64,0.005,20261105,2.1200,2.62146616e-01,1.38172854e+00,6.90864272e-03,3.64805048e+00,2.38547124e+03
n064_nu0p005_s20261105,64,0.005,20261105,2.1400,2.61922672e-01,1.38862537e+00,6.94312683e-03,3.67431766e+00,2.41051084e+03
n064_nu0p005_s20261105,64,0.005,20261105,2.1600,2.61697562e-01,1.39557002e+00,6.97785011e-03,3.70039098e+00,2.43585066e+03
n064_nu0p005_s20261105,64,0.005,20261105,2.1800,2.61471287e-01,1.40256190e+00,7.01280949e-03,3.72625882e+00,2.46150535e+03
n064_nu0p005_s20261105,64,0.005,20261105,2.2000,2.61243845e-01,1.40960041e+00,7.04800203e-03,3.75191452e+00,2.48749275e+03
n064_nu0p005_s20261105,64,0.005,20261105,2.2200,2.61015237e-01,1.41668498e+00,7.08342490e-03,3.77735672e+00,2.51383379e+03
n064_nu0p005_s20261105,64,0.005,20261105,2.2400,2.60785464e-01,1.42381507e+00,7.11907533e-03,3.80258940e+00,2.54055246e+03
n064_nu0p005_s20261105,64,0.005,20261105,2.2600,2.60554527e-01,1.43099013e+00,7.15495064e-03,3.82762173e+00,2.56767574e+03
n064_nu0p005_s20261105,64,0.005,20261105,2.2800,2.60322428e-01,1.43820963e+00,7.19104815e-03,3.85246767e+00,2.59523351e+03
n064_nu0p005_s20261105,64,0.005,20261105,2.3000,2.60089168e-01,1.44547304e+00,7.22736520e-03,3.87714534e+00,2.62325841e+03
n064_nu0p005_s20261105,64,0.005,20261105,2.3200,2.59854751e-01,1.45277982e+00,7.26389911e-03,3.90167622e+00,2.65178564e+03
n064_nu0p005_s20261105,64,0.005,20261105,2.3400,2.59619178e-01,1.46012943e+00,7.30064713e-03,3.92608419e+00,2.68085267e+03
n064_nu0p005_s20261105,64,0.005,20261105,2.3600,2.59382452e-01,1.46752129e+00,7.33760647e-03,3.95039447e+00,2.71049888e+03
n064_nu0p005_s20261105,64,0.005,20261105,2.3800,2.59144577e-01,1.47495484e+00,7.37477419e-03,3.97463251e+00,2.74076511e+03
n064_nu0p005_s20261105,64,0.005,20261105,2.4000,2.58905554e-01,1.48242945e+00,7.41214725e-03,4.00203221e+00,2.77169319e+03
n064_nu0p005_s20261105,64,0.005,20261105,2.4200,2.58665387e-01,1.48994449e+00,7.44972245e-03,4.03526230e+00,2.80332542e+03
n064_nu0p005_s20261105,64,0.005,20261105,2.4400,2.58424078e-01,1.49749928e+00,7.48749641e-03,4.06821109e+00,2.83570409e+03
n064_nu0p005_s20261105,64,0.005,20261105,2.4600,2.58181631e-01,1.50509312e+00,7.52546558e-03,4.10090213e+00,2.86887104e+03
n064_nu0p005_s20261105,64,0.005,20261105,2.4800,2.57938048e-01,1.51272524e+00,7.56362621e-03,4.13335747e+00,2.90286720e+03
n064_nu0p005_s20261105,64,0.005,20261105,2.5000,2.57693332e-01,1.52039486e+00,7.60197432e-03,4.16559621e+00,2.93773229e+03
n064_nu0p005_s20261105,64,0.005,20261105,2.5200,2.57447485e-01,1.52810115e+00,7.64050575e-03,4.19763326e+00,2.97350459e+03
n064_nu0p005_s20261105,64,0.005,20261105,2.5400,2.57200509e-01,1.53584323e+00,7.67921613e-03,4.22947812e+00,3.01022070e+03
n064_nu0p005_s20261105,64,0.005,20261105,2.5600,2.56952407e-01,1.54362017e+00,7.71810087e-03,4.26113402e+00,3.04791556e+03
n064_nu0p005_s20261105,64,0.005,20261105,2.5800,2.56703181e-01,1.55143105e+00,7.75715523e-03,4.29259719e+00,3.08662233e+03
n064_nu0p005_s20261105,64,0.005,20261105,2.6000,2.56452832e-01,1.55927485e+00,7.79637424e-03,4.32385640e+00,3.12637254e+03
n064_nu0p005_s20261105,64,0.005,20261105,2.6200,2.56201361e-01,1.56715056e+00,7.83575280e-03,4.35489286e+00,3.16719615e+03
n064_nu0p005_s20261105,64,0.005,20261105,2.6400,2.55948769e-01,1.57505713e+00,7.87528563e-03,4.38568034e+00,3.20912168e+03
n064_nu0p005_s20261105,64,0.005,20261105,2.6600,2.55695058e-01,1.58299346e+00,7.91496732e-03,4.41618561e+00,3.25217648e+03
n064_nu0p005_s20261105,64,0.005,20261105,2.6800,2.55440227e-01,1.59095847e+00,7.95479234e-03,4.44636911e+00,3.29638681e+03
n064_nu0p005_s20261105,64,0.005,20261105,2.7000,2.55184277e-01,1.59895101e+00,7.99475503e-03,4.47618587e+00,3.34177818e+03
n064_nu0p005_s20261105,64,0.005,20261105,2.7200,2.54927208e-01,1.60696993e+00,8.03484966e-03,4.50558665e+00,3.38837542e+03
n064_nu0p005_s20261105,64,0.005,20261105,2.7400,2.54669018e-01,1.61501408e+00,8.07507038e-03,4.53451914e+00,3.43620299e+03
n064_nu0p005_s20261105,64,0.005,20261105,2.7600,2.54409707e-01,1.62308226e+00,8.11541129e-03,4.56292932e+00,3.48528510e+03
n064_nu0p005_s20261105,64,0.005,20261105,2.7800,2.54149273e-01,1.63117329e+00,8.15586643e-03,4.59076284e+00,3.53564584e+03
n064_nu0p005_s20261105,64,0.005,20261105,2.8000,2.53887714e-01,1.63928595e+00,8.19642977e-03,4.61796636e+00,3.58730934e+03
n064_nu0p005_s20261105,64,0.005,20261105,2.8200,2.53625029e-01,1.64741905e+00,8.23709523e-03,4.64448883e+00,3.64029981e+03
n064_nu0p005_s20261105,64,0.005,20261105,2.8400,2.53361214e-01,1.65557135e+00,8.27785673e-03,4.67054540e+00,3.69464157e+03
n064_nu0p005_s20261105,64,0.005,20261105,2.8600,2.53096267e-01,1.66374162e+00,8.31870810e-03,4.69746626e+00,3.75035903e+03
n064_nu0p005_s20261105,64,0.005,20261105,2.8800,2.52830184e-01,1.67192864e+00,8.35964320e-03,4.72359662e+00,3.80747662e+03
n064_nu0p005_s20261105,64,0.005,20261105,2.9000,2.52562961e-01,1.68013117e+00,8.40065584e-03,4.74890633e+00,3.86601871e+03
n064_nu0p005_s20261105,64,0.005,20261105,2.9200,2.52294593e-01,1.68834796e+00,8.44173980e-03,4.77337330e+00,3.92600946e+03
n064_nu0p005_s20261105,64,0.005,20261105,2.9400,2.52025076e-01,1.69657777e+00,8.48288886e-03,4.79698348e+00,3.98747265e+03
n064_nu0p005_s20261105,64,0.005,20261105,2.9600,2.51754404e-01,1.70481936e+00,8.52409681e-03,4.81973045e+00,4.05043149e+03
n064_nu0p005_s20261105,64,0.005,20261105,2.9800,2.51482573e-01,1.71307148e+00,8.56535740e-03,4.84161493e+00,4.11490847e+03
n064_nu0p005_s20261105,64,0.005,20261105,3.0000,2.51209575e-01,1.72133288e+00,8.60666439e-03,4.86264408e+00,4.18092518e+03
n064_nu0p005_s20261105,64,0.005,20261105,3.0200,2.50935406e-01,1.72960231e+00,8.64801155e-03,4.88283060e+00,4.24850211e+03
n064_nu0p005_s20261105,64,0.005,20261105,3.0400,2.50660056e-01,1.73787853e+00,8.68939265e-03,4.90219188e+00,4.31765859e+03
n064_nu0p005_s20261105,64,0.005,20261105,3.0600,2.50383521e-01,1.74616029e+00,8.73080147e-03,4.92074904e+00,4.38841260e+03
n064_nu0p005_s20261105,64,0.005,20261105,3.0800,2.50105793e-01,1.75444636e+00,8.77223182e-03,4.93852595e+00,4.46078080e+03
n064_nu0p005_s20261105,64,0.005,20261105,3.1000,2.49826864e-01,1.76273551e+00,8.81367753e-03,4.95554837e+00,4.53477844e+03
n064_nu0p005_s20261105,64,0.005,20261105,3.1200,2.49546726e-01,1.77102650e+00,8.85513248e-03,4.97184314e+00,4.61041937e+03
n064_nu0p005_s20261105,64,0.005,20261105,3.1400,2.49265371e-01,1.77931811e+00,8.89659057e-03,4.98743747e+00,4.68771611e+03
n064_nu0p005_s20261105,64,0.005,20261105,3.1600,2.48982792e-01,1.78760915e+00,8.93804577e-03,5.00389950e+00,4.76667988e+03
n064_nu0p005_s20261105,64,0.005,20261105,3.1800,2.48698980e-01,1.79589842e+00,8.97949211e-03,5.02124814e+00,4.84732069e+03
n064_nu0p005_s20261105,64,0.005,20261105,3.2000,2.48413927e-01,1.80418473e+00,9.02092366e-03,5.03807373e+00,4.92964745e+03
n064_nu0p005_s20261105,64,0.005,20261105,3.2200,2.48127625e-01,1.81246692e+00,9.06233462e-03,5.05440698e+00,5.01366806e+03
n064_nu0p005_s20261105,64,0.005,20261105,3.2400,2.47840065e-01,1.82074384e+00,9.10371921e-03,5.07027800e+00,5.09938955e+03
n064_nu0p005_s20261105,64,0.005,20261105,3.2600,2.47551240e-01,1.82901436e+00,9.14507179e-03,5.11251761e+00,5.18681814e+03
n064_nu0p005_s20261105,64,0.005,20261105,3.2800,2.47261140e-01,1.83727735e+00,9.18638677e-03,5.16208623e+00,5.27595944e+03
n064_nu0p005_s20261105,64,0.005,20261105,3.3000,2.46969759e-01,1.84553174e+00,9.22765869e-03,5.21184790e+00,5.36681847e+03
n064_nu0p005_s20261105,64,0.005,20261105,3.3200,2.46677087e-01,1.85377643e+00,9.26888217e-03,5.26176182e+00,5.45939983e+03
n064_nu0p005_s20261105,64,0.005,20261105,3.3400,2.46383118e-01,1.86201038e+00,9.31005192e-03,5.31178685e+00,5.55370773e+03
n064_nu0p005_s20261105,64,0.005,20261105,3.3600,2.46087843e-01,1.87023256e+00,9.35116278e-03,5.36188153e+00,5.64974614e+03
n064_nu0p005_s20261105,64,0.005,20261105,3.3800,2.45791256e-01,1.87844193e+00,9.39220965e-03,5.41200403e+00,5.74751880e+03
n064_nu0p005_s20261105,64,0.005,20261105,3.4000,2.45493348e-01,1.88663751e+00,9.43318756e-03,5.46211204e+00,5.84702927e+03
n064_nu0p005_s20261105,64,0.005,20261105,3.4200,2.45194113e-01,1.89481832e+00,9.47409160e-03,5.51216254e+00,5.94828093e+03
n064_nu0p005_s20261105,64,0.005,20261105,3.4400,2.44893544e-01,1.90298339e+00,9.51491696e-03,5.56211160e+00,6.05127697e+03
n064_nu0p005_s20261105,64,0.005,20261105,3.4600,2.44591635e-01,1.91113178e+00,9.55565892e-03,5.61191405e+00,6.15602032e+03
n064_nu0p005_s20261105,64,0.005,20261105,3.4800,2.44288379e-01,1.91926257e+00,9.59631284e-03,5.67550948e+00,6.26251356e+03
n064_nu0p005_s20261105,64,0.005,20261105,3.5000,2.43983770e-01,1.92737482e+00,9.63687411e-03,5.74040831e+00,6.37075874e+03
n064_nu0p005_s20261105,64,0.005,20261105,3.5200,2.43677802e-01,1.93546765e+00,9.67733824e-03,5.80593884e+00,6.48075725e+03
n064_nu0p005_s20261105,64,0.005,20261105,3.5400,2.43370470e-01,1.94354015e+00,9.71770076e-03,5.87205355e+00,6.59250954e+03
n064_nu0p005_s20261105,64,0.005,20261105,3.5600,2.43061768e-01,1.95159145e+00,9.75795725e-03,5.93870074e+00,6.70601493e+03
n064_nu0p005_s20261105,64,0.005,20261105,3.5800,2.42751691e-01,1.95962067e+00,9.79810337e-03,6.00582450e+00,6.82127128e+03
n064_nu0p005_s20261105,64,0.005,20261105,3.6000,2.42440235e-01,1.96762696e+00,9.83813478e-03,6.07336472e+00,6.93827470e+03
n064_nu0p005_s20261105,64,0.005,20261105,3.6200,2.42127395e-01,1.97560944e+00,9.87804721e-03,6.14125706e+00,7.05701927e+03
n064_nu0p005_s20261105,64,0.005,20261105,3.6400,2.41813167e-01,1.98356728e+00,9.91783639e-03,6.20943308e+00,7.17749674e+03
n064_nu0p005_s20261105,64,0.005,20261105,3.6600,2.41497545e-01,1.99149962e+00,9.95749810e-03,6.27782038e+00,7.29969620e+03
n064_nu0p005_s20261105,64,0.005,20261105,3.6800,2.41180528e-01,1.99940563e+00,9.99702814e-03,6.34634281e+00,7.42360385e+03
n064_nu0p005_s20261105,64,0.005,20261105,3.7000,2.40862110e-01,2.00728447e+00,1.00364223e-02,6.41492080e+00,7.54920275e+03
n064_nu0p005_s20261105,64,0.005,20261105,3.7200,2.40542289e-01,2.01513530e+00,1.00756765e-02,6.48347174e+00,7.67647264e+03
n064_nu0p005_s20261105,64,0.005,20261105,3.7400,2.40221062e-01,2.02295731e+00,1.01147866e-02,6.55191043e+00,7.80538980e+03
n064_nu0p005_s20261105,64,0.005,20261105,3.7600,2.39898425e-01,2.03074967e+00,1.01537484e-02,6.62014962e+00,7.93592694e+03
n064_nu0p005_s20261105,64,0.005,20261105,3.7800,2.39574376e-01,2.03851156e+00,1.01925578e-02,6.68810053e+00,8.06805318e+03
n064_nu0p005_s20261105,64,0.005,20261105,3.8000,2.39248913e-01,2.04624218e+00,1.02312109e-02,6.75567347e+00,8.20173411e+03
n064_nu0p005_s20261105,64,0.005,20261105,3.8200,2.38922033e-01,2.05394071e+00,1.02697035e-02,6.82277842e+00,8.33693187e+03
n064_nu0p005_s20261105,64,0.005,20261105,3.8400,2.38593734e-01,2.06160635e+00,1.03080318e-02,6.88932552e+00,8.47360529e+03
n064_nu0p005_s20261105,64,0.005,20261105,3.8600,2.38264015e-01,2.06923832e+00,1.03461916e-02,6.95522565e+00,8.61171015e+03
n064_nu0p005_s20261105,64,0.005,20261105,3.8800,2.37932875e-01,2.07683582e+00,1.03841791e-02,7.02039080e+00,8.75119945e+03
n064_nu0p005_s20261105,64,0.005,20261105,3.9000,2.37600312e-01,2.08439807e+00,1.04219903e-02,7.08473437e+00,8.89202373e+03
n064_nu0p005_s20261105,64,0.005,20261105,3.9200,2.37266324e-01,2.09192430e+00,1.04596215e-02,7.14817138e+00,9.03413145e+03
n064_nu0p005_s20261105,64,0.005,20261105,3.9400,2.36930913e-01,2.09941376e+00,1.04970688e-02,7.21061851e+00,9.17746940e+03
n064_nu0p005_s20261105,64,0.005,20261105,3.9600,2.36594076e-01,2.10686567e+00,1.05343284e-02,7.27199400e+00,9.32198316e+03
n064_nu0p005_s20261105,64,0.005,20261105,3.9800,2.36255815e-01,2.11427930e+00,1.05713965e-02,7.33221741e+00,9.46761751e+03
n064_nu0p005_s20261105,64,0.005,20261105,4.0000,2.35916128e-01,2.12165391e+00,1.06082695e-02,7.39120922e+00,9.61431690e+03
n064_nu0p005_s20261105,64,0.005,20261105,4.0200,2.35575016e-01,2.12898875e+00,1.06449437e-02,7.44889034e+00,9.76202591e+03
n064_nu0p005_s20261105,64,0.005,20261105,4.0400,2.35232480e-01,2.13628310e+00,1.06814155e-02,7.50518144e+00,9.91068962e+03
n064_nu0p005_s20261105,64,0.005,20261105,4.0600,2.34888520e-01,2.14353624e+00,1.07176812e-02,7.56000227e+00,1.00602540e+04
n064_nu0p005_s20261105,64,0.005,20261105,4.0800,2.34543137e-01,2.15074746e+00,1.07537373e-02,7.61327085e+00,1.02106664e+04
n064_nu0p005_s20261105,64,0.005,20261105,4.1000,2.34196333e-01,2.15791602e+00,1.07895801e-02,7.66490270e+00,1.03618753e+04
n064_nu0p005_s20261105,64,0.005,20261105,4.1200,2.33848108e-01,2.16504123e+00,1.08252061e-02,7.71480999e+00,1.05138313e+04
n064_nu0p005_s20261105,64,0.005,20261105,4.1400,2.33498464e-01,2.17212236e+00,1.08606118e-02,7.79106114e+00,1.06664867e+04
n064_nu0p005_s20261105,64,0.005,20261105,4.1600,2.33147403e-01,2.17915870e+00,1.08957935e-02,7.88010156e+00,1.08197954e+04
n064_nu0p005_s20261105,64,0.005,20261105,4.1800,2.32794925e-01,2.18614952e+00,1.09307476e-02,7.96914330e+00,1.09737136e+04
n064_nu0p005_s20261105,64,0.005,20261105,4.2000,2.32441035e-01,2.19309410e+00,1.09654705e-02,8.05810496e+00,1.11281990e+04
n064_nu0p005_s20261105,64,0.005,20261105,4.2200,2.32085732e-01,2.19999169e+00,1.09999585e-02,8.14689971e+00,1.12832110e+04
n064_nu0p005_s20261105,64,0.005,20261105,4.2400,2.31729019e-01,2.20684156e+00,1.10342078e-02,8.23543566e+00,1.14387102e+04
n064_nu0p005_s20261105,64,0.005,20261105,4.2600,2.31370899e-01,2.21364295e+00,1.10682147e-02,8.32361643e+00,1.15946585e+04
n064_nu0p005_s20261105,64,0.005,20261105,4.2800,2.31011374e-01,2.22039507e+00,1.11019753e-02,8.41134168e+00,1.17510183e+04
n064_nu0p005_s20261105,64,0.005,20261105,4.3000,2.30650447e-01,2.22709715e+00,1.11354857e-02,8.49850764e+00,1.19077524e+04
n064_nu0p005_s20261105,64,0.005,20261105,4.3200,2.30288119e-01,2.23374838e+00,1.11687419e-02,8.58500774e+00,1.20648237e+04
n064_nu0p005_s20261105,64,0.005,20261105,4.3400,2.29924394e-01,2.24034796e+00,1.12017398e-02,8.67073303e+00,1.22221944e+04
n064_nu0p005_s20261105,64,0.005,20261105,4.3600,2.29559274e-01,2.24689503e+00,1.12344752e-02,8.75557272e+00,1.23798261e+04
n064_nu0p005_s20261105,64,0.005,20261105,4.3800,2.29192762e-01,2.25338876e+00,1.12669438e-02,8.83941454e+00,1.25376787e+04
n064_nu0p005_s20261105,64,0.005,20261105,4.4000,2.28824861e-01,2.25982828e+00,1.12991414e-02,8.92377121e+00,1.26957107e+04
n064_nu0p005_s20261105,64,0.005,20261105,4.4200,2.28455573e-01,2.26621271e+00,1.13310635e-02,9.01220980e+00,1.28538784e+04
n064_nu0p005_s20261105,64,0.005,20261105,4.4400,2.28084903e-01,2.27254115e+00,1.13627057e-02,9.10014861e+00,1.30121360e+04
n064_nu0p005_s20261105,64,0.005,20261105,4.4600,2.27712854e-01,2.27881269e+00,1.13940635e-02,9.18747188e+00,1.31704346e+04
n064_nu0p005_s20261105,64,0.005,20261105,4.4800,2.27339428e-01,2.28502642e+00,1.14251321e-02,9.27405776e+00,1.33287229e+04
n064_nu0p005_s20261105,64,0.005,20261105,4.5000,2.26964629e-01,2.29118140e+00,1.14559070e-02,9.35977817e+00,1.34869463e+04
n064_nu0p005_s20261105,64,0.005,20261105,4.5200,2.26588461e-01,2.29727670e+00,1.14863835e-02,9.44449867e+00,1.36450472e+04
n064_nu0p005_s20261105,64,0.005,20261105,4.5400,2.26210928e-01,2.30331138e+00,1.15165569e-02,9.52807834e+00,1.38029646e+04
n064_nu0p005_s20261105,64,0.005,20261105,4.5600,2.25832034e-01,2.30928449e+00,1.15464225e-02,9.61036959e+00,1.39606346e+04
n064_nu0p005_s20261105,64,0.005,20261105,4.5800,2.25451783e-01,2.31519509e+00,1.15759755e-02,9.69121808e+00,1.41179901e+04
n064_nu0p005_s20261105,64,0.005,20261105,4.6000,2.25070180e-01,2.32104223e+00,1.16052112e-02,9.77046257e+00,1.42749613e+04
n064_nu0p005_s20261105,64,0.005,20261105,4.6200,2.24687229e-01,2.32682499e+00,1.16341249e-02,9.84793489e+00,1.44314752e+04
n064_nu0p005_s20261105,64,0.005,20261105,4.6400,2.24302936e-01,2.33254242e+00,1.16627121e-02,9.92345987e+00,1.45874568e+04
n064_nu0p005_s20261105,64,0.005,20261105,4.6600,2.23917306e-01,2.33819360e+00,1.16909680e-02,9.99685544e+00,1.47428286e+04
n064_nu0p005_s20261105,64,0.005,20261105,4.6800,2.23530344e-01,2.34377764e+00,1.17188882e-02,1.00679328e+01,1.48975115e+04
n064_nu0p005_s20261105,64,0.005,20261105,4.7000,2.23142056e-01,2.34929363e+00,1.17464682e-02,1.01364964e+01,1.50514247e+04
n064_nu0p005_s20261105,64,0.005,20261105,4.7200,2.22752448e-01,2.35474070e+00,1.17737035e-02,1.02023449e+01,1.52044864e+04
n064_nu0p005_s20261105,64,0.005,20261105,4.7400,2.22361527e-01,2.36011799e+00,1.18005900e-02,1.02652710e+01,1.53566144e+04
n064_nu0p005_s20261105,64,0.005,20261105,4.7600,2.21969299e-01,2.36542466e+00,1.18271233e-02,1.03250627e+01,1.55077260e+04
n064_nu0p005_s20261105,64,0.005,20261105,4.7800,2.21575773e-01,2.37065989e+00,1.18532995e-02,1.03815037e+01,1.56577388e+04
n064_nu0p005_s20261105,64,0.005,20261105,4.8000,2.21180954e-01,2.37582289e+00,1.18791144e-02,1.04343749e+01,1.58065712e+04
n064_nu0p005_s20261105,64,0.005,20261105,4.8200,2.20784851e-01,2.38091288e+00,1.19045644e-02,1.04834554e+01,1.59541427e+04
n064_nu0p005_s20261105,64,0.005,20261105,4.8400,2.20387472e-01,2.38592911e+00,1.19296456e-02,1.05285239e+01,1.61003743e+04
n064_nu0p005_s20261105,64,0.005,20261105,4.8600,2.19988825e-01,2.39087087e+00,1.19543544e-02,1.05772190e+01,1.62451886e+04
n064_nu0p005_s20261105,64,0.005,20261105,4.8800,2.19588919e-01,2.39573746e+00,1.19786873e-02,1.06475644e+01,1.63885109e+04
n064_nu0p005_s20261105,64,0.005,20261105,4.9000,2.19187763e-01,2.40052819e+00,1.20026410e-02,1.07156889e+01,1.65302686e+04
n064_nu0p005_s20261105,64,0.005,20261105,4.9200,2.18785367e-01,2.40524243e+00,1.20262122e-02,1.07814183e+01,1.66703919e+04
n064_nu0p005_s20261105,64,0.005,20261105,4.9400,2.18381740e-01,2.40987955e+00,1.20493977e-02,1.08445783e+01,1.68088140e+04
n064_nu0p005_s20261105,64,0.005,20261105,4.9600,2.17976892e-01,2.41443895e+00,1.20721947e-02,1.09049951e+01,1.69454710e+04
n064_nu0p005_s20261105,64,0.005,20261105,4.9800,2.17570833e-01,2.41892005e+00,1.20946003e-02,1.09624976e+01,1.70803020e+04
n064_nu0p005_s20261105,64,0.005,20261105,5.0000,2.17163575e-01,2.42332231e+00,1.21166115e-02,1.10169178e+01,1.72132492e+04
n064_nu0p005_s20261105,64,0.005,20261105,5.0200,2.16755127e-01,2.42764519e+00,1.21382259e-02,1.10680928e+01,1.73442578e+04
n064_nu0p005_s20261105,64,0.005,20261105,5.0400,2.16345502e-01,2.43188818e+00,1.21594409e-02,1.11158658e+01,1.74732759e+04
n064_nu0p005_s20261105,64,0.005,20261105,5.0600,2.15934710e-01,2.43605081e+00,1.21802540e-02,1.11600876e+01,1.76002542e+04
n064_nu0p005_s20261105,64,0.005,20261105,5.0800,2.15522763e-01,2.44013259e+00,1.22006630e-02,1.12006181e+01,1.77251460e+04
n064_nu0p005_s20261105,64,0.005,20261105,5.1000,2.15109674e-01,2.44413310e+00,1.22206655e-02,1.12373270e+01,1.78479070e+04
n064_nu0p005_s20261105,64,0.005,20261105,5.1200,2.14695455e-01,2.44805191e+00,1.22402595e-02,1.12700960e+01,1.79684947e+04
n064_nu0p005_s20261105,64,0.005,20261105,5.1400,2.14280118e-01,2.45188860e+00,1.22594430e-02,1.12988189e+01,1.80868688e+04
n064_nu0p005_s20261105,64,0.005,20261105,5.1600,2.13863676e-01,2.45564280e+00,1.22782140e-02,1.13234035e+01,1.82029903e+04
n064_nu0p005_s20261105,64,0.005,20261105,5.1800,2.13446142e-01,2.45931413e+00,1.22965707e-02,1.13437722e+01,1.83168218e+04
n064_nu0p005_s20261105,64,0.005,20261105,5.2000,2.13027531e-01,2.46290226e+00,1.23145113e-02,1.13598631e+01,1.84283268e+04
n064_nu0p005_s20261105,64,0.005,20261105,5.2200,2.12607854e-01,2.46640686e+00,1.23320343e-02,1.13716303e+01,1.85374700e+04
n064_nu0p005_s20261105,64,0.005,20261105,5.2400,2.12187127e-01,2.46982761e+00,1.23491381e-02,1.13790450e+01,1.86442169e+04
n064_nu0p005_s20261105,64,0.005,20261105,5.2600,2.11765364e-01,2.47316424e+00,1.23658212e-02,1.13820953e+01,1.87485337e+04
n064_nu0p005_s20261105,64,0.005,20261105,5.2800,2.11342580e-01,2.47641647e+00,1.23820824e-02,1.13841304e+01,1.88503875e+04
n064_nu0p005_s20261105,64,0.005,20261105,5.3000,2.10918789e-01,2.47958407e+00,1.23979203e-02,1.14535671e+01,1.89497460e+04
n064_nu0p005_s20261105,64,0.005,20261105,5.3200,2.10494006e-01,2.48266680e+00,1.24133340e-02,1.15175925e+01,1.90465779e+04
n064_nu0p005_s20261105,64,0.005,20261105,5.3400,2.10068248e-01,2.48566446e+00,1.24283223e-02,1.15760222e+01,1.91408526e+04
n064_nu0p005_s20261105,64,0.005,20261105,5.3600,2.09641530e-01,2.48857688e+00,1.24428844e-02,1.16286968e+01,1.92325410e+04
n064_nu0p005_s20261105,64,0.005,20261105,5.3800,2.09213869e-01,2.49140390e+00,1.24570195e-02,1.16754836e+01,1.93216153e+04
n064_nu0p005_s20261105,64,0.005,20261105,5.4000,2.08785280e-01,2.49414539e+00,1.24707270e-02,1.17162777e+01,1.94080491e+04
n064_nu0p005_s20261105,64,0.005,20261105,5.4200,2.08355781e-01,2.49680124e+00,1.24840062e-02,1.17510028e+01,1.94918185e+04
n064_nu0p005_s20261105,64,0.005,20261105,5.4400,2.07925390e-01,2.49937137e+00,1.24968569e-02,1.17796118e+01,1.95729016e+04
n064_nu0p005_s20261105,64,0.005,20261105,5.4600,2.07494123e-01,2.50185573e+00,1.25092786e-02,1.18020869e+01,1.96512794e+04
n064_nu0p005_s20261105,64,0.005,20261105,5.4800,2.07061999e-01,2.50425428e+00,1.25212714e-02,1.18184390e+01,1.97269362e+04
n064_nu0p005_s20261105,64,0.005,20261105,5.5000,2.06629036e-01,2.50656702e+00,1.25328351e-02,1.18287077e+01,1.97998596e+04
n064_nu0p005_s20261105,64,0.005,20261105,5.5200,2.06195253e-01,2.50879399e+00,1.25439700e-02,1.18329600e+01,1.98700414e+04
n064_nu0p005_s20261105,64,0.005,20261105,5.5400,2.05760668e-01,2.51093524e+00,1.25546762e-02,1.18312888e+01,1.99374778e+04
n064_nu0p005_s20261105,64,0.005,20261105,5.5600,2.05325301e-01,2.51299085e+00,1.25649542e-02,1.18238118e+01,2.00021696e+04
n064_nu0p005_s20261105,64,0.005,20261105,5.5800,2.04889172e-01,2.51496094e+00,1.25748047e-02,1.18106695e+01,2.00641229e+04
n064_nu0p005_s20261105,64,0.005,20261105,5.6000,2.04452301e-01,2.51684565e+00,1.25842283e-02,1.17920229e+01,2.01233494e+04
n064_nu0p005_s20261105,64,0.005,20261105,5.6200,2.04014707e-01,2.51864517e+00,1.25932258e-02,1.17680514e+01,2.01798662e+04
n064_nu0p005_s20261105,64,0.005,20261105,5.6400,2.03576413e-01,2.52035969e+00,1.26017985e-02,1.17389502e+01,2.02336967e+04
n064_nu0p005_s20261105,64,0.005,20261105,5.6600,2.03137437e-01,2.52198947e+00,1.26099473e-02,1.17049283e+01,2.02848702e+04
n064_nu0p005_s20261105,64,0.005,20261105,5.6800,2.02697803e-01,2.52353476e+00,1.26176738e-02,1.16662050e+01,2.03334226e+04
n064_nu0p005_s20261105,64,0.005,20261105,5.7000,2.02257530e-01,2.52499587e+00,1.26249793e-02,1.16230083e+01,2.03793956e+04
n064_nu0p005_s20261105,64,0.005,20261105,5.7200,2.01816642e-01,2.52637313e+00,1.26318656e-02,1.15755717e+01,2.04228373e+04
n064_nu0p005_s20261105,64,0.005,20261105,5.7400,2.01375159e-01,2.52766690e+00,1.26383345e-02,1.15241319e+01,2.04638017e+04
n064_nu0p005_s20261105,64,0.005,20261105,5.7600,2.00933103e-01,2.52887756e+00,1.26443878e-02,1.14689266e+01,2.05023484e+04
n064_nu0p005_s20261105,64,0.005,20261105,5.7800,2.00490498e-01,2.53000553e+00,1.26500277e-02,1.14101923e+01,2.05385424e+04
n064_nu0p005_s20261105,64,0.005,20261105,5.8000,2.00047365e-01,2.53105125e+00,1.26552563e-02,1.13481620e+01,2.05724533e+04
n064_nu0p005_s20261105,64,0.005,20261105,5.8200,1.99603727e-01,2.53201518e+00,1.26600759e-02,1.12830639e+01,2.06041550e+04
n064_nu0p005_s20261105,64,0.005,20261105,5.8400,1.99159607e-01,2.53289780e+00,1.26644890e-02,1.12151193e+01,2.06337248e+04
n064_nu0p005_s20261105,64,0.005,20261105,5.8600,1.98715026e-01,2.53369960e+00,1.26684980e-02,1.11445419e+01,2.06612429e+04
n064_nu0p005_s20261105,64,0.005,20261105,5.8800,1.98270009e-01,2.53442110e+00,1.26721055e-02,1.10715363e+01,2.06867914e+04
n064_nu0p005_s20261105,64,0.005,20261105,5.9000,1.97824577e-01,2.53506284e+00,1.26753142e-02,1.09962971e+01,2.07104533e+04
n064_nu0p005_s20261105,64,0.005,20261105,5.9200,1.97378752e-01,2.53562534e+00,1.26781267e-02,1.09190089e+01,2.07323123e+04
n064_nu0p005_s20261105,64,0.005,20261105,5.9400,1.96932559e-01,2.53610914e+00,1.26805457e-02,1.08398453e+01,2.07524513e+04
n064_nu0p005_s20261105,64,0.005,20261105,5.9600,1.96486018e-01,2.53651481e+00,1.26825741e-02,1.07589691e+01,2.07709518e+04
n064_nu0p005_s20261105,64,0.005,20261105,5.9800,1.96039153e-01,2.53684288e+00,1.26842144e-02,1.06765322e+01,2.07878934e+04
n064_nu0p005_s20261105,64,0.005,20261105,6.0000,1.95591985e-01,2.53709392e+00,1.26854696e-02,1.05926763e+01,2.08033527e+04
n064_nu0p005_s20261107,64,0.005,20261107,0.0000,2.81783598e-01,1.00875082e+00,5.04375411e-03,2.91767242e+00,2.82353900e+03
n064_nu0p005_s20261107,64,0.005,20261107,0.0200,2.81570226e-01,1.00509649e+00,5.02548243e-03,2.88966472e+00,2.68170303e+03
n064_nu0p005_s20261107,64,0.005,20261107,0.0400,2.81357882e-01,1.00167837e+00,5.00839185e-03,2.85804832e+00,2.55211495e+03
n064_nu0p005_s20261107,64,0.005,20261107,0.0600,2.81146499e-01,9.98487379e-01,4.99243689e-03,2.85142514e+00,2.43356509e+03
n064_nu0p005_s20261107,64,0.005,20261107,0.0800,2.80936002e-01,9.95514072e-01,4.97757036e-03,2.85083767e+00,2.32494766e+03
n064_nu0p005_s20261107,64,0.005,20261107,0.1000,2.80726311e-01,9.92748683e-01,4.96374342e-03,2.84668462e+00,2.22525163e+03
n064_nu0p005_s20261107,64,0.005,20261107,0.1200,2.80517342e-01,9.90181277e-01,4.95090639e-03,2.83891000e+00,2.13355656e+03
n064_nu0p005_s20261107,64,0.005,20261107,0.1400,2.80309007e-01,9.87802007e-01,4.93901004e-03,2.82750844e+00,2.04903202e+03
n064_nu0p005_s20261107,64,0.005,20261107,0.1600,2.80101221e-01,9.85601420e-01,4.92800710e-03,2.81252489e+00,1.97093928e+03
n064_nu0p005_s20261107,64,0.005,20261107,0.1800,2.79893903e-01,9.83570750e-01,4.91785375e-03,2.79405225e+00,1.89863272e+03
n064_nu0p005_s20261107,64,0.005,20261107,0.2000,2.79686976e-01,9.81702151e-01,4.90851076e-03,2.77222742e+00,1.83155887e+03
n064_nu0p005_s20261107,64,0.005,20261107,0.2200,2.79480373e-01,9.79988827e-01,4.89994413e-03,2.74722591e+00,1.76925076e+03
n064_nu0p005_s20261107,64,0.005,20261107,0.2400,2.79274035e-01,9.78425037e-01,4.89212519e-03,2.72062557e+00,1.71131709e+03
n064_nu0p005_s20261107,64,0.005,20261107,0.2600,2.79067912e-01,9.77006014e-01,4.88503007e-03,2.71309322e+00,1.65742707e+03
n064_nu0p005_s20261107,64,0.005,20261107,0.2800,2.78861963e-01,9.75727797e-01,4.87863899e-03,2.70241861e+00,1.60729341e+03
n064_nu0p005_s20261107,64,0.005,20261107,0.3000,2.78656155e-01,9.74587056e-01,4.87293528e-03,2.68872314e+00,1.56065661e+03
n064_nu0p005_s20261107,64,0.005,20261107,0.3200,2.78450463e-01,9.73580916e-01,4.86790458e-03,2.67215898e+00,1.51727331e+03
n064_nu0p005_s20261107,64,0.005,20261107,0.3400,2.78244867e-01,9.72706828e-01,4.86353414e-03,2.65290441e+00,1.47690994e+03
n064_nu0p005_s20261107,64,0.005,20261107,0.3600,2.78039353e-01,9.71962490e-01,4.85981245e-03,2.63557460e+00,1.43934146e+03
n064_nu0p005_s20261107,64,0.005,20261107,0.3800,2.77833907e-01,9.71345791e-01,4.85672896e-03,2.61745683e+00,1.40435353e+03
n064_nu0p005_s20261107,64,0.005,20261107,0.4000,2.77628522e-01,9.70854792e-01,4.85427396e-03,2.59661670e+00,1.37174577e+03
n064_nu0p005_s20261107,64,0.005,20261107,0.4200,2.77423191e-01,9.70487697e-01,4.85243848e-03,2.58264567e+00,1.34133439e+03
n064_nu0p005_s20261107,64,0.005,20261107,0.4400,2.77217906e-01,9.70242826e-01,4.85121413e-03,2.57003309e+00,1.31295302e+03
n064_nu0p005_s20261107,64,0.005,20261107,0.4600,2.77012660e-01,9.70118582e-01,4.85059291e-03,2.55517249e+00,1.28645193e+03
n064_nu0p005_s20261107,64,0.005,20261107,0.4800,2.76807445e-01,9.70113408e-01,4.85056704e-03,2.53811284e+00,1.26169632e+03
n064_nu0p005_s20261107,64,0.005,20261107,0.5000,2.76602253e-01,9.70225766e-01,4.85112883e-03,2.51892232e+00,1.23856481e+03
n064_nu0p005_s20261107,64,0.005,20261107,0.5200,2.76397072e-01,9.70454124e-01,4.85227062e-03,2.49768654e+00,1.21694844e+03
n064_nu0p005_s20261107,64,0.005,20261107,0.5400,2.76191889e-01,9.70796954e-01,4.85398477e-03,2.47450647e+00,1.19675045e+03
n064_nu0p005_s20261107,64,0.005,20261107,0.5600,2.75986689e-01,9.71252751e-01,4.85626375e-03,2.44949605e+00,1.17788618e+03
n064_nu0p005_s20261107,64,0.005,20261107,0.5800,2.75781453e-01,9.71820047e-01,4.85910023e-03,2.42277978e+00,1.16028249e+03
n064_nu0p005_s20261107,64,0.005,20261107,0.6000,2.75576164e-01,9.72497423e-01,4.86248712e-03,2.39779126e+00,1.14387629e+03
n064_nu0p005_s20261107,64,0.005,20261107,0.6200,2.75370801e-01,9.73283512e-01,4.86641756e-03,2.37607521e+00,1.12861204e+03
n064_nu0p005_s20261107,64,0.005,20261107,0.6400,2.75165341e-01,9.74176988e-01,4.87088494e-03,2.35296948e+00,1.11443893e+03
n064_nu0p005_s20261107,64,0.005,20261107,0.6600,2.74959761e-01,9.75176555e-01,4.87588278e-03,2.33818974e+00,1.10130822e+03
n064_nu0p005_s20261107,64,0.005,20261107,0.6800,2.74754037e-01,9.76280929e-01,4.88140465e-03,2.32143934e+00,1.08917169e+03
n064_nu0p005_s20261107,64,0.005,20261107,0.7000,2.74548143e-01,9.77488831e-01,4.88744415e-03,2.30280376e+00,1.07798127e+03
n064_nu0p005_s20261107,64,0.005,20261107,0.7200,2.74342054e-01,9.78798981e-01,4.89399490e-03,2.28238109e+00,1.06769000e+03
n064_nu0p005_s20261107,64,0.005,20261107,0.7400,2.74135745e-01,9.80210110e-01,4.90105055e-03,2.26028048e+00,1.05825364e+03
n064_nu0p005_s20261107,64,0.005,20261107,0.7600,2.73929189e-01,9.81720969e-01,4.90860484e-03,2.23662057e+00,1.04963224e+03
n064_nu0p005_s20261107,64,0.005,20261107,0.7800,2.73722362e-01,9.83330341e-01,4.91665170e-03,2.21152780e+00,1.04179109e+03
n064_nu0p005_s20261107,64,0.005,20261107,0.8000,2.73515239e-01,9.85037061e-01,4.92518531e-03,2.18513471e+00,1.03470057e+03
n064_nu0p005_s20261107,64,0.005,20261107,0.8200,2.73307800e-01,9.86840024e-01,4.93420012e-03,2.16365699e+00,1.02833491e+03
n064_nu0p005_s20261107,64,0.005,20261107,0.8400,2.73100022e-01,9.88738192e-01,4.94369096e-03,2.16383566e+00,1.02267016e+03
n064_nu0p005_s20261107,64,0.005,20261107,0.8600,2.72891886e-01,9.90730596e-01,4.95365298e-03,2.16291044e+00,1.01768185e+03
n064_nu0p005_s20261107,64,0.005,20261107,0.8800,2.72683375e-01,9.92816348e-01,4.96408174e-03,2.16091026e+00,1.01334298e+03
n064_nu0p005_s20261107,64,0.005,20261107,0.9000,2.72474474e-01,9.94994631e-01,4.97497315e-03,2.15787662e+00,1.00962262e+03
n064_nu0p005_s20261107,64,0.005,20261107,0.9200,2.72265171e-01,9.97264713e-01,4.98632357e-03,2.15386266e+00,1.00648550e+03
n064_nu0p005_s20261107,64,0.005,20261107,0.9400,2.72055453e-01,9.99625946e-01,4.99812973e-03,2.14893190e+00,1.00389257e+03
n064_nu0p005_s20261107,64,0.005,20261107,0.9600,2.71845313e-01,1.00207777e+00,5.01038884e-03,2.14315668e+00,1.00180221e+03
n064_nu0p005_s20261107,64,0.005,20261107,0.9800,2.71634744e-01,1.00461971e+00,5.02309854e-03,2.14362339e+00,1.00017203e+03
n064_nu0p005_s20261107,64,0.005,20261107,1.0000,2.71423741e-01,1.00725139e+00,5.03625695e-03,2.14499873e+00,9.98960754e+02
n064_nu0p005_s20261107,64,0.005,20261107,1.0200,2.71212301e-01,1.00997252e+00,5.04986261e-03,2.14978898e+00,9.98129838e+02
n064_nu0p005_s20261107,64,0.005,20261107,1.0400,2.71000423e-01,1.01278290e+00,5.06391449e-03,2.16697512e+00,9.97644660e+02
n064_nu0p005_s20261107,64,0.005,20261107,1.0600,2.70788106e-01,1.01568239e+00,5.07841193e-03,2.18500214e+00,9.97475009e+02
n064_nu0p005_s20261107,64,0.005,20261107,1.0800,2.70575350e-01,1.01867091e+00,5.09335456e-03,2.20011040e+00,9.97594846e+02
n064_nu0p005_s20261107,64,0.005,20261107,1.1000,2.70362158e-01,1.02174845e+00,5.10874224e-03,2.21228339e+00,9.97981429e+02
n064_nu0p005_s20261107,64,0.005,20261107,1.1200,2.70148532e-01,1.02491499e+00,5.12457493e-03,2.22153465e+00,9.98613981e+02
n064_nu0p005_s20261107,64,0.005,20261107,1.1400,2.69934475e-01,1.02817052e+00,5.14085262e-03,2.22790732e+00,9.99472199e+02
n064_nu0p005_s20261107,64,0.005,20261107,1.1600,2.69719988e-01,1.03151506e+00,5.15757528e-03,2.23147308e+00,1.00053494e+03
n064_nu0p005_s20261107,64,0.005,20261107,1.1800,2.69505076e-01,1.03494854e+00,5.17474271e-03,2.24103337e+00,1.00177937e+03
n064_nu0p005_s20261107,64,0.005,20261107,1.2000,2.69289741e-01,1.03847091e+00,5.19235457e-03,2.24978665e+00,1.00318081e+03
n064_nu0p005_s20261107,64,0.005,20261107,1.2200,2.69073985e-01,1.04208207e+00,5.21041036e-03,2.25630826e+00,1.00471332e+03
n064_nu0p005_s20261107,64,0.005,20261107,1.2400,2.68857811e-01,1.04578188e+00,5.22890942e-03,2.26066048e+00,1.00635099e+03
n064_nu0p005_s20261107,64,0.005,20261107,1.2600,2.68641222e-01,1.04957020e+00,5.24785098e-03,2.27599846e+00,1.00806965e+03
n064_nu0p005_s20261107,64,0.005,20261107,1.2800,2.68424218e-01,1.05344685e+00,5.26723424e-03,2.29185410e+00,1.00984874e+03
n064_nu0p005_s20261107,64,0.005,20261107,1.3000,2.68206803e-01,1.05741168e+00,5.28705842e-03,2.30551306e+00,1.01167306e+03
n064_nu0p005_s20261107,64,0.005,20261107,1.3200,2.67988977e-01,1.06146456e+00,5.30732282e-03,2.31699165e+00,1.01353409e+03
n064_nu0p005_s20261107,64,0.005,20261107,1.3400,2.67770743e-01,1.06560537e+00,5.32802687e-03,2.32632488e+00,1.01543069e+03
n064_nu0p005_s20261107,64,0.005,20261107,1.3600,2.67552101e-01,1.06983403e+00,5.34917013e-03,2.34009895e+00,1.01736921e+03
n064_nu0p005_s20261107,64,0.005,20261107,1.3800,2.67333052e-01,1.07415047e+00,5.37075236e-03,2.35452660e+00,1.01936300e+03
n064_nu0p005_s20261107,64,0.005,20261107,1.4000,2.67113599e-01,1.07855468e+00,5.39277342e-03,2.36777901e+00,1.02143145e+03
n064_nu0p005_s20261107,64,0.005,20261107,1.4200,2.66893741e-01,1.08304666e+00,5.41523332e-03,2.37986741e+00,1.02359877e+03
n064_nu0p005_s20261107,64,0.005,20261107,1.4400,2.66673479e-01,1.08762643e+00,5.43813213e-03,2.39080899e+00,1.02589262e+03
n064_nu0p005_s20261107,64,0.005,20261107,1.4600,2.66452814e-01,1.09229399e+00,5.46146995e-03,2.40062601e+00,1.02834281e+03
n064_nu0p005_s20261107,64,0.005,20261107,1.4800,2.66231746e-01,1.09704938e+00,5.48524691e-03,2.40934482e+00,1.03098003e+03
n064_nu0p005_s20261107,64,0.005,20261107,1.5000,2.66010275e-01,1.10189261e+00,5.50946303e-03,2.41699482e+00,1.03383483e+03
n064_nu0p005_s20261107,64,0.005,20261107,1.5200,2.65788400e-01,1.10682366e+00,5.53411829e-03,2.42360744e+00,1.03693671e+03
n064_nu0p005_s20261107,64,0.005,20261107,1.5400,2.65566120e-01,1.11184250e+00,5.55921251e-03,2.43432161e+00,1.04031353e+03
n064_nu0p005_s20261107,64,0.005,20261107,1.5600,2.65343434e-01,1.11694907e+00,5.58474535e-03,2.44854675e+00,1.04399105e+03
n064_nu0p005_s20261107,64,0.005,20261107,1.5800,2.65120339e-01,1.12214326e+00,5.61071630e-03,2.46164159e+00,1.04799267e+03
n064_nu0p005_s20261107,64,0.005,20261107,1.6000,2.64896832e-01,1.12742493e+00,5.63712463e-03,2.47362052e+00,1.05233945e+03
n064_nu0p005_s20261107,64,0.005,20261107,1.6200,2.64672910e-01,1.13279389e+00,5.66396944e-03,2.48450378e+00,1.05705023e+03
n064_nu0p005_s20261107,64,0.005,20261107,1.6400,2.64448568e-01,1.13824991e+00,5.69124955e-03,2.49431660e+00,1.06214193e+03
n064_nu0p005_s20261107,64,0.005,20261107,1.6600,2.64223801e-01,1.14379273e+00,5.71896364e-03,2.50308840e+00,1.06762999e+03
n064_nu0p005_s20261107,64,0.005,20261107,1.6800,2.63998604e-01,1.14942202e+00,5.74711012e-03,2.51085182e+00,1.07352889e+03
n064_nu0p005_s20261107,64,0.005,20261107,1.7000,2.63772970e-01,1.15513745e+00,5.77568724e-03,2.51764184e+00,1.07985264e+03
n064_nu0p005_s20261107,64,0.005,20261107,1.7200,2.63546890e-01,1.16093861e+00,5.80469306e-03,2.52349492e+00,1.08661545e+03
n064_nu0p005_s20261107,64,0.005,20261107,1.7400,2.63320358e-01,1.16682509e+00,5.83412545e-03,2.52844821e+00,1.09383215e+03
n064_nu0p005_s20261107,64,0.005,20261107,1.7600,2.63093363e-01,1.17279642e+00,5.86398212e-03,2.53253889e+00,1.10151872e+03
n064_nu0p005_s20261107,64,0.005,20261107,1.7800,2.62865896e-01,1.17885213e+00,5.89426063e-03,2.55479191e+00,1.10969268e+03
n064_nu0p005_s20261107,64,0.005,20261107,1.8000,2.62637947e-01,1.18499168e+00,5.92495838e-03,2.58060810e+00,1.11837340e+03
n064_nu0p005_s20261107,64,0.005,20261107,1.8200,2.62409504e-01,1.19121453e+00,5.95607263e-03,2.60583213e+00,1.12758225e+03
n064_nu0p005_s20261107,64,0.005,20261107,1.8400,2.62180555e-01,1.19752010e+00,5.98760052e-03,2.63069750e+00,1.13734272e+03
n064_nu0p005_s20261107,64,0.005,20261107,1.8600,2.61951088e-01,1.20390781e+00,6.01953903e-03,2.65756678e+00,1.14768036e+03
n064_nu0p005_s20261107,64,0.005,20261107,1.8800,2.61721090e-01,1.21037701e+00,6.05188503e-03,2.68381522e+00,1.15862264e+03
n064_nu0p005_s20261107,64,0.005,20261107,1.9000,2.61490546e-01,1.21692705e+00,6.08463524e-03,2.70941992e+00,1.17019867e+03
n064_nu0p005_s20261107,64,0.005,20261107,1.9200,2.61259444e-01,1.22355725e+00,6.11778626e-03,2.73436257e+00,1.18243889e+03
n064_nu0p005_s20261107,64,0.005,20261107,1.9400,2.61027769e-01,1.23026691e+00,6.15133456e-03,2.75862957e+00,1.19537466e+03
n064_nu0p005_s20261107,64,0.005,20261107,1.9600,2.60795505e-01,1.23705529e+00,6.18527647e-03,2.78221185e+00,1.20903783e+03
n064_nu0p005_s20261107,64,0.005,20261107,1.9800,2.60562637e-01,1.24392164e+00,6.21960819e-03,2.80510473e+00,1.22346033e+03
n064_nu0p005_s20261107,64,0.005,20261107,2.0000,2.60329150e-01,1.25086516e+00,6.25432579e-03,2.82730761e+00,1.23867380e+03
n064_nu0p005_s20261107,64,0.005,20261107,2.0200,2.60095027e-01,1.25788504e+00,6.28942518e-03,2.85234956e+00,1.25470921e+03
n064_nu0p005_s20261107,64,0.005,20261107,2.0400,2.59860253e-01,1.26498043e+00,6.32490217e-03,2.88278623e+00,1.27159661e+03
n064_nu0p005_s20261107,64,0.005,20261107,2.0600,2.59624811e-01,1.27215048e+00,6.36075239e-03,2.91190832e+00,1.28936491e+03
n064_nu0p005_s20261107,64,0.005,20261107,2.0800,2.59388685e-01,1.27939427e+00,6.39697135e-03,2.93958040e+00,1.30804168e+03
n064_nu0p005_s20261107,64,0.005,20261107,2.1000,2.59151857e-01,1.28671088e+00,6.43355441e-03,2.96565048e+00,1.32765308e+03
n064_nu0p005_s20261107,64,0.005,20261107,2.1200,2.58914311e-01,1.29409936e+00,6.47049679e-03,2.98995326e+00,1.34822374e+03
n064_nu0p005_s20261107,64,0.005,20261107,2.1400,2.58676030e-01,1.30155871e+00,6.50779355e-03,3.01355547e+00,1.36977667e+03
n064_nu0p005_s20261107,64,0.005,20261107,2.1600,2.58436997e-01,1.30908793e+00,6.54543963e-03,3.03814315e+00,1.39233323e+03
n064_nu0p005_s20261107,64,0.005,20261107,2.1800,2.58197194e-01,1.31668596e+00,6.58342979e-03,3.08296192e+00,1.41591300e+03
n064_nu0p005_s20261107,64,0.005,20261107,2.2000,2.57956605e-01,1.32435174e+00,6.62175868e-03,3.12689900e+00,1.44053377e+03
n064_nu0p005_s20261107,64,0.005,20261107,2.2200,2.57715214e-01,1.33208416e+00,6.66042080e-03,3.16982340e+00,1.46621140e+03
n064_nu0p005_s20261107,64,0.005,20261107,2.2400,2.57473001e-01,1.33988210e+00,6.69941051e-03,3.21159119e+00,1.49295984e+03
n064_nu0p005_s20261107,64,0.005,20261107,2.2600,2.57229952e-01,1.34774441e+00,6.73872205e-03,3.25204783e+00,1.52079103e+03
n064_nu0p005_s20261107,64,0.005,20261107,2.2800,2.56986049e-01,1.35566991e+00,6.77834957e-03,3.29103112e+00,1.54971494e+03
n064_nu0p005_s20261107,64,0.005,20261107,2.3000,2.56741275e-01,1.36365742e+00,6.81828708e-03,3.32837477e+00,1.57973960e+03
n064_nu0p005_s20261107,64,0.005,20261107,2.3200,2.56495615e-01,1.37170571e+00,6.85852856e-03,3.36391227e+00,1.61087120e+03
n064_nu0p005_s20261107,64,0.005,20261107,2.3400,2.56249051e-01,1.37981358e+00,6.89906788e-03,3.39748107e+00,1.64311418e+03
n064_nu0p005_s20261107,64,0.005,20261107,2.3600,2.56001568e-01,1.38797978e+00,6.93989890e-03,3.42892677e+00,1.67647148e+03
n064_nu0p005_s20261107,64,0.005,20261107,2.3800,2.55753151e-01,1.39620309e+00,6.98101544e-03,3.46174499e+00,1.71094469e+03
n064_nu0p005_s20261107,64,0.005,20261107,2.4000,2.55503783e-01,1.40448226e+00,7.02241132e-03,3.49260226e+00,1.74653434e+03
n064_nu0p005_s20261107,64,0.005,20261107,2.4200,2.55253450e-01,1.41281608e+00,7.06408038e-03,3.52121531e+00,1.78324018e+03
n064_nu0p005_s20261107,64,0.005,20261107,2.4400,2.55002136e-01,1.42120330e+00,7.10601650e-03,3.54749647e+00,1.82106143e+03
n064_nu0p005_s20261107,64,0.005,20261107,2.4600,2.54749829e-01,1.42964272e+00,7.14821359e-03,3.57137683e+00,1.85999709e+03
n064_nu0p005_s20261107,64,0.005,20261107,2.4800,2.54496512e-01,1.43813313e+00,7.19066566e-03,3.59280766e+00,1.90004627e+03
n064_nu0p005_s20261107,64,0.005,20261107,2.5000,2.54242174e-01,1.44667335e+00,7.23336677e-03,3.63396993e+00,1.94120838e+03
n064_nu0p005_s20261107,64,0.005,20261107,2.5200,2.53986799e-01,1.45526222e+00,7.27631108e-03,3.68481632e+00,1.98348351e+03
n064_nu0p005_s20261107,64,0.005,20261107,2.5400,2.53730377e-01,1.46389856e+00,7.31949281e-03,3.73434349e+00,2.02687261e+03
n064_nu0p005_s20261107,64,0.005,20261107,2.5600,2.53472893e-01,1.47258126e+00,7.36290631e-03,3.78243221e+00,2.07137778e+03
n064_nu0p005_s20261107,64,0.005,20261107,2.5800,2.53214336e-01,1.48130920e+00,7.40654601e-03,3.82897897e+00,2.11700251e+03
n064_nu0p005_s20261107,64,0.005,20261107,2.6000,2.52954694e-01,1.49008128e+00,7.45040640e-03,3.87389832e+00,2.16375186e+03
n064_nu0p005_s20261107,64,0.005,20261107,2.6200,2.52693955e-01,1.49889642e+00,7.49448208e-03,3.91712460e+00,2.21163273e+03
n064_nu0p005_s20261107,64,0.005,20261107,2.6400,2.52432109e-01,1.50775354e+00,7.53876772e-03,3.96164155e+00,2.26065406e+03
n064_nu0p005_s20261107,64,0.005,20261107,2.6600,2.52169144e-01,1.51665161e+00,7.58325803e-03,4.00636381e+00,2.31082702e+03
n064_nu0p005_s20261107,64,0.005,20261107,2.6800,2.51905050e-01,1.52558956e+00,7.62794781e-03,4.04949365e+00,2.36216524e+03
n064_nu0p005_s20261107,64,0.005,20261107,2.7000,2.51639817e-01,1.53456637e+00,7.67283186e-03,4.09102273e+00,2.41468502e+03
n064_nu0p005_s20261107,64,0.005,20261107,2.7200,2.51373435e-01,1.54358101e+00,7.71790504e-03,4.13095806e+00,2.46840557e+03
n064_nu0p005_s20261107,64,0.005,20261107,2.7400,2.51105894e-01,1.55263245e+00,7.76316225e-03,4.16932100e+00,2.52334919e+03
n064_nu0p005_s20261107,64,0.005,20261107,2.7600,2.50837185e-01,1.56171967e+00,7.80859837e-03,4.20614606e+00,2.57954154e+03
n064_nu0p005_s20261107,64,0.005,20261107,2.7800,2.50567299e-01,1.57084166e+00,7.85420831e-03,4.24147947e+00,2.63701184e+03
n064_nu0p005_s20261107,64,0.005,20261107,2.8000,2.50296227e-01,1.57999740e+00,7.89998698e-03,4.27537774e+00,2.69579310e+03
n064_nu0p005_s20261107,64,0.005,20261107,2.8200,2.50023960e-01,1.58918586e+00,7.94592930e-03,4.30790603e+00,2.75592232e+03
n064_nu0p005_s20261107,64,0.005,20261107,2.8400,2.49750490e-01,1.59840603e+00,7.99203017e-03,4.33913673e+00,2.81744069e+03
n064_nu0p005_s20261107,64,0.005,20261107,2.8600,2.49475809e-01,1.60765690e+00,8.03828450e-03,4.36914795e+00,2.88039369e+03
n064_nu0p005_s20261107,64,0.005,20261107,2.8800,2.49199909e-01,1.61693744e+00,8.08468718e-03,4.39802225e+00,2.94483129e+03
n064_nu0p005_s20261107,64,0.005,20261107,2.9000,2.48922783e-01,1.62624662e+00,8.13123312e-03,4.42584540e+00,3.01080791e+03
n064_nu0p005_s20261107,64,0.005,20261107,2.9200,2.48644422e-01,1.63558344e+00,8.17791721e-03,4.45270544e+00,3.07838251e+03
n064_nu0p005_s20261107,64,0.005,20261107,2.9400,2.48364821e-01,1.64494686e+00,8.22473432e-03,4.47869170e+00,3.14761844e+03
n064_nu0p005_s20261107,64,0.005,20261107,2.9600,2.48083972e-01,1.65433587e+00,8.27167937e-03,4.50389411e+00,3.21858334e+03
n064_nu0p005_s20261107,64,0.005,20261107,2.9800,2.47801869e-01,1.66374945e+00,8.31874723e-03,4.52840254e+00,3.29134892e+03
n064_nu0p005_s20261107,64,0.005,20261107,3.0000,2.47518505e-01,1.67318656e+00,8.36593282e-03,4.55230627e+00,3.36599065e+03
n064_nu0p005_s20261107,64,0.005,20261107,3.0200,2.47233875e-01,1.68264621e+00,8.41323104e-03,4.58862063e+00,3.44258737e+03
n064_nu0p005_s20261107,64,0.005,20261107,3.0400,2.46947973e-01,1.69212736e+00,8.46063682e-03,4.64206838e+00,3.52122085e+03
n064_nu0p005_s20261107,64,0.005,20261107,3.0600,2.46660793e-01,1.70162902e+00,8.50814509e-03,4.69503597e+00,3.60197531e+03
n064_nu0p005_s20261107,64,0.005,20261107,3.0800,2.46372331e-01,1.71115016e+00,8.55575080e-03,4.74760345e+00,3.68493680e+03
n064_nu0p005_s20261107,64,0.005,20261107,3.1000,2.46082583e-01,1.72068979e+00,8.60344893e-03,4.79985462e+00,3.77019262e+03
n064_nu0p005_s20261107,64,0.005,20261107,3.1200,2.45791543e-01,1.73024690e+00,8.65123448e-03,4.85353700e+00,3.85783067e+03
n064_nu0p005_s20261107,64,0.005,20261107,3.1400,2.45499207e-01,1.73982049e+00,8.69910246e-03,4.90860877e+00,3.94793876e+03
n064_nu0p005_s20261107,64,0.005,20261107,3.1600,2.45205573e-01,1.74940958e+00,8.74704792e-03,4.96333269e+00,4.04060401e+03
n064_nu0p005_s20261107,64,0.005,20261107,3.1800,2.44910636e-01,1.75901318e+00,8.79506592e-03,5.01777229e+00,4.13591211e+03
n064_nu0p005_s20261107,64,0.005,20261107,3.2000,2.44614395e-01,1.76863031e+00,8.84315156e-03,5.07199125e+00,4.23394672e+03
n064_nu0p005_s20261107,64,0.005,20261107,3.2200,2.44316845e-01,1.77825999e+00,8.89129995e-03,5.12605232e+00,4.33478886e+03
n064_nu0p005_s20261107,64,0.005,20261107,3.2400,2.44017985e-01,1.78790125e+00,8.93950624e-03,5.18001636e+00,4.43851630e+03
n064_nu0p005_s20261107,64,0.005,20261107,3.2600,2.43717813e-01,1.79755312e+00,8.98776559e-03,5.23394138e+00,4.54520301e+03
n064_nu0p005_s20261107,64,0.005,20261107,3.2800,2.43416327e-01,1.80721464e+00,9.03607318e-03,5.28788175e+00,4.65491869e+03
n064_nu0p005_s20261107,64,0.005,20261107,3.3000,2.43113526e-01,1.81688484e+00,9.08442422e-03,5.34188750e+00,4.76772827e+03
n064_nu0p005_s20261107,64,0.005,20261107,3.3200,2.42809409e-01,1.82656278e+00,9.13281392e-03,5.39600376e+00,4.88369146e+03
n064_nu0p005_s20261107,64,0.005,20261107,3.3400,2.42503975e-01,1.83624750e+00,9.18123751e-03,5.45027048e+00,5.00286239e+03
n064_nu0p005_s20261107,64,0.005,20261107,3.3600,2.42197223e-01,1.84593805e+00,9.22969023e-03,5.50472228e+00,5.12528922e+03
n064_nu0p005_s20261107,64,0.005,20261107,3.3800,2.41889155e-01,1.85563347e+00,9.27816733e-03,5.55938852e+00,5.25101376e+03
n064_nu0p005_s20261107,64,0.005,20261107,3.4000,2.41579768e-01,1.86533281e+00,9.32666407e-03,5.61429362e+00,5.38007118e+03
n064_nu0p005_s20261107,64,0.005,20261107,3.4200,2.41269065e-01,1.87503514e+00,9.37517572e-03,5.66945750e+00,5.51248971e+03
n064_nu0p005_s20261107,64,0.005,20261107,3.4400,2.40957046e-01,1.88473951e+00,9.42369753e-03,5.72489631e+00,5.64829031e+03
n064_nu0p005_s20261107,64,0.005,20261107,3.4600,2.40643711e-01,1.89444495e+00,9.47222477e-03,5.78062318e+00,5.78748649e+03
n064_nu0p005_s20261107,64,0.005,20261107,3.4800,2.40329062e-01,1.90415055e+00,9.52075274e-03,5.83664918e+00,5.93008403e+03
n064_nu0p005_s20261107,64,0.005,20261107,3.5000,2.40013100e-01,1.91385534e+00,9.56927670e-03,5.89298429e+00,6.07608086e+03
n064_nu0p005_s20261107,64,0.005,20261107,3.5200,2.39695827e-01,1.92355839e+00,9.61779195e-03,5.95265658e+00,6.22546690e+03
n064_nu0p005_s20261107,64,0.005,20261107,3.5400,2.39377245e-01,1.93325876e+00,9.66629379e-03,6.01350400e+00,6.37822401e+03
n064_nu0p005_s20261107,64,0.005,20261107,3.5600,2.39057355e-01,1.94295551e+00,9.71477755e-03,6.07493892e+00,6.53432601e+03
n064_nu0p005_s20261107,64,0.005,20261107,3.5800,2.38736160e-01,1.95264771e+00,9.76323854e-03,6.13695777e+00,6.69373874e+03
n064_nu0p005_s20261107,64,0.005,20261107,3.6000,2.38413662e-01,1.96233442e+00,9.81167212e-03,6.19956101e+00,6.85642024e+03
n064_nu0p005_s20261107,64,0.005,20261107,3.6200,2.38089864e-01,1.97201473e+00,9.86007366e-03,6.26275384e+00,7.02232093e+03
n064_nu0p005_s20261107,64,0.005,20261107,3.6400,2.37764768e-01,1.98168771e+00,9.90843857e-03,6.32654658e+00,7.19138400e+03
n064_nu0p005_s20261107,64,0.005,20261107,3.6600,2.37438377e-01,1.99135245e+00,9.95676226e-03,6.39095473e+00,7.36354570e+03
n064_nu0p005_s20261107,64,0.005,20261107,3.6800,2.37110694e-01,2.00100804e+00,1.00050402e-02,6.45599873e+00,7.53873586e+03
n064_nu0p005_s20261107,64,0.005,20261107,3.7000,2.36781721e-01,2.01065357e+00,1.00532679e-02,6.52170336e+00,7.71687832e+03
n064_nu0p005_s20261107,64,0.005,20261107,3.7200,2.36451463e-01,2.02028816e+00,1.01014408e-02,6.58809682e+00,7.89789149e+03
n064_nu0p005_s20261107,64,0.005,20261107,3.7400,2.36119922e-01,2.02991090e+00,1.01495545e-02,6.65520958e+00,8.08168889e+03
n064_nu0p005_s20261107,64,0.005,20261107,3.7600,2.35787101e-01,2.03952092e+00,1.01976046e-02,6.72307289e+00,8.26817973e+03
n064_nu0p005_s20261107,64,0.005,20261107,3.7800,2.35453003e-01,2.04911734e+00,1.02455867e-02,6.79171716e+00,8.45726943e+03
n064_nu0p005_s20261107,64,0.005,20261107,3.8000,2.35117632e-01,2.05869929e+00,1.02934965e-02,6.86117020e+00,8.64886020e+03
n064_nu0p005_s20261107,64,0.005,20261107,3.8200,2.34780990e-01,2.06826590e+00,1.03413295e-02,6.93145538e+00,8.84285152e+03
n064_nu0p005_s20261107,64,0.005,20261107,3.8400,2.34443081e-01,2.07781630e+00,1.03890815e-02,7.00258982e+00,9.03914067e+03
n064_nu0p005_s20261107,64,0.005,20261107,3.8600,2.34103908e-01,2.08734964e+00,1.04367482e-02,7.07458261e+00,9.23762306e+03
n064_nu0p005_s20261107,64,0.005,20261107,3.8800,2.33763473e-01,2.09686505e+00,1.04843252e-02,7.14982491e+00,9.43819274e+03
n064_nu0p005_s20261107,64,0.005,20261107,3.9000,2.33421781e-01,2.10636167e+00,1.05318084e-02,7.25188665e+00,9.64074260e+03
n064_nu0p005_s20261107,64,0.005,20261107,3.9200,2.33078832e-01,2.11583865e+00,1.05791932e-02,7.35332452e+00,9.84516475e+03
n064_nu0p005_s20261107,64,0.005,20261107,3.9400,2.32734631e-01,2.12529511e+00,1.06264756e-02,7.45389568e+00,1.00513507e+04
n064_nu0p005_s20261107,64,0.005,20261107,3.9600,2.32389179e-01,2.13473020e+00,1.06736510e-02,7.55334851e+00,1.02591915e+04
n064_nu0p005_s20261107,64,0.005,20261107,3.9800,2.32042478e-01,2.14414303e+00,1.07207151e-02,7.65142341e+00,1.04685781e+04
n064_nu0p005_s20261107,64,0.005,20261107,4.0000,2.31694532e-01,2.15353272e+00,1.07676636e-02,7.74785378e+00,1.06794010e+04
n064_nu0p005_s20261107,64,0.005,20261107,4.0200,2.31345341e-01,2.16289837e+00,1.08144919e-02,7.84236715e+00,1.08915507e+04
n064_nu0p005_s20261107,64,0.005,20261107,4.0400,2.30994908e-01,2.17223909e+00,1.08611955e-02,7.95297070e+00,1.11049179e+04
n064_nu0p005_s20261107,64,0.005,20261107,4.0600,2.30643233e-01,2.18155396e+00,1.09077698e-02,8.06347371e+00,1.13193928e+04
n064_nu0p005_s20261107,64,0.005,20261107,4.0800,2.30290318e-01,2.19084203e+00,1.09542101e-02,8.17379039e+00,1.15348660e+04
n064_nu0p005_s20261107,64,0.005,20261107,4.1000,2.29936164e-01,2.20010236e+00,1.10005118e-02,8.28388163e+00,1.17512279e+04
n064_nu0p005_s20261107,64,0.005,20261107,4.1200,2.29580771e-01,2.20933398e+00,1.10466699e-02,8.39370527e+00,1.19683689e+04
n064_nu0p005_s20261107,64,0.005,20261107,4.1400,2.29224140e-01,2.21853590e+00,1.10926795e-02,8.50321607e+00,1.21861796e+04
n064_nu0p005_s20261107,64,0.005,20261107,4.1600,2.28866270e-01,2.22770711e+00,1.11385355e-02,8.61236577e+00,1.24045504e+04
n064_nu0p005_s20261107,64,0.005,20261107,4.1800,2.28507162e-01,2.23684656e+00,1.11842328e-02,8.72110317e+00,1.26233719e+04
n064_nu0p005_s20261107,64,0.005,20261107,4.2000,2.28146814e-01,2.24595320e+00,1.12297660e-02,8.82937428e+00,1.28425351e+04
n064_nu0p005_s20261107,64,0.005,20261107,4.2200,2.27785225e-01,2.25502593e+00,1.12751297e-02,8.93712257e+00,1.30619311e+04
n064_nu0p005_s20261107,64,0.005,20261107,4.2400,2.27422393e-01,2.26406364e+00,1.13203182e-02,9.04428924e+00,1.32814514e+04
n064_nu0p005_s20261107,64,0.005,20261107,4.2600,2.27058318e-01,2.27306519e+00,1.13653259e-02,9.15081347e+00,1.35009879e+04
n064_nu0p005_s20261107,64,0.005,20261107,4.2800,2.26692997e-01,2.28202939e+00,1.14101469e-02,9.25663281e+00,1.37204337e+04
n064_nu0p005_s20261107,64,0.005,20261107,4.3000,2.26326426e-01,2.29095503e+00,1.14547752e-02,9.36168346e+00,1.39396823e+04
n064_nu0p005_s20261107,64,0.005,20261107,4.3200,2.25958604e-01,2.29984088e+00,1.14992044e-02,9.46590065e+00,1.41586288e+04
n064_nu0p005_s20261107,64,0.005,20261107,4.3400,2.25589526e-01,2.30868565e+00,1.15434283e-02,9.56921896e+00,1.43771696e+04
n064_nu0p005_s20261107,64,0.005,20261107,4.3600,2.25219189e-01,2.31748804e+00,1.15874402e-02,9.67157263e+00,1.45952027e+04
n064_nu0p005_s20261107,64,0.005,20261107,4.3800,2.24847589e-01,2.32624671e+00,1.16312335e-02,9.77289590e+00,1.48126285e+04
n064_nu0p005_s20261107,64,0.005,20261107,4.4000,2.24474720e-01,2.33496027e+00,1.16748013e-02,9.87312324e+00,1.50293496e+04
n064_nu0p005_s20261107,64,0.005,20261107,4.4200,2.24100579e-01,2.34362731e+00,1.17181365e-02,9.97218963e+00,1.52452712e+04
n064_nu0p005_s20261107,64,0.005,20261107,4.4400,2.23725159e-01,2.35224638e+00,1.17612319e-02,1.00700308e+01,1.54603016e+04
n064_nu0p005_s20261107,64,0.005,20261107,4.4600,2.23348455e-01,2.36081600e+00,1.18040800e-02,1.01665833e+01,1.56743527e+04
n064_nu0p005_s20261107,64,0.005,20261107,4.4800,2.22970461e-01,2.36933464e+00,1.18466732e-02,1.02617848e+01,1.58873397e+04
n064_nu0p005_s20261107,64,0.005,20261107,4.5000,2.22591169e-01,2.37780075e+00,1.18890038e-02,1.03555741e+01,1.60991820e+04
n064_nu0p005_s20261107,64,0.005,20261107,4.5200,2.22210574e-01,2.38621273e+00,1.19310637e-02,1.04478915e+01,1.63098033e+04
n064_nu0p005_s20261107,64,0.005,20261107,4.5400,2.21828669e-01,2.39456897e+00,1.19728448e-02,1.05386783e+01,1.65191315e+04
n064_nu0p005_s20261107,64,0.005,20261107,4.5600,2.21445445e-01,2.40286778e+00,1.20143389e-02,1.06278777e+01,1.67270994e+04
n064_nu0p005_s20261107,64,0.005,20261107,4.5800,2.21060894e-01,2.41110749e+00,1.20555375e-02,1.07154341e+01,1.69336445e+04
n064_nu0p005_s20261107,64,0.005,20261107,4.6000,2.20675010e-01,2.41928636e+00,1.20964318e-02,1.08012937e+01,1.71387093e+04
n064_nu0p005_s20261107,64,0.005,20261107,4.6200,2.20287784e-01,2.42740264e+00,1.21370132e-02,1.08854044e+01,1.73422411e+04
n064_nu0p005_s20261107,64,0.005,20261107,4.6400,2.19899207e-01,2.43545454e+00,1.21772727e-02,1.09677158e+01,1.75441924e+04
n064_nu0p005_s20261107,64,0.005,20261107,4.6600,2.19509271e-01,2.44344023e+00,1.22172012e-02,1.10481794e+01,1.77445204e+04
n064_nu0p005_s20261107,64,0.005,20261107,4.6800,2.19117967e-01,2.45135788e+00,1.22567894e-02,1.11267488e+01,1.79431871e+04
n064_nu0p005_s20261107,64,0.005,20261107,4.7000,2.18725287e-01,2.45920562e+00,1.22960281e-02,1.12033797e+01,1.81401593e+04
n064_nu0p005_s20261107,64,0.005,20261107,4.7200,2.18331222e-01,2.46698156e+00,1.23349078e-02,1.12780302e+01,1.83354079e+04
n064_nu0p005_s20261107,64,0.005,20261107,4.7400,2.17935764e-01,2.47468378e+00,1.23734189e-02,1.13506610e+01,1.85289080e+04
n064_nu0p005_s20261107,64,0.005,20261107,4.7600,2.17538903e-01,2.48231036e+00,1.24115518e-02,1.14212353e+01,1.87206385e+04
n064_nu0p005_s20261107,64,0.005,20261107,4.7800,2.17140631e-01,2.48985936e+00,1.24492968e-02,1.14897195e+01,1.89105814e+04
n064_nu0p005_s20261107,64,0.005,20261107,4.8000,2.16740940e-01,2.49732882e+00,1.24866441e-02,1.15560830e+01,1.90987218e+04
n064_nu0p005_s20261107,64,0.005,20261107,4.8200,2.16339822e-01,2.50471678e+00,1.25235839e-02,1.16202988e+01,1.92850472e+04
n064_nu0p005_s20261107,64,0.005,20261107,4.8400,2.15937269e-01,2.51202128e+00,1.25601064e-02,1.16823433e+01,1.94695468e+04
n064_nu0p005_s20261107,64,0.005,20261107,4.8600,2.15533274e-01,2.51924035e+00,1.25962017e-02,1.17421969e+01,1.96522113e+04
n064_nu0p005_s20261107,64,0.005,20261107,4.8800,2.15127829e-01,2.52637202e+00,1.26318601e-02,1.17998439e+01,1.98330325e+04
n064_nu0p005_s20261107,64,0.005,20261107,4.9000,2.14720927e-01,2.53341434e+00,1.26670717e-02,1.18552730e+01,2.00120021e+04
n064_nu0p005_s20261107,64,0.005,20261107,4.9200,2.14312563e-01,2.54036537e+00,1.27018268e-02,1.19084770e+01,2.01891120e+04
n064_nu0p005_s20261107,64,0.005,20261107,4.9400,2.13902731e-01,2.54722316e+00,1.27361158e-02,1.19594533e+01,2.03643533e+04
n064_nu0p005_s20261107,64,0.005,20261107,4.9600,2.13491424e-01,2.55398582e+00,1.27699291e-02,1.20082034e+01,2.05377162e+04
n064_nu0p005_s20261107,64,0.005,20261107,4.9800,2.13078640e-01,2.56065145e+00,1.28032572e-02,1.20547337e+01,2.07091892e+04
n064_nu0p005_s20261107,64,0.005,20261107,5.0000,2.12664374e-01,2.56721818e+00,1.28360909e-02,1.20990547e+01,2.08787594e+04
n064_nu0p005_s20261107,64,0.005,20261107,5.0200,2.12248622e-01,2.57368420e+00,1.28684210e-02,1.21411813e+01,2.10464118e+04
n064_nu0p005_s20261107,64,0.005,20261107,5.0400,2.11831383e-01,2.58004771e+00,1.29002386e-02,1.21811323e+01,2.12121294e+04
n064_nu0p005_s20261107,64,0.005,20261107,5.0600,2.11412654e-01,2.58630696e+00,1.29315348e-02,1.22189307e+01,2.13758928e+04
n064_nu0p005_s20261107,64,0.005,20261107,5.0800,2.10992434e-01,2.59246023e+00,1.29623011e-02,1.22546028e+01,2.15376807e+04
n064_nu0p005_s20261107,64,0.005,20261107,5.1000,2.10570724e-01,2.59850587e+00,1.29925293e-02,1.22881785e+01,2.16974695e+04
n064_nu0p005_s20261107,64,0.005,20261107,5.1200,2.10147523e-01,2.60444226e+00,1.30222113e-02,1.23196906e+01,2.18552336e+04
n064_nu0p005_s20261107,64,0.005,20261107,5.1400,2.09722834e-01,2.61026785e+00,1.30513392e-02,1.23491743e+01,2.20109459e+04
n064_nu0p005_s20261107,64,0.005,20261107,5.1600,2.09296659e-01,2.61598113e+00,1.30799057e-02,1.23766672e+01,2.21645773e+04
n064_nu0p005_s20261107,64,0.005,20261107,5.1800,2.08869000e-01,2.62158067e+00,1.31079033e-02,1.24022086e+01,2.23160978e+04
n064_nu0p005_s20261107,64,0.005,20261107,5.2000,2.08439863e-01,2.62706508e+00,1.31353254e-02,1.24258391e+01,2.24654762e+04
n064_nu0p005_s20261107,64,0.005,20261107,5.2200,2.08009253e-01,2.63243304e+00,1.31621652e-02,1.24476004e+01,2.26126804e+04
n064_nu0p005_s20261107,64,0.005,20261107,5.2400,2.07577175e-01,2.63768330e+00,1.31884165e-02,1.24675347e+01,2.27576779e+04
n064_nu0p005_s20261107,64,0.005,20261107,5.2600,2.07143636e-01,2.64281465e+00,1.32140733e-02,1.24856843e+01,2.29004358e+04
n064_nu0p005_s20261107,64,0.005,20261107,5.2800,2.06708645e-01,2.64782598e+00,1.32391299e-02,1.25020912e+01,2.30409213e+04
n064_nu0p005_s20261107,64,0.005,20261107,5.3000,2.06272209e-01,2.65271622e+00,1.32635811e-02,1.25167971e+01,2.31791013e+04
n064_nu0p005_s20261107,64,0.005,20261107,5.3200,2.05834338e-01,2.65748436e+00,1.32874218e-02,1.25298428e+01,2.33149430e+04
n064_nu0p005_s20261107,64,0.005,20261107,5.3400,2.05395044e-01,2.66212946e+00,1.33106473e-02,1.25412679e+01,2.34484137e+04
n064_nu0p005_s20261107,64,0.005,20261107,5.3600,2.04954337e-01,2.66665065e+00,1.33332533e-02,1.25511108e+01,2.35794806e+04
n064_nu0p005_s20261107,64,0.005,20261107,5.3800,2.04512230e-01,2.67104711e+00,1.33552356e-02,1.25594086e+01,2.37081113e+04
n064_nu0p005_s20261107,64,0.005,20261107,5.4000,2.04068735e-01,2.67531808e+00,1.33765904e-02,1.25661967e+01,2.38342734e+04
n064_nu0p005_s20261107,64,0.005,20261107,5.4200,2.03623867e-01,2.67946286e+00,1.33973143e-02,1.25715089e+01,2.39579341e+04
n064_nu0p005_s20261107,64,0.005,20261107,5.4400,2.03177640e-01,2.68348081e+00,1.34174041e-02,1.25753772e+01,2.40790608e+04
n064_nu0p005_s20261107,64,0.005,20261107,5.4600,2.02730069e-01,2.68737134e+00,1.34368567e-02,1.25778322e+01,2.41976204e+04
n064_nu0p005_s20261107,64,0.005,20261107,5.4800,2.02281172e-01,2.69113391e+00,1.34556696e-02,1.25789027e+01,2.43135796e+04
n064_nu0p005_s20261107,64,0.005,20261107,5.5000,2.01830965e-01,2.69476804e+00,1.34738402e-02,1.25786159e+01,2.44269046e+04
n064_nu0p005_s20261107,64,0.005,20261107,5.5200,2.01379465e-01,2.69827329e+00,1.34913665e-02,1.25769977e+01,2.45375615e+04
n064_nu0p005_s20261107,64,0.005,20261107,5.5400,2.00926691e-01,2.70164928e+00,1.35082464e-02,1.25740724e+01,2.46455158e+04
n064_nu0p005_s20261107,64,0.005,20261107,5.5600,2.00472663e-01,2.70489568e+00,1.35244784e-02,1.25698633e+01,2.47507331e+04
n064_nu0p005_s20261107,64,0.005,20261107,5.5800,2.00017399e-01,2.70801219e+00,1.35400609e-02,1.25643924e+01,2.48531789e+04
n064_nu0p005_s20261107,64,0.005,20261107,5.6000,1.99560921e-01,2.71099856e+00,1.35549928e-02,1.25576811e+01,2.49528190e+04
n064_nu0p005_s20261107,64,0.005,20261107,5.6200,1.99103249e-01,2.71385461e+00,1.35692730e-02,1.25497496e+01,2.50496198e+04
n064_nu0p005_s20261107,64,0.005,20261107,5.6400,1.98644405e-01,2.71658017e+00,1.35829008e-02,1.25406178e+01,2.51435486e+04
n064_nu0p005_s20261107,64,0.005,20261107,5.6600,1.98184412e-01,2.71917513e+00,1.35958757e-02,1.25303051e+01,2.52345741e+04
n064_nu0p005_s20261107,64,0.005,20261107,5.6800,1.97723290e-01,2.72163944e+00,1.36081972e-02,1.25188304e+01,2.53226669e+04
n064_nu0p005_s20261107,64,0.005,20261107,5.7000,1.97261065e-01,2.72397306e+00,1.36198653e-02,1.25062127e+01,2.54077996e+04
n064_nu0p005_s20261107,64,0.005,20261107,5.7200,1.96797759e-01,2.72617602e+00,1.36308801e-02,1.24924708e+01,2.54899477e+04
n064_nu0p005_s20261107,64,0.005,20261107,5.7400,1.96333397e-01,2.72824837e+00,1.36412419e-02,1.24776238e+01,2.55690897e+04
n064_nu0p005_s20261107,64,0.005,20261107,5.7600,1.95868003e-01,2.73019023e+00,1.36509512e-02,1.24616908e+01,2.56452076e+04
n064_nu0p005_s20261107,64,0.005,20261107,5.7800,1.95401603e-01,2.73200174e+00,1.36600087e-02,1.24446914e+01,2.57182874e+04
n064_nu0p005_s20261107,64,0.005,20261107,5.8000,1.94934221e-01,2.73368310e+00,1.36684155e-02,1.24266457e+01,2.57883191e+04
n064_nu0p005_s20261107,64,0.005,20261107,5.8200,1.94465884e-01,2.73523453e+00,1.36761726e-02,1.24075743e+01,2.58552972e+04
n064_nu0p005_s20261107,64,0.005,20261107,5.8400,1.93996617e-01,2.73665631e+00,1.36832815e-02,1.23874983e+01,2.59192209e+04
n064_nu0p005_s20261107,64,0.005,20261107,5.8600,1.93526447e-01,2.73794876e+00,1.36897438e-02,1.23664395e+01,2.59800939e+04
n064_nu0p005_s20261107,64,0.005,20261107,5.8800,1.93055401e-01,2.73911223e+00,1.36955612e-02,1.23444205e+01,2.60379245e+04
n064_nu0p005_s20261107,64,0.005,20261107,5.9000,1.92583506e-01,2.74014713e+00,1.37007357e-02,1.23214646e+01,2.60927256e+04
n064_nu0p005_s20261107,64,0.005,20261107,5.9200,1.92110789e-01,2.74105391e+00,1.37052695e-02,1.22975959e+01,2.61445145e+04
n064_nu0p005_s20261107,64,0.005,20261107,5.9400,1.91637277e-01,2.74183303e+00,1.37091651e-02,1.22728390e+01,2.61933126e+04
n064_nu0p005_s20261107,64,0.005,20261107,5.9600,1.91162998e-01,2.74248503e+00,1.37124251e-02,1.22472194e+01,2.62391451e+04
n064_nu0p005_s20261107,64,0.005,20261107,5.9800,1.90687980e-01,2.74301047e+00,1.37150523e-02,1.22207631e+01,2.62820406e+04
n064_nu0p005_s20261107,64,0.005,20261107,6.0000,1.90212252e-01,2.74340995e+00,1.37170497e-02,1.21934970e+01,2.63220306e+04
n064_nu0p010_s20261102,64,0.01,20261102,0.0000,2.80803324e-01,9.17154188e-01,9.17154188e-03,2.51725042e+00,2.54778238e+02
n064_nu0p010_s20261102,64,0.01,20261102,0.0200,2.80428551e-01,9.14931222e-01,9.14931222e-03,2.51310487e+00,2.45226839e+02
n064_nu0p010_s20261102,64,0.01,20261102,0.0400,2.80055426e-01,9.12845525e-01,9.12845525e-03,2.50832267e+00,2.36448751e+02
n064_nu0p010_s20261102,64,0.01,20261102,0.0600,2.79683893e-01,9.10893293e-01,9.10893293e-03,2.50362284e+00,2.28372630e+02
n064_nu0p010_s20261102,64,0.01,20261102,0.0800,2.79313890e-01,9.09070791e-01,9.09070791e-03,2.49913711e+00,2.20935015e+02
n064_nu0p010_s20261102,64,0.01,20261102,0.1000,2.78945353e-01,9.07374369e-01,9.07374369e-03,2.49403546e+00,2.14079368e+02
n064_nu0p010_s20261102,64,0.01,20261102,0.1200,2.78578216e-01,9.05800476e-01,9.05800476e-03,2.48832672e+00,2.07755309e+02
n064_nu0p010_s20261102,64,0.01,20261102,0.1400,2.78212412e-01,9.04345673e-01,9.04345673e-03,2.48202026e+00,2.01917957e+02
n064_nu0p010_s20261102,64,0.01,20261102,0.1600,2.77847873e-01,9.03006655e-01,9.03006655e-03,2.47512602e+00,1.96527360e+02
n064_nu0p010_s20261102,64,0.01,20261102,0.1800,2.77484529e-01,9.01780255e-01,9.01780255e-03,2.46765455e+00,1.91547958e+02
n064_nu0p010_s20261102,64,0.01,20261102,0.2000,2.77122313e-01,9.00663459e-01,9.00663459e-03,2.45961699e+00,1.86948082e+02
n064_nu0p010_s20261102,64,0.01,20261102,0.2200,2.76761156e-01,8.99653408e-01,8.99653408e-03,2.45102511e+00,1.82699481e+02
n064_nu0p010_s20261102,64,0.01,20261102,0.2400,2.76400992e-01,8.98747397e-01,8.98747397e-03,2.44189135e+00,1.78776876e+02
n064_nu0p010_s20261102,64,0.01,20261102,0.2600,2.76041756e-01,8.97942873e-01,8.97942873e-03,2.43222873e+00,1.75157558e+02
n064_nu0p010_s20261102,64,0.01,20261102,0.2800,2.75683384e-01,8.97237429e-01,8.97237429e-03,2.42205095e+00,1.71821019e+02
n064_nu0p010_s20261102,64,0.01,20261102,0.3000,2.75325816e-01,8.96628799e-01,8.96628799e-03,2.41139457e+00,1.68748648e+02
n064_nu0p010_s20261102,64,0.01,20261102,0.3200,2.74968993e-01,8.96114847e-01,8.96114847e-03,2.40135111e+00,1.65923470e+02
n064_nu0p010_s20261102,64,0.01,20261102,0.3400,2.74612858e-01,8.95693565e-01,8.95693565e-03,2.39079596e+00,1.63329946e+02
n064_nu0p010_s20261102,64,0.01,20261102,0.3600,2.74257357e-01,8.95363059e-01,8.95363059e-03,2.37974230e+00,1.60953825e+02
n064_nu0p010_s20261102,64,0.01,20261102,0.3800,2.73902438e-01,8.95121549e-01,8.95121549e-03,2.36820375e+00,1.58782036e+02
n064_nu0p010_s20261102,64,0.01,20261102,0.4000,2.73548053e-01,8.94967362e-01,8.94967362e-03,2.35619438e+00,1.56802606e+02
n064_nu0p010_s20261102,64,0.01,20261102,0.4200,2.73194153e-01,8.94898925e-01,8.94898925e-03,2.34372867e+00,1.55004598e+02
n064_nu0p010_s20261102,64,0.01,20261102,0.4400,2.72840696e-01,8.94914763e-01,8.94914763e-03,2.33082150e+00,1.53378048e+02
n064_nu0p010_s20261102,64,0.01,20261102,0.4600,2.72487640e-01,8.95013496e-01,8.95013496e-03,2.31748810e+00,1.51913905e+02
n064_nu0p010_s20261102,64,0.01,20261102,0.4800,2.72134944e-01,8.95193830e-01,8.95193830e-03,2.30374404e+00,1.50603964e+02
n064_nu0p010_s20261102,64,0.01,20261102,0.5000,2.71782572e-01,8.95454559e-01,8.95454559e-03,2.28960521e+00,1.49440794e+02
n064_nu0p010_s20261102,64,0.01,20261102,0.5200,2.71430490e-01,8.95794554e-01,8.95794554e-03,2.27508775e+00,1.48417664e+02
n064_nu0p010_s20261102,64,0.01,20261102,0.5400,2.71078663e-01,8.96212761e-01,8.96212761e-03,2.26020805e+00,1.47528466e+02
n064_nu0p010_s20261102,64,0.01,20261102,0.5600,2.70727061e-01,8.96708196e-01,8.96708196e-03,2.24498271e+00,1.46767642e+02
n064_nu0p010_s20261102,64,0.01,20261102,0.5800,2.70375656e-01,8.97279935e-01,8.97279935e-03,2.22942852e+00,1.46130109e+02
n064_nu0p010_s20261102,64,0.01,20261102,0.6000,2.70024419e-01,8.97927113e-01,8.97927113e-03,2.21407865e+00,1.45611187e+02
n064_nu0p010_s20261102,64,0.01,20261102,0.6200,2.69673324e-01,8.98648913e-01,8.98648913e-03,2.19861549e+00,1.45206535e+02
n064_nu0p010_s20261102,64,0.01,20261102,0.6400,2.69322347e-01,8.99444564e-01,8.99444564e-03,2.18446018e+00,1.44912093e+02
n064_nu0p010_s20261102,64,0.01,20261102,0.6600,2.68971465e-01,9.00313332e-01,9.00313332e-03,2.17012581e+00,1.44724040e+02
n064_nu0p010_s20261102,64,0.01,20261102,0.6800,2.68620654e-01,9.01254518e-01,9.01254518e-03,2.15543395e+00,1.44638760e+02
n064_nu0p010_s20261102,64,0.01,20261102,0.7000,2.68269895e-01,9.02267448e-01,9.02267448e-03,2.14040071e+00,1.44652824e+02
n064_nu0p010_s20261102,64,0.01,20261102,0.7200,2.67919165e-01,9.03351474e-01,9.03351474e-03,2.12504230e+00,1.44762987e+02
n064_nu0p010_s20261102,64,0.01,20261102,0.7400,2.67568445e-01,9.04505967e-01,9.04505967e-03,2.11053241e+00,1.44966188e+02
n064_nu0p010_s20261102,64,0.01,20261102,0.7600,2.67217715e-01,9.05730314e-01,9.05730314e-03,2.09633582e+00,1.45259560e+02
n064_nu0p010_s20261102,64,0.01,20261102,0.7800,2.66866957e-01,9.07023913e-01,9.07023913e-03,2.08250582e+00,1.45640440e+02
n064_nu0p010_s20261102,64,0.01,20261102,0.8000,2.66516150e-01,9.08386173e-01,9.08386173e-03,2.06869200e+00,1.46106376e+02
n064_nu0p010_s20261102,64,0.01,20261102,0.8200,2.66165277e-01,9.09816509e-01,9.09816509e-03,2.05449245e+00,1.46655137e+02
n064_nu0p010_s20261102,64,0.01,20261102,0.8400,2.65814320e-01,9.11314339e-01,9.11314339e-03,2.03992446e+00,1.47284713e+02
n064_nu0p010_s20261102,64,0.01,20261102,0.8600,2.65463258e-01,9.12879085e-01,9.12879085e-03,2.02500545e+00,1.47993321e+02
n064_nu0p010_s20261102,64,0.01,20261102,0.8800,2.65112075e-01,9.14510166e-01,9.14510166e-03,2.00975294e+00,1.48779405e+02
n064_nu0p010_s20261102,64,0.01,20261102,0.9000,2.64760751e-01,9.16207000e-01,9.16207000e-03,1.99465197e+00,1.49641633e+02
n064_nu0p010_s20261102,64,0.01,20261102,0.9200,2.64409267e-01,9.17969000e-01,9.17969000e-03,1.98081770e+00,1.50578902e+02
n064_nu0p010_s20261102,64,0.01,20261102,0.9400,2.64057605e-01,9.19795574e-01,9.19795574e-03,1.96665321e+00,1.51590334e+02
n064_nu0p010_s20261102,64,0.01,20261102,0.9600,2.63705746e-01,9.21686120e-01,9.21686120e-03,1.95217238e+00,1.52675284e+02
n064_nu0p010_s20261102,64,0.01,20261102,0.9800,2.63353671e-01,9.23640030e-01,9.23640030e-03,1.93956732e+00,1.53833340e+02
n064_nu0p010_s20261102,64,0.01,20261102,1.0000,2.63001360e-01,9.25656685e-01,9.25656685e-03,1.93733112e+00,1.55064332e+02
n064_nu0p010_s20261102,64,0.01,20261102,1.0200,2.62648793e-01,9.27735455e-01,9.27735455e-03,1.93791812e+00,1.56368351e+02
n064_nu0p010_s20261102,64,0.01,20261102,1.0400,2.62295952e-01,9.29875699e-01,9.29875699e-03,1.93989599e+00,1.57745761e+02
n064_nu0p010_s20261102,64,0.01,20261102,1.0600,2.61942815e-01,9.32076762e-01,9.32076762e-03,1.94110658e+00,1.59197232e+02
n064_nu0p010_s20261102,64,0.01,20261102,1.0800,2.61589364e-01,9.34337979e-01,9.34337979e-03,1.94159060e+00,1.60723765e+02
n064_nu0p010_s20261102,64,0.01,20261102,1.1000,2.61235578e-01,9.36658669e-01,9.36658669e-03,1.94139000e+00,1.62326727e+02
n064_nu0p010_s20261102,64,0.01,20261102,1.1200,2.60881437e-01,9.39038141e-01,9.39038141e-03,1.94054765e+00,1.64007883e+02
n064_nu0p010_s20261102,64,0.01,20261102,1.1400,2.60526921e-01,9.41475686e-01,9.41475686e-03,1.93910693e+00,1.65769419e+02
n064_nu0p010_s20261102,64,0.01,20261102,1.1600,2.60172008e-01,9.43970583e-01,9.43970583e-03,1.93711144e+00,1.67613966e+02
n064_nu0p010_s20261102,64,0.01,20261102,1.1800,2.59816679e-01,9.46522097e-01,9.46522097e-03,1.93460463e+00,1.69544601e+02
n064_nu0p010_s20261102,64,0.01,20261102,1.2000,2.59460914e-01,9.49129475e-01,9.49129475e-03,1.93318987e+00,1.71564837e+02
n064_nu0p010_s20261102,64,0.01,20261102,1.2200,2.59104692e-01,9.51791953e-01,9.51791953e-03,1.93384996e+00,1.73678594e+02
n064_nu0p010_s20261102,64,0.01,20261102,1.2400,2.58747992e-01,9.54508747e-01,9.54508747e-03,1.93388480e+00,1.75890153e+02
n064_nu0p010_s20261102,64,0.01,20261102,1.2600,2.58390795e-01,9.57279060e-01,9.57279060e-03,1.93333227e+00,1.78204089e+02
n064_nu0p010_s20261102,64,0.01,20261102,1.2800,2.58033080e-01,9.60102079e-01,9.60102079e-03,1.93684922e+00,1.80625201e+02
n064_nu0p010_s20261102,64,0.01,20261102,1.3000,2.57674827e-01,9.62976972e-01,9.62976972e-03,1.94811048e+00,1.83158417e+02
n064_nu0p010_s20261102,64,0.01,20261102,1.3200,2.57316016e-01,9.65902894e-01,9.65902894e-03,1.95855701e+00,1.85808704e+02
n064_nu0p010_s20261102,64,0.01,20261102,1.3400,2.56956627e-01,9.68878983e-01,9.68878983e-03,1.97434083e+00,1.88580972e+02
n064_nu0p010_s20261102,64,0.01,20261102,1.3600,2.56596641e-01,9.71904362e-01,9.71904362e-03,1.99033308e+00,1.91479981e+02
n064_nu0p010_s20261102,64,0.01,20261102,1.3800,2.56236038e-01,9.74978136e-01,9.74978136e-03,2.00516338e+00,1.94510251e+02
n064_nu0p010_s20261102,64,0.01,20261102,1.4000,2.55874800e-01,9.78099399e-01,9.78099399e-03,2.01881679e+00,1.97675992e+02
n064_nu0p010_s20261102,64,0.01,20261102,1.4200,2.55512905e-01,9.81267229e-01,9.81267229e-03,2.03180397e+00,2.00981031e+02
n064_nu0p010_s20261102,64,0.01,20261102,1.4400,2.55150337e-01,9.84480691e-01,9.84480691e-03,2.04576545e+00,2.04428765e+02
n064_nu0p010_s20261102,64,0.01,20261102,1.4600,2.54787076e-01,9.87738836e-01,9.87738836e-03,2.05859414e+00,2.08022120e+02
n064_nu0p010_s20261102,64,0.01,20261102,1.4800,2.54423104e-01,9.91040705e-01,9.91040705e-03,2.07029524e+00,2.11763529e+02
n064_nu0p010_s20261102,64,0.01,20261102,1.5000,2.54058403e-01,9.94385328e-01,9.94385328e-03,2.08087893e+00,2.15654922e+02
n064_nu0p010_s20261102,64,0.01,20261102,1.5200,2.53692955e-01,9.97771723e-01,9.97771723e-03,2.09036018e+00,2.19697731e+02
n064_nu0p010_s20261102,64,0.01,20261102,1.5400,2.53326742e-01,1.00119890e+00,1.00119890e-02,2.09875848e+00,2.23892902e+02
n064_nu0p010_s20261102,64,0.01,20261102,1.5600,2.52959747e-01,1.00466586e+00,1.00466586e-02,2.11597347e+00,2.28240924e+02
n064_nu0p010_s20261102,64,0.01,20261102,1.5800,2.52591953e-01,1.00817160e+00,1.00817160e-02,2.13326408e+00,2.32741864e+02
n064_nu0p010_s20261102,64,0.01,20261102,1.6000,2.52223344e-01,1.01171510e+00,1.01171510e-02,2.14941086e+00,2.37395409e+02
n064_nu0p010_s20261102,64,0.01,20261102,1.6200,2.51853901e-01,1.01529535e+00,1.01529535e-02,2.16440581e+00,2.42200914e+02
n064_nu0p010_s20261102,64,0.01,20261102,1.6400,2.51483610e-01,1.01891131e+00,1.01891131e-02,2.17824578e+00,2.47157452e+02
n064_nu0p010_s20261102,64,0.01,20261102,1.6600,2.51112455e-01,1.02256195e+00,1.02256195e-02,2.19390518e+00,2.52263869e+02
n064_nu0p010_s20261102,64,0.01,20261102,1.6800,2.50740418e-01,1.02624624e+00,1.02624624e-02,2.20854192e+00,2.57518832e+02
n064_nu0p010_s20261102,64,0.01,20261102,1.7000,2.50367487e-01,1.02996312e+00,1.02996312e-02,2.22211967e+00,2.62920882e+02
n064_nu0p010_s20261102,64,0.01,20261102,1.7200,2.49993644e-01,1.03371156e+00,1.03371156e-02,2.23464828e+00,2.68468481e+02
n064_nu0p010_s20261102,64,0.01,20261102,1.7400,2.49618875e-01,1.03749050e+00,1.03749050e-02,2.24614149e+00,2.74160052e+02
n064_nu0p010_s20261102,64,0.01,20261102,1.7600,2.49243166e-01,1.04129888e+00,1.04129888e-02,2.25661668e+00,2.79994017e+02
n064_nu0p010_s20261102,64,0.01,20261102,1.7800,2.48866502e-01,1.04513562e+00,1.04513562e-02,2.26609461e+00,2.85968827e+02
n064_nu0p010_s20261102,64,0.01,20261102,1.8000,2.48488870e-01,1.04899967e+00,1.04899967e-02,2.27459911e+00,2.92082986e+02
n064_nu0p010_s20261102,64,0.01,20261102,1.8200,2.48110254e-01,1.05288994e+00,1.05288994e-02,2.28215683e+00,2.98335072e+02
n064_nu0p010_s20261102,64,0.01,20261102,1.8400,2.47730643e-01,1.05680536e+00,1.05680536e-02,2.29480099e+00,3.04723744e+02
n064_nu0p010_s20261102,64,0.01,20261102,1.8600,2.47350023e-01,1.06074483e+00,1.06074483e-02,2.31295619e+00,3.11247753e+02
n064_nu0p010_s20261102,64,0.01,20261102,1.8800,2.46968380e-01,1.06470727e+00,1.06470727e-02,2.33085185e+00,3.17905945e+02
n064_nu0p010_s20261102,64,0.01,20261102,1.9000,2.46585702e-01,1.06869155e+00,1.06869155e-02,2.34769728e+00,3.24697252e+02
n064_nu0p010_s20261102,64,0.01,20261102,1.9200,2.46201977e-01,1.07269659e+00,1.07269659e-02,2.36349664e+00,3.31620692e+02
n064_nu0p010_s20261102,64,0.01,20261102,1.9400,2.45817193e-01,1.07672126e+00,1.07672126e-02,2.37825780e+00,3.38675358e+02
n064_nu0p010_s20261102,64,0.01,20261102,1.9600,2.45431338e-01,1.08076443e+00,1.08076443e-02,2.39199219e+00,3.45860403e+02
n064_nu0p010_s20261102,64,0.01,20261102,1.9800,2.45044400e-01,1.08482498e+00,1.08482498e-02,2.40471458e+00,3.53175036e+02
n064_nu0p010_s20261102,64,0.01,20261102,2.0000,2.44656368e-01,1.08890175e+00,1.08890175e-02,2.41644277e+00,3.60618503e+02
n064_nu0p010_s20261102,64,0.01,20261102,2.0200,2.44267232e-01,1.09299361e+00,1.09299361e-02,2.42719742e+00,3.68190077e+02
n064_nu0p010_s20261102,64,0.01,20261102,2.0400,2.43876980e-01,1.09709940e+00,1.09709940e-02,2.43700170e+00,3.75889048e+02
n064_nu0p010_s20261102,64,0.01,20261102,2.0600,2.43485603e-01,1.10121794e+00,1.10121794e-02,2.44588106e+00,3.83714714e+02
n064_nu0p010_s20261102,64,0.01,20261102,2.0800,2.43093091e-01,1.10534806e+00,1.10534806e-02,2.45386290e+00,3.91666374e+02
n064_nu0p010_s20261102,64,0.01,20261102,2.1000,2.42699434e-01,1.10948859e+00,1.10948859e-02,2.46475267e+00,3.99743323e+02
n064_nu0p010_s20261102,64,0.01,20261102,2.1200,2.42304622e-01,1.11363833e+00,1.11363833e-02,2.47491403e+00,4.07944850e+02
n064_nu0p010_s20261102,64,0.01,20261102,2.1400,2.41908647e-01,1.11779609e+00,1.11779609e-02,2.48429442e+00,4.16270243e+02
n064_nu0p010_s20261102,64,0.01,20261102,2.1600,2.41511501e-01,1.12196065e+00,1.12196065e-02,2.49574576e+00,4.24718787e+02
n064_nu0p010_s20261102,64,0.01,20261102,2.1800,2.41113175e-01,1.12613082e+00,1.12613082e-02,2.51034705e+00,4.33289770e+02
n064_nu0p010_s20261102,64,0.01,20261102,2.2000,2.40713662e-01,1.13030538e+00,1.13030538e-02,2.52418024e+00,4.41982496e+02
n064_nu0p010_s20261102,64,0.01,20261102,2.2200,2.40312954e-01,1.13448310e+00,1.13448310e-02,2.53689271e+00,4.50796283e+02
n064_nu0p010_s20261102,64,0.01,20261102,2.2400,2.39911044e-01,1.13866277e+00,1.13866277e-02,2.55061972e+00,4.59730476e+02
n064_nu0p010_s20261102,64,0.01,20261102,2.2600,2.39507926e-01,1.14284316e+00,1.14284316e-02,2.56570106e+00,4.68784455e+02
n064_nu0p010_s20261102,64,0.01,20261102,2.2800,2.39103594e-01,1.14702304e+00,1.14702304e-02,2.57978889e+00,4.77957639e+02
n064_nu0p010_s20261102,64,0.01,20261102,2.3000,2.38698041e-01,1.15120119e+00,1.15120119e-02,2.59289847e+00,4.87249489e+02
n064_nu0p010_s20261102,64,0.01,20261102,2.3200,2.38291263e-01,1.15537636e+00,1.15537636e-02,2.60504762e+00,4.96659513e+02
n064_nu0p010_s20261102,64,0.01,20261102,2.3400,2.37883255e-01,1.15954735e+00,1.15954735e-02,2.61976640e+00,5.06187261e+02
n064_nu0p010_s20261102,64,0.01,20261102,2.3600,2.37474012e-01,1.16371291e+00,1.16371291e-02,2.63553130e+00,5.15832327e+02
n064_nu0p010_s20261102,64,0.01,20261102,2.3800,2.37063531e-01,1.16787183e+00,1.16787183e-02,2.65044264e+00,5.25594337e+02
n064_nu0p010_s20261102,64,0.01,20261102,2.4000,2.36651808e-01,1.17202289e+00,1.17202289e-02,2.66451366e+00,5.35472943e+02
n064_nu0p010_s20261102,64,0.01,20261102,2.4200,2.36238840e-01,1.17616488e+00,1.17616488e-02,2.67775943e+00,5.45467812e+02
n064_nu0p010_s20261102,64,0.01,20261102,2.4400,2.35824624e-01,1.18029658e+00,1.18029658e-02,2.69019662e+00,5.55578607e+02
n064_nu0p010_s20261102,64,0.01,20261102,2.4600,2.35409158e-01,1.18441680e+00,1.18441680e-02,2.70184341e+00,5.65804979e+02
n064_nu0p010_s20261102,64,0.01,20261102,2.4800,2.34992442e-01,1.18852434e+00,1.18852434e-02,2.71271924e+00,5.76146544e+02
n064_nu0p010_s20261102,64,0.01,20261102,2.5000,2.34574473e-01,1.19261801e+00,1.19261801e-02,2.72284465e+00,5.86602869e+02
n064_nu0p010_s20261102,64,0.01,20261102,2.5200,2.34155251e-01,1.19669665e+00,1.19669665e-02,2.73641382e+00,5.97173454e+02
n064_nu0p010_s20261102,64,0.01,20261102,2.5400,2.33734777e-01,1.20075908e+00,1.20075908e-02,2.75201387e+00,6.07857718e+02
n064_nu0p010_s20261102,64,0.01,20261102,2.5600,2.33313049e-01,1.20480416e+00,1.20480416e-02,2.76728857e+00,6.18654981e+02
n064_nu0p010_s20261102,64,0.01,20261102,2.5800,2.32890070e-01,1.20883073e+00,1.20883073e-02,2.78223363e+00,6.29564455e+02
n064_nu0p010_s20261102,64,0.01,20261102,2.6000,2.32465840e-01,1.21283767e+00,1.21283767e-02,2.79684542e+00,6.40585230e+02
n064_nu0p010_s20261102,64,0.01,20261102,2.6200,2.32040362e-01,1.21682387e+00,1.21682387e-02,2.81196506e+00,6.51716268e+02
n064_nu0p010_s20261102,64,0.01,20261102,2.6400,2.31613637e-01,1.22078821e+00,1.22078821e-02,2.82741128e+00,6.62956399e+02
n064_nu0p010_s20261102,64,0.01,20261102,2.6600,2.31185668e-01,1.22472962e+00,1.22472962e-02,2.84690591e+00,6.74304315e+02
n064_nu0p010_s20261102,64,0.01,20261102,2.6800,2.30756459e-01,1.22864702e+00,1.22864702e-02,2.86596563e+00,6.85758578e+02
n064_nu0p010_s20261102,64,0.01,20261102,2.7000,2.30326013e-01,1.23253935e+00,1.23253935e-02,2.88456561e+00,6.97317617e+02
n064_nu0p010_s20261102,64,0.01,20261102,2.7200,2.29894334e-01,1.23640558e+00,1.23640558e-02,2.90268192e+00,7.08979737e+02
n064_nu0p010_s20261102,64,0.01,20261102,2.7400,2.29461428e-01,1.24024469e+00,1.24024469e-02,2.92029170e+00,7.20743131e+02
n064_nu0p010_s20261102,64,0.01,20261102,2.7600,2.29027299e-01,1.24405566e+00,1.24405566e-02,2.93737326e+00,7.32605888e+02
n064_nu0p010_s20261102,64,0.01,20261102,2.7800,2.28591953e-01,1.24783752e+00,1.24783752e-02,2.95439587e+00,7.44566006e+02
n064_nu0p010_s20261102,64,0.01,20261102,2.8000,2.28155395e-01,1.25158930e+00,1.25158930e-02,2.97119479e+00,7.56621411e+02
n064_nu0p010_s20261102,64,0.01,20261102,2.8200,2.27717633e-01,1.25531006e+00,1.25531006e-02,2.98745250e+00,7.68769966e+02
n064_nu0p010_s20261102,64,0.01,20261102,2.8400,2.27278673e-01,1.25899886e+00,1.25899886e-02,3.00832941e+00,7.81009494e+02
n064_nu0p010_s20261102,64,0.01,20261102,2.8600,2.26838523e-01,1.26265481e+00,1.26265481e-02,3.03384535e+00,7.93337788e+02
n064_nu0p010_s20261102,64,0.01,20261102,2.8800,2.26397191e-01,1.26627701e+00,1.26627701e-02,3.05925654e+00,8.05752633e+02
n064_nu0p010_s20261102,64,0.01,20261102,2.9000,2.25954683e-01,1.26986461e+00,1.26986461e-02,3.08455135e+00,8.18251819e+02
n064_nu0p010_s20261102,64,0.01,20261102,2.9200,2.25511011e-01,1.27341676e+00,1.27341676e-02,3.10971847e+00,8.30833156e+02
n064_nu0p010_s20261102,64,0.01,20261102,2.9400,2.25066181e-01,1.27693264e+00,1.27693264e-02,3.13474690e+00,8.43494489e+02
n064_nu0p010_s20261102,64,0.01,20261102,2.9600,2.24620204e-01,1.28041146e+00,1.28041146e-02,3.15962601e+00,8.56233710e+02
n064_nu0p010_s20261102,64,0.01,20261102,2.9800,2.24173090e-01,1.28385244e+00,1.28385244e-02,3.18434553e+00,8.69048768e+02
n064_nu0p010_s20261102,64,0.01,20261102,3.0000,2.23724848e-01,1.28725482e+00,1.28725482e-02,3.20889555e+00,8.81937682e+02
n064_nu0p010_s20261102,64,0.01,20261102,3.0200,2.23275490e-01,1.29061789e+00,1.29061789e-02,3.23326652e+00,8.94898546e+02
n064_nu0p010_s20261102,64,0.01,20261102,3.0400,2.22825026e-01,1.29394092e+00,1.29394092e-02,3.25744926e+00,9.07929537e+02
n064_nu0p010_s20261102,64,0.01,20261102,3.0600,2.22373467e-01,1.29722325e+00,1.29722325e-02,3.28143495e+00,9.21028917e+02
n064_nu0p010_s20261102,64,0.01,20261102,3.0800,2.21920826e-01,1.30046420e+00,1.30046420e-02,3.30521512e+00,9.34195039e+02
n064_nu0p010_s20261102,64,0.01,20261102,3.1000,2.21467113e-01,1.30366314e+00,1.30366314e-02,3.32878166e+00,9.47426346e+02
n064_nu0p010_s20261102,64,0.01,20261102,3.1200,2.21012342e-01,1.30681947e+00,1.30681947e-02,3.35212678e+00,9.60721368e+02
n064_nu0p010_s20261102,64,0.01,20261102,3.1400,2.20556525e-01,1.30993258e+00,1.30993258e-02,3.37524301e+00,9.74078728e+02
n064_nu0p010_s20261102,64,0.01,20261102,3.1600,2.20099674e-01,1.31300192e+00,1.31300192e-02,3.39812321e+00,9.87497129e+02
n064_nu0p010_s20261102,64,0.01,20261102,3.1800,2.19641804e-01,1.31602693e+00,1.31602693e-02,3.42076050e+00,1.00097536e+03
n064_nu0p010_s20261102,64,0.01,20261102,3.2000,2.19182926e-01,1.31900711e+00,1.31900711e-02,3.44314834e+00,1.01451226e+03
n064_nu0p010_s20261102,64,0.01,20261102,3.2200,2.18723056e-01,1.32194195e+00,1.32194195e-02,3.46528040e+00,1.02810678e+03
n064_nu0p010_s20261102,64,0.01,20261102,3.2400,2.18262206e-01,1.32483099e+00,1.32483099e-02,3.48791385e+00,1.04175789e+03
n064_nu0p010_s20261102,64,0.01,20261102,3.2600,2.17800392e-01,1.32767377e+00,1.32767377e-02,3.51292801e+00,1.05546462e+03
n064_nu0p010_s20261102,64,0.01,20261102,3.2800,2.17337627e-01,1.33046986e+00,1.33046986e-02,3.53765071e+00,1.06922605e+03
n064_nu0p010_s20261102,64,0.01,20261102,3.3000,2.16873927e-01,1.33321886e+00,1.33321886e-02,3.56207514e+00,1.08304129e+03
n064_nu0p010_s20261102,64,0.01,20261102,3.3200,2.16409305e-01,1.33592039e+00,1.33592039e-02,3.58619510e+00,1.09690946e+03
n064_nu0p010_s20261102,64,0.01,20261102,3.3400,2.15943778e-01,1.33857410e+00,1.33857410e-02,3.61000495e+00,1.11082971e+03
n064_nu0p010_s20261102,64,0.01,20261102,3.3600,2.15477359e-01,1.34117963e+00,1.34117963e-02,3.63349966e+00,1.12480117e+03
n064_nu0p010_s20261102,64,0.01,20261102,3.3800,2.15010066e-01,1.34373668e+00,1.34373668e-02,3.65667468e+00,1.13882298e+03
n064_nu0p010_s20261102,64,0.01,20261102,3.4000,2.14541912e-01,1.34624496e+00,1.34624496e-02,3.67952603e+00,1.15289425e+03
n064_nu0p010_s20261102,64,0.01,20261102,3.4200,2.14072915e-01,1.34870418e+00,1.34870418e-02,3.70356065e+00,1.16701407e+03
n064_nu0p010_s20261102,64,0.01,20261102,3.4400,2.13603089e-01,1.35111409e+00,1.35111409e-02,3.72880421e+00,1.18118148e+03
n064_nu0p010_s20261102,64,0.01,20261102,3.4600,2.13132451e-01,1.35347448e+00,1.35347448e-02,3.75383101e+00,1.19539546e+03
n064_nu0p010_s20261102,64,0.01,20261102,3.4800,2.12661017e-01,1.35578511e+00,1.35578511e-02,3.77863828e+00,1.20965495e+03
n064_nu0p010_s20261102,64,0.01,20261102,3.5000,2.12188803e-01,1.35804579e+00,1.35804579e-02,3.80322352e+00,1.22395882e+03
n064_nu0p010_s20261102,64,0.01,20261102,3.5200,2.11715825e-01,1.36025636e+00,1.36025636e-02,3.82758448e+00,1.23830585e+03
n064_nu0p010_s20261102,64,0.01,20261102,3.5400,2.11242100e-01,1.36241666e+00,1.36241666e-02,3.85171912e+00,1.25269474e+03
n064_nu0p010_s20261102,64,0.01,20261102,3.5600,2.10767643e-01,1.36452654e+00,1.36452654e-02,3.87562564e+00,1.26712408e+03
n064_nu0p010_s20261102,64,0.01,20261102,3.5800,2.10292472e-01,1.36658590e+00,1.36658590e-02,3.89930242e+00,1.28159239e+03
n064_nu0p010_s20261102,64,0.01,20261102,3.6000,2.09816603e-01,1.36859461e+00,1.36859461e-02,3.92274801e+00,1.29609805e+03
n064_nu0p010_s20261102,64,0.01,20261102,3.6200,2.09340052e-01,1.37055260e+00,1.37055260e-02,3.94596113e+00,1.31063933e+03
n064_nu0p010_s20261102,64,0.01,20261102,3.6400,2.08862837e-01,1.37245979e+00,1.37245979e-02,3.96894065e+00,1.32521438e+03
n064_nu0p010_s20261102,64,0.01,20261102,3.6600,2.08384973e-01,1.37431613e+00,1.37431613e-02,3.99168557e+00,1.33982122e+03
n064_nu0p010_s20261102,64,0.01,20261102,3.6800,2.07906477e-01,1.37612157e+00,1.37612157e-02,4.01419502e+00,1.35445773e+03
n064_nu0p010_s20261102,64,0.01,20261102,3.7000,2.07427367e-01,1.37787609e+00,1.37787609e-02,4.03646824e+00,1.36912165e+03
n064_nu0p010_s20261102,64,0.01,20261102,3.7200,2.06947657e-01,1.37957967e+00,1.37957967e-02,4.05850460e+00,1.38381058e+03
n064_nu0p010_s20261102,64,0.01,20261102,3.7400,2.06467366e-01,1.38123230e+00,1.38123230e-02,4.08030354e+00,1.39852198e+03
n064_nu0p010_s20261102,64,0.01,20261102,3.7600,2.05986509e-01,1.38283401e+00,1.38283401e-02,4.10186464e+00,1.41325314e+03
n064_nu0p010_s20261102,64,0.01,20261102,3.7800,2.05505104e-01,1.38438481e+00,1.38438481e-02,4.12318755e+00,1.42800121e+03
n064_nu0p010_s20261102,64,0.01,20261102,3.8000,2.05023165e-01,1.38588473e+00,1.38588473e-02,4.14427203e+00,1.44276319e+03
n064_nu0p010_s20261102,64,0.01,20261102,3.8200,2.04540711e-01,1.38733382e+00,1.38733382e-02,4.16856162e+00,1.45753591e+03
n064_nu0p010_s20261102,64,0.01,20261102,3.8400,2.04057757e-01,1.38873213e+00,1.38873213e-02,4.19300439e+00,1.47231607e+03
n064_nu0p010_s20261102,64,0.01,20261102,3.8600,2.03574319e-01,1.39007973e+00,1.39007973e-02,4.21727613e+00,1.48710020e+03
n064_nu0p010_s20261102,64,0.01,20261102,3.8800,2.03090415e-01,1.39137668e+00,1.39137668e-02,4.24137465e+00,1.50188468e+03
n064_nu0p010_s20261102,64,0.01,20261102,3.9000,2.02606059e-01,1.39262307e+00,1.39262307e-02,4.26529775e+00,1.51666575e+03
n064_nu0p010_s20261102,64,0.01,20261102,3.9200,2.02121267e-01,1.39381898e+00,1.39381898e-02,4.28904323e+00,1.53143950e+03
n064_nu0p010_s20261102,64,0.01,20261102,3.9400,2.01636057e-01,1.39496451e+00,1.39496451e-02,4.31260887e+00,1.54620188e+03
n064_nu0p010_s20261102,64,0.01,20261102,3.9600,2.01150444e-01,1.39605976e+00,1.39605976e-02,4.33599242e+00,1.56094869e+03
n064_nu0p010_s20261102,64,0.01,20261102,3.9800,2.00664443e-01,1.39710484e+00,1.39710484e-02,4.35919163e+00,1.57567564e+03
n064_nu0p010_s20261102,64,0.01,20261102,4.0000,2.00178070e-01,1.39809987e+00,1.39809987e-02,4.38220421e+00,1.59037828e+03
n064_nu0p010_s20261102,64,0.01,20261102,4.0200,1.99691340e-01,1.39904495e+00,1.39904495e-02,4.40502785e+00,1.60505205e+03
n064_nu0p010_s20261102,64,0.01,20261102,4.0400,1.99204270e-01,1.39994022e+00,1.39994022e-02,4.42766020e+00,1.61969229e+03
n064_nu0p010_s20261102,64,0.01,20261102,4.0600,1.98716875e-01,1.40078581e+00,1.40078581e-02,4.45009887e+00,1.63429425e+03
n064_nu0p010_s20261102,64,0.01,20261102,4.0800,1.98229169e-01,1.40158185e+00,1.40158185e-02,4.47234143e+00,1.64885307e+03
n064_nu0p010_s20261102,64,0.01,20261102,4.1000,1.97741168e-01,1.40232847e+00,1.40232847e-02,4.49438541e+00,1.66336381e+03
n064_nu0p010_s20261102,64,0.01,20261102,4.1200,1.97252886e-01,1.40302581e+00,1.40302581e-02,4.51622827e+00,1.67782147e+03
n064_nu0p010_s20261102,64,0.01,20261102,4.1400,1.96764339e-01,1.40367402e+00,1.40367402e-02,4.53786742e+00,1.69222098e+03
n064_nu0p010_s20261102,64,0.01,20261102,4.1600,1.96275542e-01,1.40427325e+00,1.40427325e-02,4.55930020e+00,1.70655721e+03
n064_nu0p010_s20261102,64,0.01,20261102,4.1800,1.95786508e-01,1.40482363e+00,1.40482363e-02,4.58052387e+00,1.72082501e+03
n064_nu0p010_s20261102,64,0.01,20261102,4.2000,1.95297253e-01,1.40532533e+00,1.40532533e-02,4.60153562e+00,1.73501917e+03
n064_nu0p010_s20261102,64,0.01,20261102,4.2200,1.94807790e-01,1.40577848e+00,1.40577848e-02,4.62233252e+00,1.74913448e+03
n064_nu0p010_s20261102,64,0.01,20261102,4.2400,1.94318135e-01,1.40618326e+00,1.40618326e-02,4.64291157e+00,1.76316570e+03
n064_nu0p010_s20261102,64,0.01,20261102,4.2600,1.93828300e-01,1.40653980e+00,1.40653980e-02,4.66326964e+00,1.77710760e+03
n064_nu0p010_s20261102,64,0.01,20261102,4.2800,1.93338300e-01,1.40684827e+00,1.40684827e-02,4.68340347e+00,1.79095496e+03
n064_nu0p010_s20261102,64,0.01,20261102,4.3000,1.92848149e-01,1.40710882e+00,1.40710882e-02,4.70330968e+00,1.80470257e+03
n064_nu0p010_s20261102,64,0.01,20261102,4.3200,1.92357860e-01,1.40732162e+00,1.40732162e-02,4.72298474e+00,1.81834523e+03
n064_nu0p010_s20261102,64,0.01,20261102,4.3400,1.91867447e-01,1.40748681e+00,1.40748681e-02,4.74242494e+00,1.83187781e+03
n064_nu0p010_s20261102,64,0.01,20261102,4.3600,1.91376924e-01,1.40760456e+00,1.40760456e-02,4.76162641e+00,1.84529519e+03
n064_nu0p010_s20261102,64,0.01,20261102,4.3800,1.90886303e-01,1.40767503e+00,1.40767503e-02,4.78058508e+00,1.85859232e+03
n064_nu0p010_s20261102,64,0.01,20261102,4.4000,1.90395598e-01,1.40769839e+00,1.40769839e-02,4.79929668e+00,1.87176419e+03
n064_nu0p010_s20261102,64,0.01,20261102,4.4200,1.89904822e-01,1.40767477e+00,1.40767477e-02,4.81775670e+00,1.88480586e+03
n064_nu0p010_s20261102,64,0.01,20261102,4.4400,1.89413987e-01,1.40760436e+00,1.40760436e-02,4.83596042e+00,1.89771248e+03
n064_nu0p010_s20261102,64,0.01,20261102,4.4600,1.88923106e-01,1.40748731e+00,1.40748731e-02,4.85390281e+00,1.91047925e+03
n064_nu0p010_s20261102,64,0.01,20261102,4.4800,1.88432193e-01,1.40732378e+00,1.40732378e-02,4.87157861e+00,1.92310145e+03
n064_nu0p010_s20261102,64,0.01,20261102,4.5000,1.87941259e-01,1.40711393e+00,1.40711393e-02,4.88898224e+00,1.93557448e+03
n064_nu0p010_s20261102,64,0.01,20261102,4.5200,1.87450317e-01,1.40685792e+00,1.40685792e-02,4.90610780e+00,1.94789379e+03
n064_nu0p010_s20261102,64,0.01,20261102,4.5400,1.86959379e-01,1.40655592e+00,1.40655592e-02,4.92294905e+00,1.96005495e+03
n064_nu0p010_s20261102,64,0.01,20261102,4.5600,1.86468457e-01,1.40620809e+00,1.40620809e-02,4.93949942e+00,1.97205363e+03
n064_nu0p010_s20261102,64,0.01,20261102,4.5800,1.85977563e-01,1.40581458e+00,1.40581458e-02,4.95575192e+00,1.98388558e+03
n064_nu0p010_s20261102,64,0.01,20261102,4.6000,1.85486710e-01,1.40537556e+00,1.40537556e-02,4.97169920e+00,1.99554668e+03
n064_nu0p010_s20261102,64,0.01,20261102,4.6200,1.84995908e-01,1.40489120e+00,1.40489120e-02,4.98733346e+00,2.00703290e+03
n064_nu0p010_s20261102,64,0.01,20261102,4.6400,1.84505170e-01,1.40436165e+00,1.40436165e-02,5.00264647e+00,2.01834033e+03
n064_nu0p010_s20261102,64,0.01,20261102,4.6600,1.84014506e-01,1.40378707e+00,1.40378707e-02,5.01762955e+00,2.02946518e+03
n064_nu0p010_s20261102,64,0.01,20261102,4.6800,1.83523930e-01,1.40316765e+00,1.40316765e-02,5.03227350e+00,2.04040374e+03
n064_nu0p010_s20261102,64,0.01,20261102,4.7000,1.83033450e-01,1.40250353e+00,1.40250353e-02,5.04656865e+00,2.05115245e+03
n064_nu0p010_s20261102,64,0.01,20261102,4.7200,1.82543080e-01,1.40179488e+00,1.40179488e-02,5.06050481e+00,2.06170785e+03
n064_nu0p010_s20261102,64,0.01,20261102,4.7400,1.82052830e-01,1.40104187e+00,1.40104187e-02,5.07407121e+00,2.07206661e+03
n064_nu0p010_s20261102,64,0.01,20261102,4.7600,1.81562711e-01,1.40024467e+00,1.40024467e-02,5.08725655e+00,2.08222551e+03
n064_nu0p010_s20261102,64,0.01,20261102,4.7800,1.81072734e-01,1.39940345e+00,1.39940345e-02,5.10004895e+00,2.09218145e+03
n064_nu0p010_s20261102,64,0.01,20261102,4.8000,1.80582910e-01,1.39851837e+00,1.39851837e-02,5.11243591e+00,2.10193145e+03
n064_nu0p010_s20261102,64,0.01,20261102,4.8200,1.80093249e-01,1.39758961e+00,1.39758961e-02,5.12440435e+00,2.11147267e+03
n064_nu0p010_s20261102,64,0.01,20261102,4.8400,1.79603763e-01,1.39661733e+00,1.39661733e-02,5.13594053e+00,2.12080237e+03
n064_nu0p010_s20261102,64,0.01,20261102,4.8600,1.79114461e-01,1.39560173e+00,1.39560173e-02,5.14703011e+00,2.12991793e+03
n064_nu0p010_s20261102,64,0.01,20261102,4.8800,1.78625354e-01,1.39454296e+00,1.39454296e-02,5.15765808e+00,2.13881689e+03
n064_nu0p010_s20261102,64,0.01,20261102,4.9000,1.78136453e-01,1.39344121e+00,1.39344121e-02,5.16780876e+00,2.14749688e+03
n064_nu0p010_s20261102,64,0.01,20261102,4.9200,1.77647768e-01,1.39229666e+00,1.39229666e-02,5.17746582e+00,2.15595565e+03
n064_nu0p010_s20261102,64,0.01,20261102,4.9400,1.77159309e-01,1.39110949e+00,1.39110949e-02,5.18661227e+00,2.16419111e+03
n064_nu0p010_s20261102,64,0.01,20261102,4.9600,1.76671087e-01,1.38987989e+00,1.38987989e-02,5.19523043e+00,2.17220127e+03
n064_nu0p010_s20261102,64,0.01,20261102,4.9800,1.76183111e-01,1.38860804e+00,1.38860804e-02,5.20330194e+00,2.17998427e+03
n064_nu0p010_s20261102,64,0.01,20261102,5.0000,1.75695391e-01,1.38729413e+00,1.38729413e-02,5.21080781e+00,2.18753838e+03
n064_nu0p010_s20261102,64,0.01,20261102,5.0200,1.75207938e-01,1.38593836e+00,1.38593836e-02,5.21772834e+00,2.19486197e+03
n064_nu0p010_s20261102,64,0.01,20261102,5.0400,1.74720762e-01,1.38454093e+00,1.38454093e-02,5.22404319e+00,2.20195358e+03
n064_nu0p010_s20261102,64,0.01,20261102,5.0600,1.74233871e-01,1.38310202e+00,1.38310202e-02,5.22973140e+00,2.20881184e+03
n064_nu0p010_s20261102,64,0.01,20261102,5.0800,1.73747278e-01,1.38162185e+00,1.38162185e-02,5.23477133e+00,2.21543551e+03
n064_nu0p010_s20261102,64,0.01,20261102,5.1000,1.73260990e-01,1.38010062e+00,1.38010062e-02,5.23964749e+00,2.22182348e+03
n064_nu0p010_s20261102,64,0.01,20261102,5.1200,1.72775018e-01,1.37853854e+00,1.37853854e-02,5.25074064e+00,2.22797475e+03
n064_nu0p010_s20261102,64,0.01,20261102,5.1400,1.72289372e-01,1.37693582e+00,1.37693582e-02,5.26026551e+00,2.23388847e+03
n064_nu0p010_s20261102,64,0.01,20261102,5.1600,1.71804061e-01,1.37529269e+00,1.37529269e-02,5.27035958e+00,2.23956387e+03
n064_nu0p010_s20261102,64,0.01,20261102,5.1800,1.71319096e-01,1.37360935e+00,1.37360935e-02,5.28361065e+00,2.24500032e+03
n064_nu0p010_s20261102,64,0.01,20261102,5.2000,1.70834485e-01,1.37188604e+00,1.37188604e-02,5.30057618e+00,2.25019731e+03
n064_nu0p010_s20261102,64,0.01,20261102,5.2200,1.70350239e-01,1.37012298e+00,1.37012298e-02,5.32190553e+00,2.25515444e+03
n064_nu0p010_s20261102,64,0.01,20261102,5.2400,1.69866367e-01,1.36832042e+00,1.36832042e-02,5.34292088e+00,2.25987142e+03
n064_nu0p010_s20261102,64,0.01,20261102,5.2600,1.69382878e-01,1.36647859e+00,1.36647859e-02,5.36362112e+00,2.26434807e+03
n064_nu0p010_s20261102,64,0.01,20261102,5.2800,1.68899784e-01,1.36459773e+00,1.36459773e-02,5.38400524e+00,2.26858434e+03
n064_nu0p010_s20261102,64,0.01,20261102,5.3000,1.68417092e-01,1.36267809e+00,1.36267809e-02,5.40407229e+00,2.27258025e+03
n064_nu0p010_s20261102,64,0.01,20261102,5.3200,1.67934814e-01,1.36071994e+00,1.36071994e-02,5.42382135e+00,2.27633597e+03
n064_nu0p010_s20261102,64,0.01,20261102,5.3400,1.67452957e-01,1.35872351e+00,1.35872351e-02,5.44325156e+00,2.27985173e+03
n064_nu0p010_s20261102,64,0.01,20261102,5.3600,1.66971534e-01,1.35668910e+00,1.35668910e-02,5.46236208e+00,2.28312788e+03
n064_nu0p010_s20261102,64,0.01,20261102,5.3800,1.66490552e-01,1.35461695e+00,1.35461695e-02,5.48115210e+00,2.28616488e+03
n064_nu0p010_s20261102,64,0.01,20261102,5.4000,1.66010021e-01,1.35250735e+00,1.35250735e-02,5.49962083e+00,2.28896325e+03
n064_nu0p010_s20261102,64,0.01,20261102,5.4200,1.65529953e-01,1.35036058e+00,1.35036058e-02,5.51776745e+00,2.29152364e+03
n064_nu0p010_s20261102,64,0.01,20261102,5.4400,1.65050355e-01,1.34817693e+00,1.34817693e-02,5.53559119e+00,2.29384677e+03
n064_nu0p010_s20261102,64,0.01,20261102,5.4600,1.64571239e-01,1.34595670e+00,1.34595670e-02,5.55309121e+00,2.29593345e+03
n064_nu0p010_s20261102,64,0.01,20261102,5.4800,1.64092613e-01,1.34370017e+00,1.34370017e-02,5.57026668e+00,2.29778456e+03
n064_nu0p010_s20261102,64,0.01,20261102,5.5000,1.63614488e-01,1.34140767e+00,1.34140767e-02,5.58711671e+00,2.29940109e+03
n064_nu0p010_s20261102,64,0.01,20261102,5.5200,1.63136874e-01,1.33907949e+00,1.33907949e-02,5.60364040e+00,2.30078410e+03
n064_nu0p010_s20261102,64,0.01,20261102,5.5400,1.62659780e-01,1.33671597e+00,1.33671597e-02,5.61983675e+00,2.30193472e+03
n064_nu0p010_s20261102,64,0.01,20261102,5.5600,1.62183217e-01,1.33431743e+00,1.33431743e-02,5.63570473e+00,2.30285414e+03
n064_nu0p010_s20261102,64,0.01,20261102,5.5800,1.61707194e-01,1.33188419e+00,1.33188419e-02,5.65124321e+00,2.30354366e+03
n064_nu0p010_s20261102,64,0.01,20261102,5.6000,1.61231722e-01,1.32941661e+00,1.32941661e-02,5.66645100e+00,2.30400463e+03
n064_nu0p010_s20261102,64,0.01,20261102,5.6200,1.60756811e-01,1.32691502e+00,1.32691502e-02,5.68132680e+00,2.30423846e+03
n064_nu0p010_s20261102,64,0.01,20261102,5.6400,1.60282471e-01,1.32437977e+00,1.32437977e-02,5.69586922e+00,2.30424664e+03
n064_nu0p010_s20261102,64,0.01,20261102,5.6600,1.59808711e-01,1.32181124e+00,1.32181124e-02,5.71007674e+00,2.30403072e+03
n064_nu0p010_s20261102,64,0.01,20261102,5.6800,1.59335543e-01,1.31920977e+00,1.31920977e-02,5.72394773e+00,2.30359231e+03
n064_nu0p010_s20261102,64,0.01,20261102,5.7000,1.58862977e-01,1.31657575e+00,1.31657575e-02,5.73748044e+00,2.30293309e+03
n064_nu0p010_s20261102,64,0.01,20261102,5.7200,1.58391023e-01,1.31390956e+00,1.31390956e-02,5.75067297e+00,2.30205478e+03
n064_nu0p010_s20261102,64,0.01,20261102,5.7400,1.57919690e-01,1.31121158e+00,1.31121158e-02,5.76352326e+00,2.30095918e+03
n064_nu0p010_s20261102,64,0.01,20261102,5.7600,1.57448991e-01,1.30848220e+00,1.30848220e-02,5.77602913e+00,2.29964814e+03
n064_nu0p010_s20261102,64,0.01,20261102,5.7800,1.56978934e-01,1.30572182e+00,1.30572182e-02,5.78818821e+00,2.29812354e+03
n064_nu0p010_s20261102,64,0.01,20261102,5.8000,1.56509530e-01,1.30293085e+00,1.30293085e-02,5.79999798e+00,2.29638736e+03
n064_nu0p010_s20261102,64,0.01,20261102,5.8200,1.56040791e-01,1.30010971e+00,1.30010971e-02,5.81145573e+00,2.29444159e+03
n064_nu0p010_s20261102,64,0.01,20261102,5.8400,1.55572726e-01,1.29725880e+00,1.29725880e-02,5.82255857e+00,2.29228829e+03
n064_nu0p010_s20261102,64,0.01,20261102,5.8600,1.55105346e-01,1.29437855e+00,1.29437855e-02,5.83330343e+00,2.28992956e+03
n064_nu0p010_s20261102,64,0.01,20261102,5.8800,1.54638662e-01,1.29146940e+00,1.29146940e-02,5.84368704e+00,2.28736755e+03
n064_nu0p010_s20261102,64,0.01,20261102,5.9000,1.54172683e-01,1.28853178e+00,1.28853178e-02,5.85370594e+00,2.28460447e+03
n064_nu0p010_s20261102,64,0.01,20261102,5.9200,1.53707421e-01,1.28556612e+00,1.28556612e-02,5.86335645e+00,2.28164255e+03
n064_nu0p010_s20261102,64,0.01,20261102,5.9400,1.53242886e-01,1.28257288e+00,1.28257288e-02,5.87263471e+00,2.27848407e+03
n064_nu0p010_s20261102,64,0.01,20261102,5.9600,1.52779089e-01,1.27955251e+00,1.27955251e-02,5.88153662e+00,2.27513137e+03
n064_nu0p010_s20261102,64,0.01,20261102,5.9800,1.52316040e-01,1.27650546e+00,1.27650546e-02,5.89005790e+00,2.27158681e+03
n064_nu0p010_s20261102,64,0.01,20261102,6.0000,1.51853750e-01,1.27343219e+00,1.27343219e-02,5.89819403e+00,2.26785278e+03
n064_nu0p010_s20261104,64,0.01,20261104,0.0000,2.84136881e-01,9.69616658e-01,9.69616658e-03,2.66869889e+00,3.99922247e+02
n064_nu0p010_s20261104,64,0.01,20261104,0.0200,2.83724654e-01,9.66311437e-01,9.66311437e-03,2.66260296e+00,3.84857030e+02
n064_nu0p010_s20261104,64,0.01,20261104,0.0400,2.83314018e-01,9.63164086e-01,9.63164086e-03,2.65484328e+00,3.71012136e+02
n064_nu0p010_s20261104,64,0.01,20261104,0.0600,2.82904907e-01,9.60167876e-01,9.60167876e-03,2.64550895e+00,3.58260884e+02
n064_nu0p010_s20261104,64,0.01,20261104,0.0800,2.82497260e-01,9.57316826e-01,9.57316826e-03,2.63469092e+00,3.46493747e+02
n064_nu0p010_s20261104,64,0.01,20261104,0.1000,2.82091031e-01,9.54605696e-01,9.54605696e-03,2.62248075e+00,3.35616444e+02
n064_nu0p010_s20261104,64,0.01,20261104,0.1200,2.81686180e-01,9.52029959e-01,9.52029959e-03,2.60896954e+00,3.25547917e+02
n064_nu0p010_s20261104,64,0.01,20261104,0.1400,2.81282679e-01,9.49585735e-01,9.49585735e-03,2.59424696e+00,3.16218310e+02
n064_nu0p010_s20261104,64,0.01,20261104,0.1600,2.80880505e-01,9.47269722e-01,9.47269722e-03,2.58432854e+00,3.07567066e+02
n064_nu0p010_s20261104,64,0.01,20261104,0.1800,2.80479643e-01,9.45079112e-01,9.45079112e-03,2.57483642e+00,2.99541249e+02
n064_nu0p010_s20261104,64,0.01,20261104,0.2000,2.80080084e-01,9.43011498e-01,9.43011498e-03,2.56403940e+00,2.92094131e+02
n064_nu0p010_s20261104,64,0.01,20261104,0.2200,2.79681820e-01,9.41064791e-01,9.41064791e-03,2.55509432e+00,2.85184079e+02
n064_nu0p010_s20261104,64,0.01,20261104,0.2400,2.79284847e-01,9.39237137e-01,9.39237137e-03,2.54572582e+00,2.78773687e+02
n064_nu0p010_s20261104,64,0.01,20261104,0.2600,2.78889161e-01,9.37526845e-01,9.37526845e-03,2.53516473e+00,2.72829118e+02
n064_nu0p010_s20261104,64,0.01,20261104,0.2800,2.78494757e-01,9.35932316e-01,9.35932316e-03,2.52347050e+00,2.67319588e+02
n064_nu0p010_s20261104,64,0.01,20261104,0.3000,2.78101626e-01,9.34451999e-01,9.34451999e-03,2.51070670e+00,2.62216966e+02
n064_nu0p010_s20261104,64,0.01,20261104,0.3200,2.77709759e-01,9.33084342e-01,9.33084342e-03,2.49694062e+00,2.57495430e+02
n064_nu0p010_s20261104,64,0.01,20261104,0.3400,2.77319141e-01,9.31827760e-01,9.31827760e-03,2.48713623e+00,2.53131181e+02
n064_nu0p010_s20261104,64,0.01,20261104,0.3600,2.76929753e-01,9.30680618e-01,9.30680618e-03,2.48133700e+00,2.49102208e+02
n064_nu0p010_s20261104,64,0.01,20261104,0.3800,2.76541573e-01,9.29641216e-01,9.29641216e-03,2.47439331e+00,2.45388096e+02
n064_nu0p010_s20261104,64,0.01,20261104,0.4000,2.76154572e-01,9.28707785e-01,9.28707785e-03,2.46635027e+00,2.41969880e+02
n064_nu0p010_s20261104,64,0.01,20261104,0.4200,2.75768718e-01,9.27878494e-01,9.27878494e-03,2.45725330e+00,2.38829944e+02
n064_nu0p010_s20261104,64,0.01,20261104,0.4400,2.75383973e-01,9.27151455e-01,9.27151455e-03,2.44714871e+00,2.35951950e+02
n064_nu0p010_s20261104,64,0.01,20261104,0.4600,2.75000296e-01,9.26524741e-01,9.26524741e-03,2.43608403e+00,2.33320787e+02
n064_nu0p010_s20261104,64,0.01,20261104,0.4800,2.74617642e-01,9.25996395e-01,9.25996395e-03,2.42410831e+00,2.30922533e+02
n064_nu0p010_s20261104,64,0.01,20261104,0.5000,2.74235963e-01,9.25564450e-01,9.25564450e-03,2.41127230e+00,2.28744409e+02
n064_nu0p010_s20261104,64,0.01,20261104,0.5200,2.73855207e-01,9.25226940e-01,9.25226940e-03,2.39762838e+00,2.26774728e+02
n064_nu0p010_s20261104,64,0.01,20261104,0.5400,2.73475323e-01,9.24981919e-01,9.24981919e-03,2.38323054e+00,2.25002832e+02
n064_nu0p010_s20261104,64,0.01,20261104,0.5600,2.73096256e-01,9.24827467e-01,9.24827467e-03,2.36813413e+00,2.23419019e+02
n064_nu0p010_s20261104,64,0.01,20261104,0.5800,2.72717949e-01,9.24761702e-01,9.24761702e-03,2.35239558e+00,2.22014466e+02
n064_nu0p010_s20261104,64,0.01,20261104,0.6000,2.72340348e-01,9.24782787e-01,9.24782787e-03,2.33607207e+00,2.20781140e+02
n064_nu0p010_s20261104,64,0.01,20261104,0.6200,2.71963394e-01,9.24888930e-01,9.24888930e-03,2.31922115e+00,2.19711726e+02
n064_nu0p010_s20261104,64,0.01,20261104,0.6400,2.71587034e-01,9.25078392e-01,9.25078392e-03,2.30190031e+00,2.18799537e+02
n064_nu0p010_s20261104,64,0.01,20261104,0.6600,2.71211210e-01,9.25349483e-01,9.25349483e-03,2.28435010e+00,2.18038448e+02
n064_nu0p010_s20261104,64,0.01,20261104,0.6800,2.70835868e-01,9.25700563e-01,9.25700563e-03,2.27040697e+00,2.17422828e+02
n064_nu0p010_s20261104,64,0.01,20261104,0.7000,2.70460956e-01,9.26130040e-01,9.26130040e-03,2.25594483e+00,2.16947483e+02
n064_nu0p010_s20261104,64,0.01,20261104,0.7200,2.70086421e-01,9.26636369e-01,9.26636369e-03,2.24101306e+00,2.16607605e+02
n064_nu0p010_s20261104,64,0.01,20261104,0.7400,2.69712212e-01,9.27218049e-01,9.27218049e-03,2.22566038e+00,2.16398724e+02
n064_nu0p010_s20261104,64,0.01,20261104,0.7600,2.69338281e-01,9.27873622e-01,9.27873622e-03,2.20993465e+00,2.16316672e+02
n064_nu0p010_s20261104,64,0.01,20261104,0.7800,2.68964581e-01,9.28601672e-01,9.28601672e-03,2.19539018e+00,2.16357540e+02
n064_nu0p010_s20261104,64,0.01,20261104,0.8000,2.68591067e-01,9.29400823e-01,9.29400823e-03,2.18107549e+00,2.16517641e+02
n064_nu0p010_s20261104,64,0.01,20261104,0.8200,2.68217697e-01,9.30269743e-01,9.30269743e-03,2.16631909e+00,2.16793479e+02
n064_nu0p010_s20261104,64,0.01,20261104,0.8400,2.67844430e-01,9.31207138e-01,9.31207138e-03,2.15116230e+00,2.17181720e+02
n064_nu0p010_s20261104,64,0.01,20261104,0.8600,2.67471229e-01,9.32211758e-01,9.32211758e-03,2.13564743e+00,2.17679169e+02
n064_nu0p010_s20261104,64,0.01,20261104,0.8800,2.67098056e-01,9.33282396e-01,9.33282396e-03,2.11981737e+00,2.18282767e+02
n064_nu0p010_s20261104,64,0.01,20261104,0.9000,2.66724879e-01,9.34417889e-01,9.34417889e-03,2.10371525e+00,2.18989589e+02
n064_nu0p010_s20261104,64,0.01,20261104,0.9200,2.66351665e-01,9.35617117e-01,9.35617117e-03,2.08869188e+00,2.19796867e+02
n064_nu0p010_s20261104,64,0.01,20261104,0.9400,2.65978387e-01,9.36879007e-01,9.36879007e-03,2.07531055e+00,2.20702015e+02
n064_nu0p010_s20261104,64,0.01,20261104,0.9600,2.65605016e-01,9.38202532e-01,9.38202532e-03,2.06162029e+00,2.21702668e+02
n064_nu0p010_s20261104,64,0.01,20261104,0.9800,2.65231528e-01,9.39586709e-01,9.39586709e-03,2.04765647e+00,2.22796723e+02
n064_nu0p010_s20261104,64,0.01,20261104,1.0000,2.64857900e-01,9.41030601e-01,9.41030601e-03,2.03345458e+00,2.23982373e+02
n064_nu0p010_s20261104,64,0.01,20261104,1.0200,2.64484112e-01,9.42533312e-01,9.42533312e-03,2.01905011e+00,2.25258134e+02
n064_nu0p010_s20261104,64,0.01,20261104,1.0400,2.64110143e-01,9.44093991e-01,9.44093991e-03,2.00447829e+00,2.26622852e+02
n064_nu0p010_s20261104,64,0.01,20261104,1.0600,2.63735978e-01,9.45711826e-01,9.45711826e-03,1.98977394e+00,2.28075691e+02
n064_nu0p010_s20261104,64,0.01,20261104,1.0800,2.63361600e-01,9.47386040e-01,9.47386040e-03,1.97497128e+00,2.29616100e+02
n064_nu0p010_s20261104,64,0.01,20261104,1.1000,2.62986996e-01,9.49115894e-01,9.49115894e-03,1.97441952e+00,2.31243761e+02
n064_nu0p010_s20261104,64,0.01,20261104,1.1200,2.62612152e-01,9.50900680e-01,9.50900680e-03,1.98153898e+00,2.32958520e+02
n064_nu0p010_s20261104,64,0.01,20261104,1.1400,2.62237057e-01,9.52739720e-01,9.52739720e-03,1.98849897e+00,2.34760315e+02
n064_nu0p010_s20261104,64,0.01,20261104,1.1600,2.61861701e-01,9.54632361e-01,9.54632361e-03,1.99528373e+00,2.36649104e+02
n064_nu0p010_s20261104,64,0.01,20261104,1.1800,2.61486075e-01,9.56577976e-01,9.56577976e-03,2.00187875e+00,2.38624807e+02
n064_nu0p010_s20261104,64,0.01,20261104,1.2000,2.61110169e-01,9.58575959e-01,9.58575959e-03,2.00827082e+00,2.40687262e+02
n064_nu0p010_s20261104,64,0.01,20261104,1.2200,2.60733976e-01,9.60625722e-01,9.60625722e-03,2.01444799e+00,2.42836210e+02
n064_nu0p010_s20261104,64,0.01,20261104,1.2400,2.60357488e-01,9.62726695e-01,9.62726695e-03,2.02039962e+00,2.45071300e+02
n064_nu0p010_s20261104,64,0.01,20261104,1.2600,2.59980700e-01,9.64878323e-01,9.64878323e-03,2.02611634e+00,2.47392118e+02
n064_nu0p010_s20261104,64,0.01,20261104,1.2800,2.59603606e-01,9.67080065e-01,9.67080065e-03,2.03158995e+00,2.49798229e+02
n064_nu0p010_s20261104,64,0.01,20261104,1.3000,2.59226198e-01,9.69331389e-01,9.69331389e-03,2.03681345e+00,2.52289223e+02
n064_nu0p010_s20261104,64,0.01,20261104,1.3200,2.58848473e-01,9.71631775e-01,9.71631775e-03,2.04178096e+00,2.54864767e+02
n064_nu0p010_s20261104,64,0.01,20261104,1.3400,2.58470424e-01,9.73980710e-01,9.73980710e-03,2.04648764e+00,2.57524640e+02
n064_nu0p010_s20261104,64,0.01,20261104,1.3600,2.58092047e-01,9.76377687e-01,9.76377687e-03,2.05119721e+00,2.60268752e+02
n064_nu0p010_s20261104,64,0.01,20261104,1.3800,2.57713335e-01,9.78822203e-01,9.78822203e-03,2.05649878e+00,2.63097145e+02
n064_nu0p010_s20261104,64,0.01,20261104,1.4000,2.57334286e-01,9.81313759e-01,9.81313759e-03,2.06144698e+00,2.66009969e+02
n064_nu0p010_s20261104,64,0.01,20261104,1.4200,2.56954892e-01,9.83851854e-01,9.83851854e-03,2.06604293e+00,2.69007444e+02
n064_nu0p010_s20261104,64,0.01,20261104,1.4400,2.56575150e-01,9.86435990e-01,9.86435990e-03,2.07028888e+00,2.72089803e+02
n064_nu0p010_s20261104,64,0.01,20261104,1.4600,2.56195054e-01,9.89065664e-01,9.89065664e-03,2.07418804e+00,2.75257233e+02
n064_nu0p010_s20261104,64,0.01,20261104,1.4800,2.55814598e-01,9.91740367e-01,9.91740367e-03,2.08176328e+00,2.78509813e+02
n064_nu0p010_s20261104,64,0.01,20261104,1.5000,2.55433778e-01,9.94459588e-01,9.94459588e-03,2.09571778e+00,2.81847458e+02
n064_nu0p010_s20261104,64,0.01,20261104,1.5200,2.55052587e-01,9.97222806e-01,9.97222806e-03,2.10946721e+00,2.85269877e+02
n064_nu0p010_s20261104,64,0.01,20261104,1.5400,2.54671020e-01,1.00002949e+00,1.00002949e-02,2.12302087e+00,2.88776550e+02
n064_nu0p010_s20261104,64,0.01,20261104,1.5600,2.54289071e-01,1.00287911e+00,1.00287911e-02,2.13638859e+00,2.92366724e+02
n064_nu0p010_s20261104,64,0.01,20261104,1.5800,2.53906734e-01,1.00577110e+00,1.00577110e-02,2.14958063e+00,2.96039426e+02
n064_nu0p010_s20261104,64,0.01,20261104,1.6000,2.53524003e-01,1.00870492e+00,1.00870492e-02,2.16260739e+00,2.99793507e+02
n064_nu0p010_s20261104,64,0.01,20261104,1.6200,2.53140870e-01,1.01167998e+00,1.01167998e-02,2.17677108e+00,3.03627691e+02
n064_nu0p010_s20261104,64,0.01,20261104,1.6400,2.52757330e-01,1.01469570e+00,1.01469570e-02,2.19266321e+00,3.07540655e+02
n064_nu0p010_s20261104,64,0.01,20261104,1.6600,2.52373375e-01,1.01775147e+00,1.01775147e-02,2.20831377e+00,3.11531108e+02
n064_nu0p010_s20261104,64,0.01,20261104,1.6800,2.51988999e-01,1.02084669e+00,1.02084669e-02,2.22373045e+00,3.15597887e+02
n064_nu0p010_s20261104,64,0.01,20261104,1.7000,2.51604194e-01,1.02398073e+00,1.02398073e-02,2.23892161e+00,3.19740055e+02
n064_nu0p010_s20261104,64,0.01,20261104,1.7200,2.51218953e-01,1.02715293e+00,1.02715293e-02,2.25389611e+00,3.23957004e+02
n064_nu0p010_s20261104,64,0.01,20261104,1.7400,2.50833269e-01,1.03036264e+00,1.03036264e-02,2.26866311e+00,3.28248546e+02
n064_nu0p010_s20261104,64,0.01,20261104,1.7600,2.50447134e-01,1.03360917e+00,1.03360917e-02,2.28323197e+00,3.32615004e+02
n064_nu0p010_s20261104,64,0.01,20261104,1.7800,2.50060540e-01,1.03689184e+00,1.03689184e-02,2.29761208e+00,3.37057292e+02
n064_nu0p010_s20261104,64,0.01,20261104,1.8000,2.49673480e-01,1.04020992e+00,1.04020992e-02,2.31181275e+00,3.41576978e+02
n064_nu0p010_s20261104,64,0.01,20261104,1.8200,2.49285945e-01,1.04356269e+00,1.04356269e-02,2.32584307e+00,3.46176332e+02
n064_nu0p010_s20261104,64,0.01,20261104,1.8400,2.48897929e-01,1.04694939e+00,1.04694939e-02,2.33971183e+00,3.50858355e+02
n064_nu0p010_s20261104,64,0.01,20261104,1.8600,2.48509422e-01,1.05036924e+00,1.05036924e-02,2.35489902e+00,3.55626784e+02
n064_nu0p010_s20261104,64,0.01,20261104,1.8800,2.48120416e-01,1.05382147e+00,1.05382147e-02,2.37062309e+00,3.60486075e+02
n064_nu0p010_s20261104,64,0.01,20261104,1.9000,2.47730904e-01,1.05730524e+00,1.05730524e-02,2.38615548e+00,3.65441369e+02
n064_nu0p010_s20261104,64,0.01,20261104,1.9200,2.47340877e-01,1.06081973e+00,1.06081973e-02,2.40150828e+00,3.70498432e+02
n064_nu0p010_s20261104,64,0.01,20261104,1.9400,2.46950326e-01,1.06436407e+00,1.06436407e-02,2.41669344e+00,3.75663572e+02
n064_nu0p010_s20261104,64,0.01,20261104,1.9600,2.46559244e-01,1.06793738e+00,1.06793738e-02,2.43172272e+00,3.80943546e+02
n064_nu0p010_s20261104,64,0.01,20261104,1.9800,2.46167622e-01,1.07153875e+00,1.07153875e-02,2.44660750e+00,3.86345448e+02
n064_nu0p010_s20261104,64,0.01,20261104,2.0000,2.45775451e-01,1.07516726e+00,1.07516726e-02,2.46223546e+00,3.91876591e+02
n064_nu0p010_s20261104,64,0.01,20261104,2.0200,2.45382724e-01,1.07882194e+00,1.07882194e-02,2.47939933e+00,3.97544375e+02
n064_nu0p010_s20261104,64,0.01,20261104,2.0400,2.44989431e-01,1.08250183e+00,1.08250183e-02,2.49634098e+00,4.03356167e+02
n064_nu0p010_s20261104,64,0.01,20261104,2.0600,2.44595564e-01,1.08620592e+00,1.08620592e-02,2.51307181e+00,4.09319167e+02
n064_nu0p010_s20261104,64,0.01,20261104,2.0800,2.44201114e-01,1.08993317e+00,1.08993317e-02,2.52960319e+00,4.15440293e+02
n064_nu0p010_s20261104,64,0.01,20261104,2.1000,2.43806074e-01,1.09368256e+00,1.09368256e-02,2.54594626e+00,4.21726068e+02
n064_nu0p010_s20261104,64,0.01,20261104,2.1200,2.43410434e-01,1.09745300e+00,1.09745300e-02,2.56211179e+00,4.28182519e+02
n064_nu0p010_s20261104,64,0.01,20261104,2.1400,2.43014186e-01,1.10124341e+00,1.10124341e-02,2.57811001e+00,4.34815095e+02
n064_nu0p010_s20261104,64,0.01,20261104,2.1600,2.42617322e-01,1.10505268e+00,1.10505268e-02,2.59395054e+00,4.41628590e+02
n064_nu0p010_s20261104,64,0.01,20261104,2.1800,2.42219833e-01,1.10887967e+00,1.10887967e-02,2.60964223e+00,4.48627091e+02
n064_nu0p010_s20261104,64,0.01,20261104,2.2000,2.41821711e-01,1.11272325e+00,1.11272325e-02,2.62519311e+00,4.55813934e+02
n064_nu0p010_s20261104,64,0.01,20261104,2.2200,2.41422948e-01,1.11658226e+00,1.11658226e-02,2.64080704e+00,4.63191680e+02
n064_nu0p010_s20261104,64,0.01,20261104,2.2400,2.41023535e-01,1.12045551e+00,1.12045551e-02,2.65823901e+00,4.70762095e+02
n064_nu0p010_s20261104,64,0.01,20261104,2.2600,2.40623464e-01,1.12434182e+00,1.12434182e-02,2.67546829e+00,4.78526156e+02
n064_nu0p010_s20261104,64,0.01,20261104,2.2800,2.40222729e-01,1.12823999e+00,1.12823999e-02,2.69250651e+00,4.86484054e+02
n064_nu0p010_s20261104,64,0.01,20261104,2.3000,2.39821319e-01,1.13214882e+00,1.13214882e-02,2.70936454e+00,4.94635220e+02
n064_nu0p010_s20261104,64,0.01,20261104,2.3200,2.39419228e-01,1.13606707e+00,1.13606707e-02,2.72605234e+00,5.02978343e+02
n064_nu0p010_s20261104,64,0.01,20261104,2.3400,2.39016448e-01,1.13999355e+00,1.13999355e-02,2.74257885e+00,5.11511412e+02
n064_nu0p010_s20261104,64,0.01,20261104,2.3600,2.38612972e-01,1.14392700e+00,1.14392700e-02,2.75895191e+00,5.20231750e+02
n064_nu0p010_s20261104,64,0.01,20261104,2.3800,2.38208791e-01,1.14786621e+00,1.14786621e-02,2.77517819e+00,5.29136059e+02
n064_nu0p010_s20261104,64,0.01,20261104,2.4000,2.37803899e-01,1.15180994e+00,1.15180994e-02,2.79126317e+00,5.38220469e+02
n064_nu0p010_s20261104,64,0.01,20261104,2.4200,2.37398289e-01,1.15575695e+00,1.15575695e-02,2.80721116e+00,5.47480584e+02
n064_nu0p010_s20261104,64,0.01,20261104,2.4400,2.36991954e-01,1.15970602e+00,1.15970602e-02,2.82364993e+00,5.56911537e+02
n064_nu0p010_s20261104,64,0.01,20261104,2.4600,2.36584886e-01,1.16365591e+00,1.16365591e-02,2.84222071e+00,5.66508045e+02
n064_nu0p010_s20261104,64,0.01,20261104,2.4800,2.36177080e-01,1.16760541e+00,1.16760541e-02,2.86071554e+00,5.76264461e+02
n064_nu0p010_s20261104,64,0.01,20261104,2.5000,2.35768529e-01,1.17155327e+00,1.17155327e-02,2.87913944e+00,5.86174831e+02
n064_nu0p010_s20261104,64,0.01,20261104,2.5200,2.35359227e-01,1.17549830e+00,1.17549830e-02,2.89750174e+00,5.96232951e+02
n064_nu0p010_s20261104,64,0.01,20261104,2.5400,2.34949168e-01,1.17943929e+00,1.17943929e-02,2.91581013e+00,6.06432420e+02
n064_nu0p010_s20261104,64,0.01,20261104,2.5600,2.34538346e-01,1.18337503e+00,1.18337503e-02,2.93407069e+00,6.16766699e+02
n064_nu0p010_s20261104,64,0.01,20261104,2.5800,2.34126756e-01,1.18730435e+00,1.18730435e-02,2.95228782e+00,6.27229164e+02
n064_nu0p010_s20261104,64,0.01,20261104,2.6000,2.33714392e-01,1.19122605e+00,1.19122605e-02,2.97046429e+00,6.37813156e+02
n064_nu0p010_s20261104,64,0.01,20261104,2.6200,2.33301250e-01,1.19513899e+00,1.19513899e-02,2.98860125e+00,6.48512035e+02
n064_nu0p010_s20261104,64,0.01,20261104,2.6400,2.32887324e-01,1.19904200e+00,1.19904200e-02,3.00669832e+00,6.59319228e+02
n064_nu0p010_s20261104,64,0.01,20261104,2.6600,2.32472611e-01,1.20293395e+00,1.20293395e-02,3.02475367e+00,6.70228272e+02
n064_nu0p010_s20261104,64,0.01,20261104,2.6800,2.32057105e-01,1.20681372e+00,1.20681372e-02,3.04276412e+00,6.81232856e+02
n064_nu0p010_s20261104,64,0.01,20261104,2.7000,2.31640804e-01,1.21068020e+00,1.21068020e-02,3.06072530e+00,6.92326859e+02
n064_nu0p010_s20261104,64,0.01,20261104,2.7200,2.31223702e-01,1.21453231e+00,1.21453231e-02,3.07863173e+00,7.03504385e+02
n064_nu0p010_s20261104,64,0.01,20261104,2.7400,2.30805798e-01,1.21836896e+00,1.21836896e-02,3.09647700e+00,7.14759789e+02
n064_nu0p010_s20261104,64,0.01,20261104,2.7600,2.30387087e-01,1.22218912e+00,1.22218912e-02,3.11425391e+00,7.26087702e+02
n064_nu0p010_s20261104,64,0.01,20261104,2.7800,2.29967568e-01,1.22599173e+00,1.22599173e-02,3.13195458e+00,7.37483051e+02
n064_nu0p010_s20261104,64,0.01,20261104,2.8000,2.29547237e-01,1.22977580e+00,1.22977580e-02,3.15024317e+00,7.48941072e+02
n064_nu0p010_s20261104,64,0.01,20261104,2.8200,2.29126092e-01,1.23354032e+00,1.23354032e-02,3.17151234e+00,7.60457323e+02
n064_nu0p010_s20261104,64,0.01,20261104,2.8400,2.28704132e-01,1.23728431e+00,1.23728431e-02,3.19283192e+00,7.72027682e+02
n064_nu0p010_s20261104,64,0.01,20261104,2.8600,2.28281354e-01,1.24100683e+00,1.24100683e-02,3.21419588e+00,7.83648358e+02
n064_nu0p010_s20261104,64,0.01,20261104,2.8800,2.27857758e-01,1.24470694e+00,1.24470694e-02,3.23559637e+00,7.95315881e+02
n064_nu0p010_s20261104,64,0.01,20261104,2.9000,2.27433342e-01,1.24838373e+00,1.24838373e-02,3.25702377e+00,8.07027099e+02
n064_nu0p010_s20261104,64,0.01,20261104,2.9200,2.27008107e-01,1.25203630e+00,1.25203630e-02,3.27846687e+00,8.18779165e+02
n064_nu0p010_s20261104,64,0.01,20261104,2.9400,2.26582050e-01,1.25566379e+00,1.25566379e-02,3.29991297e+00,8.30569532e+02
n064_nu0p010_s20261104,64,0.01,20261104,2.9600,2.26155173e-01,1.25926536e+00,1.25926536e-02,3.32134796e+00,8.42395935e+02
n064_nu0p010_s20261104,64,0.01,20261104,2.9800,2.25727476e-01,1.26284017e+00,1.26284017e-02,3.34275653e+00,8.54256375e+02
n064_nu0p010_s20261104,64,0.01,20261104,3.0000,2.25298959e-01,1.26638742e+00,1.26638742e-02,3.36412222e+00,8.66149105e+02
n064_nu0p010_s20261104,64,0.01,20261104,3.0200,2.24869623e-01,1.26990634e+00,1.26990634e-02,3.38542754e+00,8.78072614e+02
n064_nu0p010_s20261104,64,0.01,20261104,3.0400,2.24439470e-01,1.27339615e+00,1.27339615e-02,3.40665412e+00,8.90025606e+02
n064_nu0p010_s20261104,64,0.01,20261104,3.0600,2.24008500e-01,1.27685613e+00,1.27685613e-02,3.42778271e+00,9.02006986e+02
n064_nu0p010_s20261104,64,0.01,20261104,3.0800,2.23576715e-01,1.28028556e+00,1.28028556e-02,3.44879335e+00,9.14015843e+02
n064_nu0p010_s20261104,64,0.01,20261104,3.1000,2.23144118e-01,1.28368373e+00,1.28368373e-02,3.46966534e+00,9.26051432e+02
n064_nu0p010_s20261104,64,0.01,20261104,3.1200,2.22710711e-01,1.28704998e+00,1.28704998e-02,3.49037733e+00,9.38113157e+02
n064_nu0p010_s20261104,64,0.01,20261104,3.1400,2.22276497e-01,1.29038365e+00,1.29038365e-02,3.51090732e+00,9.50200561e+02
n064_nu0p010_s20261104,64,0.01,20261104,3.1600,2.21841478e-01,1.29368412e+00,1.29368412e-02,3.53123265e+00,9.62313305e+02
n064_nu0p010_s20261104,64,0.01,20261104,3.1800,2.21405658e-01,1.29695076e+00,1.29695076e-02,3.55133002e+00,9.74451159e+02
n064_nu0p010_s20261104,64,0.01,20261104,3.2000,2.20969039e-01,1.30018298e+00,1.30018298e-02,3.57117542e+00,9.86613988e+02
n064_nu0p010_s20261104,64,0.01,20261104,3.2200,2.20531627e-01,1.30338022e+00,1.30338022e-02,3.59074413e+00,9.98801738e+02
n064_nu0p010_s20261104,64,0.01,20261104,3.2400,2.20093424e-01,1.30654192e+00,1.30654192e-02,3.61354969e+00,1.01101443e+03
n064_nu0p010_s20261104,64,0.01,20261104,3.2600,2.19654435e-01,1.30966755e+00,1.30966755e-02,3.63765522e+00,1.02325213e+03
n064_nu0p010_s20261104,64,0.01,20261104,3.2800,2.19214664e-01,1.31275658e+00,1.31275658e-02,3.66171615e+00,1.03551496e+03
n064_nu0p010_s20261104,64,0.01,20261104,3.3000,2.18774116e-01,1.31580853e+00,1.31580853e-02,3.68570687e+00,1.04780310e+03
n064_nu0p010_s20261104,64,0.01,20261104,3.3200,2.18332796e-01,1.31882291e+00,1.31882291e-02,3.70960034e+00,1.06011671e+03
n064_nu0p010_s20261104,64,0.01,20261104,3.3400,2.17890708e-01,1.32179926e+00,1.32179926e-02,3.73336812e+00,1.07245601e+03
n064_nu0p010_s20261104,64,0.01,20261104,3.3600,2.17447859e-01,1.32473714e+00,1.32473714e-02,3.75698026e+00,1.08482121e+03
n064_nu0p010_s20261104,64,0.01,20261104,3.3800,2.17004254e-01,1.32763612e+00,1.32763612e-02,3.78040533e+00,1.09721250e+03
n064_nu0p010_s20261104,64,0.01,20261104,3.4000,2.16559898e-01,1.33049578e+00,1.33049578e-02,3.80361029e+00,1.10963007e+03
n064_nu0p010_s20261104,64,0.01,20261104,3.4200,2.16114797e-01,1.33331573e+00,1.33331573e-02,3.82656049e+00,1.12207408e+03
n064_nu0p010_s20261104,64,0.01,20261104,3.4400,2.15668958e-01,1.33609558e+00,1.33609558e-02,3.84921951e+00,1.13454466e+03
n064_nu0p010_s20261104,64,0.01,20261104,3.4600,2.15222386e-01,1.33883497e+00,1.33883497e-02,3.87154914e+00,1.14704187e+03
n064_nu0p010_s20261104,64,0.01,20261104,3.4800,2.14775088e-01,1.34153356e+00,1.34153356e-02,3.89350923e+00,1.15956573e+03
n064_nu0p010_s20261104,64,0.01,20261104,3.5000,2.14327070e-01,1.34419098e+00,1.34419098e-02,3.91505766e+00,1.17211619e+03
n064_nu0p010_s20261104,64,0.01,20261104,3.5200,2.13878340e-01,1.34680693e+00,1.34680693e-02,3.93615024e+00,1.18469312e+03
n064_nu0p010_s20261104,64,0.01,20261104,3.5400,2.13428904e-01,1.34938109e+00,1.34938109e-02,3.95674060e+00,1.19729628e+03
n064_nu0p010_s20261104,64,0.01,20261104,3.5600,2.12978769e-01,1.35191316e+00,1.35191316e-02,3.97678017e+00,1.20992537e+03
n064_nu0p010_s20261104,64,0.01,20261104,3.5800,2.12527941e-01,1.35440286e+00,1.35440286e-02,4.00039124e+00,1.22257994e+03
n064_nu0p010_s20261104,64,0.01,20261104,3.6000,2.12076430e-01,1.35684990e+00,1.35684990e-02,4.02735873e+00,1.23525944e+03
n064_nu0p010_s20261104,64,0.01,20261104,3.6200,2.11624241e-01,1.35925402e+00,1.35925402e-02,4.05384331e+00,1.24796321e+03
n064_nu0p010_s20261104,64,0.01,20261104,3.6400,2.11171382e-01,1.36161498e+00,1.36161498e-02,4.07977462e+00,1.26069041e+03
n064_nu0p010_s20261104,64,0.01,20261104,3.6600,2.10717861e-01,1.36393253e+00,1.36393253e-02,4.10507833e+00,1.27344010e+03
n064_nu0p010_s20261104,64,0.01,20261104,3.6800,2.10263686e-01,1.36620645e+00,1.36620645e-02,4.12967611e+00,1.28621117e+03
n064_nu0p010_s20261104,64,0.01,20261104,3.7000,2.09808864e-01,1.36843651e+00,1.36843651e-02,4.15348561e+00,1.29900235e+03
n064_nu0p010_s20261104,64,0.01,20261104,3.7200,2.09353403e-01,1.37062250e+00,1.37062250e-02,4.17642045e+00,1.31181220e+03
n064_nu0p010_s20261104,64,0.01,20261104,3.7400,2.08897311e-01,1.37276423e+00,1.37276423e-02,4.19839028e+00,1.32463913e+03
n064_nu0p010_s20261104,64,0.01,20261104,3.7600,2.08440597e-01,1.37486150e+00,1.37486150e-02,4.21930086e+00,1.33748136e+03
n064_nu0p010_s20261104,64,0.01,20261104,3.7800,2.07983268e-01,1.37691415e+00,1.37691415e-02,4.23905417e+00,1.35033693e+03
n064_nu0p010_s20261104,64,0.01,20261104,3.8000,2.07525333e-01,1.37892199e+00,1.37892199e-02,4.25754859e+00,1.36320369e+03
n064_nu0p010_s20261104,64,0.01,20261104,3.8200,2.07066801e-01,1.38088488e+00,1.38088488e-02,4.28078879e+00,1.37607934e+03
n064_nu0p010_s20261104,64,0.01,20261104,3.8400,2.06607678e-01,1.38280265e+00,1.38280265e-02,4.30376360e+00,1.38896134e+03
n064_nu0p010_s20261104,64,0.01,20261104,3.8600,2.06147975e-01,1.38467518e+00,1.38467518e-02,4.32581882e+00,1.40184698e+03
n064_nu0p010_s20261104,64,0.01,20261104,3.8800,2.05687699e-01,1.38650233e+00,1.38650233e-02,4.34686306e+00,1.41473338e+03
n064_nu0p010_s20261104,64,0.01,20261104,3.9000,2.05226859e-01,1.38828397e+00,1.38828397e-02,4.36680162e+00,1.42761744e+03
n064_nu0p010_s20261104,64,0.01,20261104,3.9200,2.04765464e-01,1.39001999e+00,1.39001999e-02,4.38553672e+00,1.44049588e+03
n064_nu0p010_s20261104,64,0.01,20261104,3.9400,2.04303523e-01,1.39171030e+00,1.39171030e-02,4.40296776e+00,1.45336523e+03
n064_nu0p010_s20261104,64,0.01,20261104,3.9600,2.03841044e-01,1.39335478e+00,1.39335478e-02,4.41899167e+00,1.46622184e+03
n064_nu0p010_s20261104,64,0.01,20261104,3.9800,2.03378037e-01,1.39495336e+00,1.39495336e-02,4.44331840e+00,1.47906188e+03
n064_nu0p010_s20261104,64,0.01,20261104,4.0000,2.02914509e-01,1.39650596e+00,1.39650596e-02,4.46853254e+00,1.49188132e+03
n064_nu0p010_s20261104,64,0.01,20261104,4.0200,2.02450471e-01,1.39801250e+00,1.39801250e-02,4.49232131e+00,1.50467600e+03
n064_nu0p010_s20261104,64,0.01,20261104,4.0400,2.01985932e-01,1.39947293e+00,1.39947293e-02,4.51455035e+00,1.51744157e+03
n064_nu0p010_s20261104,64,0.01,20261104,4.0600,2.01520900e-01,1.40088719e+00,1.40088719e-02,4.53508159e+00,1.53017354e+03
n064_nu0p010_s20261104,64,0.01,20261104,4.0800,2.01055384e-01,1.40225523e+00,1.40225523e-02,4.55377378e+00,1.54286726e+03
n064_nu0p010_s20261104,64,0.01,20261104,4.1000,2.00589395e-01,1.40357702e+00,1.40357702e-02,4.57048306e+00,1.55551797e+03
n064_nu0p010_s20261104,64,0.01,20261104,4.1200,2.00122940e-01,1.40485253e+00,1.40485253e-02,4.58566560e+00,1.56812075e+03
n064_nu0p010_s20261104,64,0.01,20261104,4.1400,1.99656030e-01,1.40608173e+00,1.40608173e-02,4.61146634e+00,1.58067062e+03
n064_nu0p010_s20261104,64,0.01,20261104,4.1600,1.99188673e-01,1.40726461e+00,1.40726461e-02,4.63579294e+00,1.59316246e+03
n064_nu0p010_s20261104,64,0.01,20261104,4.1800,1.98720880e-01,1.40840117e+00,1.40840117e-02,4.65850871e+00,1.60559109e+03
n064_nu0p010_s20261104,64,0.01,20261104,4.2000,1.98252659e-01,1.40949140e+00,1.40949140e-02,4.67947415e+00,1.61795124e+03
n064_nu0p010_s20261104,64,0.01,20261104,4.2200,1.97784020e-01,1.41053531e+00,1.41053531e-02,4.69854758e+00,1.63023762e+03
n064_nu0p010_s20261104,64,0.01,20261104,4.2400,1.97314972e-01,1.41153292e+00,1.41153292e-02,4.71558577e+00,1.64244487e+03
n064_nu0p010_s20261104,64,0.01,20261104,4.2600,1.96845526e-01,1.41248424e+00,1.41248424e-02,4.73044463e+00,1.65456762e+03
n064_nu0p010_s20261104,64,0.01,20261104,4.2800,1.96375690e-01,1.41338932e+00,1.41338932e-02,4.74298001e+00,1.66660048e+03
n064_nu0p010_s20261104,64,0.01,20261104,4.3000,1.95905475e-01,1.41424817e+00,1.41424817e-02,4.75304848e+00,1.67853810e+03
n064_nu0p010_s20261104,64,0.01,20261104,4.3200,1.95434889e-01,1.41506084e+00,1.41506084e-02,4.76050818e+00,1.69037511e+03
n064_nu0p010_s20261104,64,0.01,20261104,4.3400,1.94963943e-01,1.41582738e+00,1.41582738e-02,4.76521975e+00,1.70210622e+03
n064_nu0p010_s20261104,64,0.01,20261104,4.3600,1.94492646e-01,1.41654785e+00,1.41654785e-02,4.76704726e+00,1.71372616e+03
n064_nu0p010_s20261104,64,0.01,20261104,4.3800,1.94021008e-01,1.41722229e+00,1.41722229e-02,4.77403731e+00,1.72522976e+03
n064_nu0p010_s20261104,64,0.01,20261104,4.4000,1.93549039e-01,1.41785079e+00,1.41785079e-02,4.78907106e+00,1.73661190e+03
n064_nu0p010_s20261104,64,0.01,20261104,4.4200,1.93076749e-01,1.41843340e+00,1.41843340e-02,4.80121435e+00,1.74786759e+03
n064_nu0p010_s20261104,64,0.01,20261104,4.4400,1.92604147e-01,1.41897020e+00,1.41897020e-02,4.81832328e+00,1.75899193e+03
n064_nu0p010_s20261104,64,0.01,20261104,4.4600,1.92131243e-01,1.41946128e+00,1.41946128e-02,4.84533663e+00,1.76998014e+03
n064_nu0p010_s20261104,64,0.01,20261104,4.4800,1.91658048e-01,1.41990672e+00,1.41990672e-02,4.87008924e+00,1.78082758e+03
n064_nu0p010_s20261104,64,0.01,20261104,4.5000,1.91184570e-01,1.42030661e+00,1.42030661e-02,4.89240803e+00,1.79152977e+03
n064_nu0p010_s20261104,64,0.01,20261104,4.5200,1.90710821e-01,1.42066104e+00,1.42066104e-02,4.91212018e+00,1.80208236e+03
n064_nu0p010_s20261104,64,0.01,20261104,4.5400,1.90236809e-01,1.42097013e+00,1.42097013e-02,4.92905418e+00,1.81248117e+03
n064_nu0p010_s20261104,64,0.01,20261104,4.5600,1.89762546e-01,1.42123396e+00,1.42123396e-02,4.94304089e+00,1.82272220e+03
n064_nu0p010_s20261104,64,0.01,20261104,4.5800,1.89288040e-01,1.42145266e+00,1.42145266e-02,4.95391474e+00,1.83280162e+03
n064_nu0p010_s20261104,64,0.01,20261104,4.6000,1.88813303e-01,1.42162634e+00,1.42162634e-02,4.96151485e+00,1.84271579e+03
n064_nu0p010_s20261104,64,0.01,20261104,4.6200,1.88338343e-01,1.42175510e+00,1.42175510e-02,4.96568628e+00,1.85246126e+03
n064_nu0p010_s20261104,64,0.01,20261104,4.6400,1.87863172e-01,1.42183908e+00,1.42183908e-02,4.96628126e+00,1.86203477e+03
n064_nu0p010_s20261104,64,0.01,20261104,4.6600,1.87387799e-01,1.42187840e+00,1.42187840e-02,4.96316044e+00,1.87143327e+03
n064_nu0p010_s20261104,64,0.01,20261104,4.6800,1.86912234e-01,1.42187318e+00,1.42187318e-02,4.96431334e+00,1.88065389e+03
n064_nu0p010_s20261104,64,0.01,20261104,4.7000,1.86436488e-01,1.42182357e+00,1.42182357e-02,4.97783330e+00,1.88969398e+03
n064_nu0p010_s20261104,64,0.01,20261104,4.7200,1.85960571e-01,1.42172968e+00,1.42172968e-02,4.99052123e+00,1.89855110e+03
n064_nu0p010_s20261104,64,0.01,20261104,4.7400,1.85484493e-01,1.42159168e+00,1.42159168e-02,5.00237466e+00,1.90722299e+03
n064_nu0p010_s20261104,64,0.01,20261104,4.7600,1.85008265e-01,1.42140969e+00,1.42140969e-02,5.01339202e+00,1.91570762e+03
n064_nu0p010_s20261104,64,0.01,20261104,4.7800,1.84531896e-01,1.42118386e+00,1.42118386e-02,5.02491137e+00,1.92400313e+03
n064_nu0p010_s20261104,64,0.01,20261104,4.8000,1.84055397e-01,1.42091435e+00,1.42091435e-02,5.03936649e+00,1.93210790e+03
n064_nu0p010_s20261104,64,0.01,20261104,4.8200,1.83578778e-01,1.42060130e+00,1.42060130e-02,5.05311926e+00,1.94002047e+03
n064_nu0p010_s20261104,64,0.01,20261104,4.8400,1.83102050e-01,1.42024487e+00,1.42024487e-02,5.06616835e+00,1.94773959e+03
n064_nu0p010_s20261104,64,0.01,20261104,4.8600,1.82625223e-01,1.41984522e+00,1.41984522e-02,5.07851305e+00,1.95526420e+03
n064_nu0p010_s20261104,64,0.01,20261104,4.8800,1.82148308e-01,1.41940251e+00,1.41940251e-02,5.09015326e+00,1.96259342e+03
n064_nu0p010_s20261104,64,0.01,20261104,4.9000,1.81671315e-01,1.41891691e+00,1.41891691e-02,5.10108946e+00,1.96972655e+03
n064_nu0p010_s20261104,64,0.01,20261104,4.9200,1.81194254e-01,1.41838858e+00,1.41838858e-02,5.11132278e+00,1.97666308e+03
n064_nu0p010_s20261104,64,0.01,20261104,4.9400,1.80717137e-01,1.41781769e+00,1.41781769e-02,5.12085492e+00,1.98340263e+03
n064_nu0p010_s20261104,64,0.01,20261104,4.9600,1.80239973e-01,1.41720443e+00,1.41720443e-02,5.13098298e+00,1.98994502e+03
n064_nu0p010_s20261104,64,0.01,20261104,4.9800,1.79762774e-01,1.41654896e+00,1.41654896e-02,5.14419194e+00,1.99629020e+03
n064_nu0p010_s20261104,64,0.01,20261104,5.0000,1.79285550e-01,1.41585147e+00,1.41585147e-02,5.15651746e+00,2.00243829e+03
n064_nu0p010_s20261104,64,0.01,20261104,5.0200,1.78808312e-01,1.41511214e+00,1.41511214e-02,5.16795717e+00,2.00838952e+03
n064_nu0p010_s20261104,64,0.01,20261104,5.0400,1.78331070e-01,1.41433116e+00,1.41433116e-02,5.18436562e+00,2.01414427e+03
n064_nu0p010_s20261104,64,0.01,20261104,5.0600,1.77853835e-01,1.41350872e+00,1.41350872e-02,5.20431681e+00,2.01970306e+03
n064_nu0p010_s20261104,64,0.01,20261104,5.0800,1.77376619e-01,1.41264501e+00,1.41264501e-02,5.22362763e+00,2.02506651e+03
n064_nu0p010_s20261104,64,0.01,20261104,5.1000,1.76899431e-01,1.41174023e+00,1.41174023e-02,5.24228836e+00,2.03023533e+03
n064_nu0p010_s20261104,64,0.01,20261104,5.1200,1.76422283e-01,1.41079457e+00,1.41079457e-02,5.26028971e+00,2.03521038e+03
n064_nu0p010_s20261104,64,0.01,20261104,5.1400,1.75945186e-01,1.40980825e+00,1.40980825e-02,5.27762282e+00,2.03999258e+03
n064_nu0p010_s20261104,64,0.01,20261104,5.1600,1.75468150e-01,1.40878147e+00,1.40878147e-02,5.29427934e+00,2.04458295e+03
n064_nu0p010_s20261104,64,0.01,20261104,5.1800,1.74991186e-01,1.40771443e+00,1.40771443e-02,5.31025138e+00,2.04898258e+03
n064_nu0p010_s20261104,64,0.01,20261104,5.2000,1.74514306e-01,1.40660736e+00,1.40660736e-02,5.32553157e+00,2.05319264e+03
n064_nu0p010_s20261104,64,0.01,20261104,5.2200,1.74037521e-01,1.40546046e+00,1.40546046e-02,5.34011308e+00,2.05721436e+03
n064_nu0p010_s20261104,64,0.01,20261104,5.2400,1.73560841e-01,1.40427397e+00,1.40427397e-02,5.35398962e+00,2.06104905e+03
n064_nu0p010_s20261104,64,0.01,20261104,5.2600,1.73084278e-01,1.40304810e+00,1.40304810e-02,5.36715549e+00,2.06469804e+03
n064_nu0p010_s20261104,64,0.01,20261104,5.2800,1.72607842e-01,1.40178308e+00,1.40178308e-02,5.37960558e+00,2.06816273e+03
n064_nu0p010_s20261104,64,0.01,20261104,5.3000,1.72131545e-01,1.40047914e+00,1.40047914e-02,5.39133539e+00,2.07144455e+03
n064_nu0p010_s20261104,64,0.01,20261104,5.3200,1.71655397e-01,1.39913652e+00,1.39913652e-02,5.40234106e+00,2.07454497e+03
n064_nu0p010_s20261104,64,0.01,20261104,5.3400,1.71179411e-01,1.39775545e+00,1.39775545e-02,5.41261938e+00,2.07746548e+03
n064_nu0p010_s20261104,64,0.01,20261104,5.3600,1.70703597e-01,1.39633619e+00,1.39633619e-02,5.42216781e+00,2.08020760e+03
n064_nu0p010_s20261104,64,0.01,20261104,5.3800,1.70227966e-01,1.39487897e+00,1.39487897e-02,5.43098449e+00,2.08277288e+03
n064_nu0p010_s20261104,64,0.01,20261104,5.4000,1.69752530e-01,1.39338405e+00,1.39338405e-02,5.43906826e+00,2.08516286e+03
n064_nu0p010_s20261104,64,0.01,20261104,5.4200,1.69277299e-01,1.39185167e+00,1.39185167e-02,5.44641866e+00,2.08737912e+03
n064_nu0p010_s20261104,64,0.01,20261104,5.4400,1.68802285e-01,1.39028210e+00,1.39028210e-02,5.45303597e+00,2.08942322e+03
n064_nu0p010_s20261104,64,0.01,20261104,5.4600,1.68327498e-01,1.38867560e+00,1.38867560e-02,5.45892118e+00,2.09129676e+03
n064_nu0p010_s20261104,64,0.01,20261104,5.4800,1.67852951e-01,1.38703243e+00,1.38703243e-02,5.46407601e+00,2.09300131e+03
n064_nu0p010_s20261104,64,0.01,20261104,5.5000,1.67378655e-01,1.38535285e+00,1.38535285e-02,5.46850289e+00,2.09453845e+03
n064_nu0p010_s20261104,64,0.01,20261104,5.5200,1.66904619e-01,1.38363715e+00,1.38363715e-02,5.47220503e+00,2.09590975e+03
n064_nu0p010_s20261104,64,0.01,20261104,5.5400,1.66430856e-01,1.38188560e+00,1.38188560e-02,5.47518630e+00,2.09711677e+03
n064_nu0p010_s20261104,64,0.01,20261104,5.5600,1.65957377e-01,1.38009847e+00,1.38009847e-02,5.47745134e+00,2.09816109e+03
n064_nu0p010_s20261104,64,0.01,20261104,5.5800,1.65484193e-01,1.37827605e+00,1.37827605e-02,5.47900546e+00,2.09904425e+03
n064_nu0p010_s20261104,64,0.01,20261104,5.6000,1.65011314e-01,1.37641862e+00,1.37641862e-02,5.47985468e+00,2.09976778e+03
n064_nu0p010_s20261104,64,0.01,20261104,5.6200,1.64538752e-01,1.37452648e+00,1.37452648e-02,5.48000568e+00,2.10033321e+03
n064_nu0p010_s20261104,64,0.01,20261104,5.6400,1.64066518e-01,1.37259992e+00,1.37259992e-02,5.47946581e+00,2.10074203e+03
n064_nu0p010_s20261104,64,0.01,20261104,5.6600,1.63594623e-01,1.37063922e+00,1.37063922e-02,5.47824304e+00,2.10099574e+03
n064_nu0p010_s20261104,64,0.01,20261104,5.6800,1.63123078e-01,1.36864470e+00,1.36864470e-02,5.47749933e+00,2.10109580e+03
n064_nu0p010_s20261104,64,0.01,20261104,5.7000,1.62651893e-01,1.36661664e+00,1.36661664e-02,5.48176892e+00,2.10104366e+03
n064_nu0p010_s20261104,64,0.01,20261104,5.7200,1.62181080e-01,1.36455537e+00,1.36455537e-02,5.48543437e+00,2.10084074e+03
n064_nu0p010_s20261104,64,0.01,20261104,5.7400,1.61710649e-01,1.36246118e+00,1.36246118e-02,5.48849852e+00,2.10048846e+03
n064_nu0p010_s20261104,64,0.01,20261104,5.7600,1.61240611e-01,1.36033438e+00,1.36033438e-02,5.49096469e+00,2.09998818e+03
n064_nu0p010_s20261104,64,0.01,20261104,5.7800,1.60770977e-01,1.35817530e+00,1.35817530e-02,5.49283664e+00,2.09934127e+03
n064_nu0p010_s20261104,64,0.01,20261104,5.8000,1.60301756e-01,1.35598423e+00,1.35598423e-02,5.49411860e+00,2.09854905e+03
n064_nu0p010_s20261104,64,0.01,20261104,5.8200,1.59832961e-01,1.35376151e+00,1.35376151e-02,5.49481524e+00,2.09761283e+03
n064_nu0p010_s20261104,64,0.01,20261104,5.8400,1.59364600e-01,1.35150744e+00,1.35150744e-02,5.49493164e+00,2.09653388e+03
n064_nu0p010_s20261104,64,0.01,20261104,5.8600,1.58896685e-01,1.34922237e+00,1.34922237e-02,5.49447330e+00,2.09531344e+03
n064_nu0p010_s20261104,64,0.01,20261104,5.8800,1.58429226e-01,1.34690659e+00,1.34690659e-02,5.49344609e+00,2.09395274e+03
n064_nu0p010_s20261104,64,0.01,20261104,5.9000,1.57962233e-01,1.34456046e+00,1.34456046e-02,5.49185627e+00,2.09245296e+03
n064_nu0p010_s20261104,64,0.01,20261104,5.9200,1.57495716e-01,1.34218428e+00,1.34218428e-02,5.48971045e+00,2.09081527e+03
n064_nu0p010_s20261104,64,0.01,20261104,5.9400,1.57029685e-01,1.33977840e+00,1.33977840e-02,5.48701557e+00,2.08904080e+03
n064_nu0p010_s20261104,64,0.01,20261104,5.9600,1.56564150e-01,1.33734313e+00,1.33734313e-02,5.48377888e+00,2.08713064e+03
n064_nu0p010_s20261104,64,0.01,20261104,5.9800,1.56099121e-01,1.33487883e+00,1.33487883e-02,5.48000792e+00,2.08508586e+03
n064_nu0p010_s20261104,64,0.01,20261104,6.0000,1.55634607e-01,1.33238581e+00,1.33238581e-02,5.47571051e+00,2.08290751e+03
n064_nu0p010_s20261106,64,0.01,20261106,0.0000,2.80779338e-01,9.38443233e-01,9.38443233e-03,2.41623184e+00,2.90272569e+02
n064_nu0p010_s20261106,64,0.01,20261106,0.0200,2.80388757e-01,9.35577792e-01,9.35577792e-03,2.41394300e+00,2.79139746e+02
n064_nu0p010_s20261106,64,0.01,20261106,0.0400,2.80000142e-01,9.32867217e-01,9.32867217e-03,2.41232284e+00,2.68908585e+02
n064_nu0p010_s20261106,64,0.01,20261106,0.0600,2.79613431e-01,9.30307334e-01,9.30307334e-03,2.40992354e+00,2.59499229e+02
n064_nu0p010_s20261106,64,0.01,20261106,0.0800,2.79228557e-01,9.27893998e-01,9.27893998e-03,2.40676381e+00,2.50840801e+02
n064_nu0p010_s20261106,64,0.01,20261106,0.1000,2.78845454e-01,9.25623060e-01,9.25623060e-03,2.40286221e+00,2.42869631e+02
n064_nu0p010_s20261106,64,0.01,20261106,0.1200,2.78464049e-01,9.23490362e-01,9.23490362e-03,2.39823727e+00,2.35527892e+02
n064_nu0p010_s20261106,64,0.01,20261106,0.1400,2.78084267e-01,9.21491742e-01,9.21491742e-03,2.39290739e+00,2.28762628e+02
n064_nu0p010_s20261106,64,0.01,20261106,0.1600,2.77706032e-01,9.19623052e-01,9.19623052e-03,2.38689095e+00,2.22525082e+02
n064_nu0p010_s20261106,64,0.01,20261106,0.1800,2.77329266e-01,9.17880192e-01,9.17880192e-03,2.38020625e+00,2.16770290e+02
n064_nu0p010_s20261106,64,0.01,20261106,0.2000,2.76953888e-01,9.16259149e-01,9.16259149e-03,2.37287160e+00,2.11456855e+02
n064_nu0p010_s20261106,64,0.01,20261106,0.2200,2.76579821e-01,9.14756032e-01,9.14756032e-03,2.36631577e+00,2.06546855e+02
n064_nu0p010_s20261106,64,0.01,20261106,0.2400,2.76206984e-01,9.13367119e-01,9.13367119e-03,2.36231023e+00,2.02005820e+02
n064_nu0p010_s20261106,64,0.01,20261106,0.2600,2.75835301e-01,9.12088883e-01,9.12088883e-03,2.35753218e+00,1.97802716e+02
n064_nu0p010_s20261106,64,0.01,20261106,0.2800,2.75464695e-01,9.10918026e-01,9.10918026e-03,2.35318529e+00,1.93909903e+02
n064_nu0p010_s20261106,64,0.01,20261106,0.3000,2.75095093e-01,9.09851494e-01,9.09851494e-03,2.34923775e+00,1.90303034e+02
n064_nu0p010_s20261106,64,0.01,20261106,0.3200,2.74726426e-01,9.08886490e-01,9.08886490e-03,2.34445224e+00,1.86960883e+02
n064_nu0p010_s20261106,64,0.01,20261106,0.3400,2.74358625e-01,9.08020471e-01,9.08020471e-03,2.33885596e+00,1.83865099e+02
n064_nu0p010_s20261106,64,0.01,20261106,0.3600,2.73991626e-01,9.07251143e-01,9.07251143e-03,2.33247704e+00,1.80999909e+02
n064_nu0p010_s20261106,64,0.01,20261106,0.3800,2.73625368e-01,9.06576447e-01,9.06576447e-03,2.32534428e+00,1.78351782e+02
n064_nu0p010_s20261106,64,0.01,20261106,0.4000,2.73259792e-01,9.05994538e-01,9.05994538e-03,2.31748692e+00,1.75909074e+02
n064_nu0p010_s20261106,64,0.01,20261106,0.4200,2.72894845e-01,9.05503764e-01,9.05503764e-03,2.30893442e+00,1.73661685e+02
n064_nu0p010_s20261106,64,0.01,20261106,0.4400,2.72530472e-01,9.05102641e-01,9.05102641e-03,2.29971628e+00,1.71600729e+02
n064_nu0p010_s20261106,64,0.01,20261106,0.4600,2.72166625e-01,9.04789827e-01,9.04789827e-03,2.29019404e+00,1.69718247e+02
n064_nu0p010_s20261106,64,0.01,20261106,0.4800,2.71803256e-01,9.04564099e-01,9.04564099e-03,2.28065696e+00,1.68006965e+02
n064_nu0p010_s20261106,64,0.01,20261106,0.5000,2.71440319e-01,9.04424335e-01,9.04424335e-03,2.27046848e+00,1.66460100e+02
n064_nu0p010_s20261106,64,0.01,20261106,0.5200,2.71077770e-01,9.04369487e-01,9.04369487e-03,2.25965646e+00,1.65071224e+02
n064_nu0p010_s20261106,64,0.01,20261106,0.5400,2.70715567e-01,9.04398572e-01,9.04398572e-03,2.24824849e+00,1.63834173e+02
n064_nu0p010_s20261106,64,0.01,20261106,0.5600,2.70353670e-01,9.04510659e-01,9.04510659e-03,2.23646211e+00,1.62742998e+02
n064_nu0p010_s20261106,64,0.01,20261106,0.5800,2.69992037e-01,9.04704852e-01,9.04704852e-03,2.22575247e+00,1.61791949e+02
n064_nu0p010_s20261106,64,0.01,20261106,0.6000,2.69630631e-01,9.04980293e-01,9.04980293e-03,2.21442309e+00,1.60975488e+02
n064_nu0p010_s20261106,64,0.01,20261106,0.6200,2.69269413e-01,9.05336147e-01,9.05336147e-03,2.20250577e+00,1.60288302e+02
n064_nu0p010_s20261106,64,0.01,20261106,0.6400,2.68908346e-01,9.05771604e-01,9.05771604e-03,2.19003256e+00,1.59725340e+02
n064_nu0p010_s20261106,64,0.01,20261106,0.6600,2.68547393e-01,9.06285876e-01,9.06285876e-03,2.17703555e+00,1.59281837e+02
n064_nu0p010_s20261106,64,0.01,20261106,0.6800,2.68186519e-01,9.06878193e-01,9.06878193e-03,2.16354667e+00,1.58953334e+02
n064_nu0p010_s20261106,64,0.01,20261106,0.7000,2.67825686e-01,9.07547802e-01,9.07547802e-03,2.14959746e+00,1.58735693e+02
n064_nu0p010_s20261106,64,0.01,20261106,0.7200,2.67464860e-01,9.08293966e-01,9.08293966e-03,2.13521892e+00,1.58625097e+02
n064_nu0p010_s20261106,64,0.01,20261106,0.7400,2.67104007e-01,9.09115959e-01,9.09115959e-03,2.12044138e+00,1.58618038e+02
n064_nu0p010_s20261106,64,0.01,20261106,0.7600,2.66743091e-01,9.10013070e-01,9.10013070e-03,2.10529439e+00,1.58711285e+02
n064_nu0p010_s20261106,64,0.01,20261106,0.7800,2.66382078e-01,9.10984592e-01,9.10984592e-03,2.08980659e+00,1.58901848e+02
n064_nu0p010_s20261106,64,0.01,20261106,0.8000,2.66020935e-01,9.12029826e-01,9.12029826e-03,2.07400567e+00,1.59186928e+02
n064_nu0p010_s20261106,64,0.01,20261106,0.8200,2.65659628e-01,9.13148074e-01,9.13148074e-03,2.06761352e+00,1.59563855e+02
n064_nu0p010_s20261106,64,0.01,20261106,0.8400,2.65298123e-01,9.14338638e-01,9.14338638e-03,2.06336673e+00,1.60030039e+02
n064_nu0p010_s20261106,64,0.01,20261106,0.8600,2.64936388e-01,9.15600814e-01,9.15600814e-03,2.05911226e+00,1.60582914e+02
n064_nu0p010_s20261106,64,0.01,20261106,0.8800,2.64574389e-01,9.16933895e-01,9.16933895e-03,2.05502519e+00,1.61219902e+02
n064_nu0p010_s20261106,64,0.01,20261106,0.9000,2.64212095e-01,9.18337165e-01,9.18337165e-03,2.04941239e+00,1.61938392e+02
n064_nu0p010_s20261106,64,0.01,20261106,0.9200,2.63849472e-01,9.19809899e-01,9.19809899e-03,2.04236533e+00,1.62735737e+02
n064_nu0p010_s20261106,64,0.01,20261106,0.9400,2.63486489e-01,9.21351364e-01,9.21351364e-03,2.03787964e+00,1.63609272e+02
n064_nu0p010_s20261106,64,0.01,20261106,0.9600,2.63123114e-01,9.22960815e-01,9.22960815e-03,2.03722293e+00,1.64556352e+02
n064_nu0p010_s20261106,64,0.01,20261106,0.9800,2.62759318e-01,9.24637502e-01,9.24637502e-03,2.03749239e+00,1.65574404e+02
n064_nu0p010_s20261106,64,0.01,20261106,1.0000,2.62395068e-01,9.26380667e-01,9.26380667e-03,2.03755632e+00,1.66660989e+02
n064_nu0p010_s20261106,64,0.01,20261106,1.0200,2.62030335e-01,9.28189549e-01,9.28189549e-03,2.03977166e+00,1.67813859e+02
n064_nu0p010_s20261106,64,0.01,20261106,1.0400,2.61665091e-01,9.30063382e-01,9.30063382e-03,2.04056881e+00,1.69031016e+02
n064_nu0p010_s20261106,64,0.01,20261106,1.0600,2.61299306e-01,9.32001402e-01,9.32001402e-03,2.04002390e+00,1.70310751e+02
n064_nu0p010_s20261106,64,0.01,20261106,1.0800,2.60932952e-01,9.34002848e-01,9.34002848e-03,2.03821795e+00,1.71651666e+02
n064_nu0p010_s20261106,64,0.01,20261106,1.1000,2.60566003e-01,9.36066964e-01,9.36066964e-03,2.04013326e+00,1.73052679e+02
n064_nu0p010_s20261106,64,0.01,20261106,1.1200,2.60198433e-01,9.38193000e-01,9.38193000e-03,2.04214990e+00,1.74513009e+02
n064_nu0p010_s20261106,64,0.01,20261106,1.1400,2.59830215e-01,9.40380216e-01,9.40380216e-03,2.04320738e+00,1.76032145e+02
n064_nu0p010_s20261106,64,0.01,20261106,1.1600,2.59461326e-01,9.42627881e-01,9.42627881e-03,2.05017177e+00,1.77609807e+02
n064_nu0p010_s20261106,64,0.01,20261106,1.1800,2.59091743e-01,9.44935276e-01,9.44935276e-03,2.05843377e+00,1.79245909e+02
n064_nu0p010_s20261106,64,0.01,20261106,1.2000,2.58721441e-01,9.47301694e-01,9.47301694e-03,2.06559760e+00,1.80940525e+02
n064_nu0p010_s20261106,64,0.01,20261106,1.2200,2.58350402e-01,9.49726441e-01,9.49726441e-03,2.07171516e+00,1.82693861e+02
n064_nu0p010_s20261106,64,0.01,20261106,1.2400,2.57978602e-01,9.52208833e-01,9.52208833e-03,2.07684160e+00,1.84506255e+02
n064_nu0p010_s20261106,64,0.01,20261106,1.2600,2.57606023e-01,9.54748198e-01,9.54748198e-03,2.08103413e+00,1.86378181e+02
n064_nu0p010_s20261106,64,0.01,20261106,1.2800,2.57232646e-01,9.57343877e-01,9.57343877e-03,2.08435094e+00,1.88310273e+02
n064_nu0p010_s20261106,64,0.01,20261106,1.3000,2.56858452e-01,9.59995219e-01,9.59995219e-03,2.08685031e+00,1.90303363e+02
n064_nu0p010_s20261106,64,0.01,20261106,1.3200,2.56483425e-01,9.62701582e-01,9.62701582e-03,2.09411540e+00,1.92358521e+02
n064_nu0p010_s20261106,64,0.01,20261106,1.3400,2.56107548e-01,9.65462331e-01,9.65462331e-03,2.10077688e+00,1.94477095e+02
n064_nu0p010_s20261106,64,0.01,20261106,1.3600,2.55730805e-01,9.68276837e-01,9.68276837e-03,2.10660858e+00,1.96660752e+02
n064_nu0p010_s20261106,64,0.01,20261106,1.3800,2.55353180e-01,9.71144472e-01,9.71144472e-03,2.11164914e+00,1.98911500e+02
n064_nu0p010_s20261106,64,0.01,20261106,1.4000,2.54974660e-01,9.74064612e-01,9.74064612e-03,2.11593814e+00,2.01231704e+02
n064_nu0p010_s20261106,64,0.01,20261106,1.4200,2.54595230e-01,9.77036629e-01,9.77036629e-03,2.11951553e+00,2.03624075e+02
n064_nu0p010_s20261106,64,0.01,20261106,1.4400,2.54214876e-01,9.80059892e-01,9.80059892e-03,2.12242110e+00,2.06091655e+02
n064_nu0p010_s20261106,64,0.01,20261106,1.4600,2.53833585e-01,9.83133763e-01,9.83133763e-03,2.12469404e+00,2.08637772e+02
n064_nu0p010_s20261106,64,0.01,20261106,1.4800,2.53451344e-01,9.86257597e-01,9.86257597e-03,2.13431834e+00,2.11265993e+02
n064_nu0p010_s20261106,64,0.01,20261106,1.5000,2.53068140e-01,9.89430734e-01,9.89430734e-03,2.14455859e+00,2.13980056e+02
n064_nu0p010_s20261106,64,0.01,20261106,1.5200,2.52683962e-01,9.92652502e-01,9.92652502e-03,2.15401595e+00,2.16783806e+02
n064_nu0p010_s20261106,64,0.01,20261106,1.5400,2.52298796e-01,9.95922214e-01,9.95922214e-03,2.16272464e+00,2.19681123e+02
n064_nu0p010_s20261106,64,0.01,20261106,1.5600,2.51912632e-01,9.99239164e-01,9.99239164e-03,2.17072008e+00,2.22675852e+02
n064_nu0p010_s20261106,64,0.01,20261106,1.5800,2.51525457e-01,1.00260263e+00,1.00260263e-02,2.17803837e+00,2.25771739e+02
n064_nu0p010_s20261106,64,0.01,20261106,1.6000,2.51137259e-01,1.00601186e+00,1.00601186e-02,2.18471578e+00,2.28972385e+02
n064_nu0p010_s20261106,64,0.01,20261106,1.6200,2.50748028e-01,1.00946609e+00,1.00946609e-02,2.19078829e+00,2.32281195e+02
n064_nu0p010_s20261106,64,0.01,20261106,1.6400,2.50357751e-01,1.01296453e+00,1.01296453e-02,2.19629123e+00,2.35701358e+02
n064_nu0p010_s20261106,64,0.01,20261106,1.6600,2.49966419e-01,1.01650638e+00,1.01650638e-02,2.20125894e+00,2.39235832e+02
n064_nu0p010_s20261106,64,0.01,20261106,1.6800,2.49574019e-01,1.02009079e+00,1.02009079e-02,2.20640212e+00,2.42887347e+02
n064_nu0p010_s20261106,64,0.01,20261106,1.7000,2.49180541e-01,1.02371692e+00,1.02371692e-02,2.21461155e+00,2.46658420e+02
n064_nu0p010_s20261106,64,0.01,20261106,1.7200,2.48785974e-01,1.02738389e+00,1.02738389e-02,2.22225268e+00,2.50551390e+02
n064_nu0p010_s20261106,64,0.01,20261106,1.7400,2.48390308e-01,1.03109080e+00,1.03109080e-02,2.22935018e+00,2.54568456e+02
n064_nu0p010_s20261106,64,0.01,20261106,1.7600,2.47993532e-01,1.03483673e+00,1.03483673e-02,2.23592864e+00,2.58711736e+02
n064_nu0p010_s20261106,64,0.01,20261106,1.7800,2.47595637e-01,1.03862076e+00,1.03862076e-02,2.24201226e+00,2.62983318e+02
n064_nu0p010_s20261106,64,0.01,20261106,1.8000,2.47196611e-01,1.04244193e+00,1.04244193e-02,2.24762472e+00,2.67385332e+02
n064_nu0p010_s20261106,64,0.01,20261106,1.8200,2.46796446e-01,1.04629926e+00,1.04629926e-02,2.25887380e+00,2.71920011e+02
n064_nu0p010_s20261106,64,0.01,20261106,1.8400,2.46395131e-01,1.05019177e+00,1.05019177e-02,2.27014713e+00,2.76589753e+02
n064_nu0p010_s20261106,64,0.01,20261106,1.8600,2.45992659e-01,1.05411846e+00,1.05411846e-02,2.28078703e+00,2.81397179e+02
n064_nu0p010_s20261106,64,0.01,20261106,1.8800,2.45589018e-01,1.05807830e+00,1.05807830e-02,2.29081266e+00,2.86345183e+02
n064_nu0p010_s20261106,64,0.01,20261106,1.9000,2.45184202e-01,1.06207026e+00,1.06207026e-02,2.30024314e+00,2.91436971e+02
n064_nu0p010_s20261106,64,0.01,20261106,1.9200,2.44778201e-01,1.06609329e+00,1.06609329e-02,2.30909729e+00,2.96676082e+02
n064_nu0p010_s20261106,64,0.01,20261106,1.9400,2.44371008e-01,1.07014633e+00,1.07014633e-02,2.31739357e+00,3.02066403e+02
n064_nu0p010_s20261106,64,0.01,20261106,1.9600,2.43962613e-01,1.07422829e+00,1.07422829e-02,2.32632610e+00,3.07612165e+02
n064_nu0p010_s20261106,64,0.01,20261106,1.9800,2.43553011e-01,1.07833809e+00,1.07833809e-02,2.34273519e+00,3.13317920e+02
n064_nu0p010_s20261106,64,0.01,20261106,2.0000,2.43142194e-01,1.08247461e+00,1.08247461e-02,2.35897391e+00,3.19188512e+02
n064_nu0p010_s20261106,64,0.01,20261106,2.0200,2.42730154e-01,1.08663675e+00,1.08663675e-02,2.37503936e+00,3.25229027e+02
n064_nu0p010_s20261106,64,0.01,20261106,2.0400,2.42316885e-01,1.09082336e+00,1.09082336e-02,2.39092857e+00,3.31444736e+02
n064_nu0p010_s20261106,64,0.01,20261106,2.0600,2.41902381e-01,1.09503329e+00,1.09503329e-02,2.40663841e+00,3.37841029e+02
n064_nu0p010_s20261106,64,0.01,20261106,2.0800,2.41486635e-01,1.09926540e+00,1.09926540e-02,2.42216558e+00,3.44423341e+02
n064_nu0p010_s20261106,64,0.01,20261106,2.1000,2.41069643e-01,1.10351850e+00,1.10351850e-02,2.43824435e+00,3.51197074e+02
n064_nu0p010_s20261106,64,0.01,20261106,2.1200,2.40651398e-01,1.10779141e+00,1.10779141e-02,2.45422059e+00,3.58167523e+02
n064_nu0p010_s20261106,64,0.01,20261106,2.1400,2.40231896e-01,1.11208293e+00,1.11208293e-02,2.47002054e+00,3.65339797e+02
n064_nu0p010_s20261106,64,0.01,20261106,2.1600,2.39811131e-01,1.11639186e+00,1.11639186e-02,2.48564011e+00,3.72718749e+02
n064_nu0p010_s20261106,64,0.01,20261106,2.1800,2.39389100e-01,1.12071697e+00,1.12071697e-02,2.50107518e+00,3.80308909e+02
n064_nu0p010_s20261106,64,0.01,20261106,2.2000,2.38965798e-01,1.12505704e+00,1.12505704e-02,2.51632159e+00,3.88114430e+02
n064_nu0p010_s20261106,64,0.01,20261106,2.2200,2.38541220e-01,1.12941083e+00,1.12941083e-02,2.53137515e+00,3.96139031e+02
n064_nu0p010_s20261106,64,0.01,20261106,2.2400,2.38115364e-01,1.13377709e+00,1.13377709e-02,2.54623165e+00,4.04385964e+02
n064_nu0p010_s20261106,64,0.01,20261106,2.2600,2.37688227e-01,1.13815456e+00,1.13815456e-02,2.56088690e+00,4.12857979e+02
n064_nu0p010_s20261106,64,0.01,20261106,2.2800,2.37259804e-01,1.14254200e+00,1.14254200e-02,2.57533667e+00,4.21557302e+02
n064_nu0p010_s20261106,64,0.01,20261106,2.3000,2.36830093e-01,1.14693814e+00,1.14693814e-02,2.58957678e+00,4.30485626e+02
n064_nu0p010_s20261106,64,0.01,20261106,2.3200,2.36399092e-01,1.15134171e+00,1.15134171e-02,2.60360307e+00,4.39644098e+02
n064_nu0p010_s20261106,64,0.01,20261106,2.3400,2.35966799e-01,1.15575144e+00,1.15575144e-02,2.61741142e+00,4.49033327e+02
n064_nu0p010_s20261106,64,0.01,20261106,2.3600,2.35533211e-01,1.16016606e+00,1.16016606e-02,2.63099776e+00,4.58653392e+02
n064_nu0p010_s20261106,64,0.01,20261106,2.3800,2.35098327e-01,1.16458432e+00,1.16458432e-02,2.64435812e+00,4.68503848e+02
n064_nu0p010_s20261106,64,0.01,20261106,2.4000,2.34662145e-01,1.16900493e+00,1.16900493e-02,2.65748859e+00,4.78583752e+02
n064_nu0p010_s20261106,64,0.01,20261106,2.4200,2.34224665e-01,1.17342664e+00,1.17342664e-02,2.67038535e+00,4.88891675e+02
n064_nu0p010_s20261106,64,0.01,20261106,2.4400,2.33785886e-01,1.17784819e+00,1.17784819e-02,2.68304469e+00,4.99425732e+02
n064_nu0p010_s20261106,64,0.01,20261106,2.4600,2.33345806e-01,1.18226833e+00,1.18226833e-02,2.69546302e+00,5.10183604e+02
n064_nu0p010_s20261106,64,0.01,20261106,2.4800,2.32904426e-01,1.18668580e+00,1.18668580e-02,2.70763687e+00,5.21162563e+02
n064_nu0p010_s20261106,64,0.01,20261106,2.5000,2.32461745e-01,1.19109938e+00,1.19109938e-02,2.71956288e+00,5.32359505e+02
n064_nu0p010_s20261106,64,0.01,20261106,2.5200,2.32017765e-01,1.19550782e+00,1.19550782e-02,2.73123783e+00,5.43770978e+02
n064_nu0p010_s20261106,64,0.01,20261106,2.5400,2.31572485e-01,1.19990991e+00,1.19990991e-02,2.74666678e+00,5.55393212e+02
n064_nu0p010_s20261106,64,0.01,20261106,2.5600,2.31125907e-01,1.20430445e+00,1.20430445e-02,2.76387117e+00,5.67222155e+02
n064_nu0p010_s20261106,64,0.01,20261106,2.5800,2.30678032e-01,1.20869022e+00,1.20869022e-02,2.78091336e+00,5.79253502e+02
n064_nu0p010_s20261106,64,0.01,20261106,2.6000,2.30228860e-01,1.21306605e+00,1.21306605e-02,2.79778928e+00,5.91482737e+02
n064_nu0p010_s20261106,64,0.01,20261106,2.6200,2.29778395e-01,1.21743075e+00,1.21743075e-02,2.81823832e+00,6.03905164e+02
n064_nu0p010_s20261106,64,0.01,20261106,2.6400,2.29326637e-01,1.22178317e+00,1.22178317e-02,2.83904410e+00,6.16515948e+02
n064_nu0p010_s20261106,64,0.01,20261106,2.6600,2.28873590e-01,1.22612215e+00,1.22612215e-02,2.85955603e+00,6.29310153e+02
n064_nu0p010_s20261106,64,0.01,20261106,2.6800,2.28419255e-01,1.23044656e+00,1.23044656e-02,2.87976621e+00,6.42282784e+02
n064_nu0p010_s20261106,64,0.01,20261106,2.7000,2.27963636e-01,1.23475529e+00,1.23475529e-02,2.89966724e+00,6.55428826e+02
n064_nu0p010_s20261106,64,0.01,20261106,2.7200,2.27506737e-01,1.23904721e+00,1.23904721e-02,2.91925224e+00,6.68743288e+02
n064_nu0p010_s20261106,64,0.01,20261106,2.7400,2.27048561e-01,1.24332125e+00,1.24332125e-02,2.93851486e+00,6.82221239e+02
n064_nu0p010_s20261106,64,0.01,20261106,2.7600,2.26589111e-01,1.24757633e+00,1.24757633e-02,2.95744924e+00,6.95857855e+02
n064_nu0p010_s20261106,64,0.01,20261106,2.7800,2.26128392e-01,1.25181137e+00,1.25181137e-02,2.97605007e+00,7.09648452e+02
n064_nu0p010_s20261106,64,0.01,20261106,2.8000,2.25666409e-01,1.25602535e+00,1.25602535e-02,2.99431253e+00,7.23588526e+02
n064_nu0p010_s20261106,64,0.01,20261106,2.8200,2.25203166e-01,1.26021722e+00,1.26021722e-02,3.01223232e+00,7.37673792e+02
n064_nu0p010_s20261106,64,0.01,20261106,2.8400,2.24738669e-01,1.26438599e+00,1.26438599e-02,3.02980562e+00,7.51900208e+02
n064_nu0p010_s20261106,64,0.01,20261106,2.8600,2.24272924e-01,1.26853064e+00,1.26853064e-02,3.04702911e+00,7.66264014e+02
n064_nu0p010_s20261106,64,0.01,20261106,2.8800,2.23805935e-01,1.27265019e+00,1.27265019e-02,3.06444801e+00,7.80761749e+02
n064_nu0p010_s20261106,64,0.01,20261106,2.9000,2.23337710e-01,1.27674370e+00,1.27674370e-02,3.08253503e+00,7.95390278e+02
n064_nu0p010_s20261106,64,0.01,20261106,2.9200,2.22868256e-01,1.28081020e+00,1.28081020e-02,3.10032486e+00,8.10146809e+02
n064_nu0p010_s20261106,64,0.01,20261106,2.9400,2.22397578e-01,1.28484876e+00,1.28484876e-02,3.11781666e+00,8.25028903e+02
n064_nu0p010_s20261106,64,0.01,20261106,2.9600,2.21925685e-01,1.28885848e+00,1.28885848e-02,3.13500995e+00,8.40034483e+02
n064_nu0p010_s20261106,64,0.01,20261106,2.9800,2.21452585e-01,1.29283846e+00,1.29283846e-02,3.15190450e+00,8.55161842e+02
n064_nu0p010_s20261106,64,0.01,20261106,3.0000,2.20978284e-01,1.29678781e+00,1.29678781e-02,3.16850039e+00,8.70409634e+02
n064_nu0p010_s20261106,64,0.01,20261106,3.0200,2.20502793e-01,1.30070568e+00,1.30070568e-02,3.18479793e+00,8.85776876e+02
n064_nu0p010_s20261106,64,0.01,20261106,3.0400,2.20026119e-01,1.30459122e+00,1.30459122e-02,3.20079769e+00,9.01262934e+02
n064_nu0p010_s20261106,64,0.01,20261106,3.0600,2.19548271e-01,1.30844361e+00,1.30844361e-02,3.21650040e+00,9.16867510e+02
n064_nu0p010_s20261106,64,0.01,20261106,3.0800,2.19069260e-01,1.31226203e+00,1.31226203e-02,3.23190704e+00,9.32590621e+02
n064_nu0p010_s20261106,64,0.01,20261106,3.1000,2.18589096e-01,1.31604570e+00,1.31604570e-02,3.24701875e+00,9.48432584e+02
n064_nu0p010_s20261106,64,0.01,20261106,3.1200,2.18107787e-01,1.31979385e+00,1.31979385e-02,3.26183683e+00,9.64393984e+02
n064_nu0p010_s20261106,64,0.01,20261106,3.1400,2.17625346e-01,1.32350572e+00,1.32350572e-02,3.27636278e+00,9.80475648e+02
n064_nu0p010_s20261106,64,0.01,20261106,3.1600,2.17141783e-01,1.32718058e+00,1.32718058e-02,3.30493668e+00,9.96678618e+02
n064_nu0p010_s20261106,64,0.01,20261106,3.1800,2.16657110e-01,1.33081770e+00,1.33081770e-02,3.33263160e+00,1.01300411e+03
n064_nu0p010_s20261106,64,0.01,20261106,3.2000,2.16171338e-01,1.33441640e+00,1.33441640e-02,3.35940730e+00,1.02945350e+03
n064_nu0p010_s20261106,64,0.01,20261106,3.2200,2.15684479e-01,1.33797598e+00,1.33797598e-02,3.38527704e+00,1.04602824e+03
n064_nu0p010_s20261106,64,0.01,20261106,3.2400,2.15196546e-01,1.34149580e+00,1.34149580e-02,3.41025657e+00,1.06272990e+03
n064_nu0p010_s20261106,64,0.01,20261106,3.2600,2.14707552e-01,1.34497520e+00,1.34497520e-02,3.43436389e+00,1.07956003e+03
n064_nu0p010_s20261106,64,0.01,20261106,3.2800,2.14217510e-01,1.34841356e+00,1.34841356e-02,3.45761900e+00,1.09652022e+03
n064_nu0p010_s20261106,64,0.01,20261106,3.3000,2.13726433e-01,1.35181028e+00,1.35181028e-02,3.48004366e+00,1.11361199e+03
n064_nu0p010_s20261106,64,0.01,20261106,3.3200,2.13234335e-01,1.35516478e+00,1.35516478e-02,3.50250445e+00,1.13083679e+03
n064_nu0p010_s20261106,64,0.01,20261106,3.3400,2.12741231e-01,1.35847648e+00,1.35847648e-02,3.52803915e+00,1.14819594e+03
n064_nu0p010_s20261106,64,0.01,20261106,3.3600,2.12247134e-01,1.36174484e+00,1.36174484e-02,3.55323444e+00,1.16569062e+03
n064_nu0p010_s20261106,64,0.01,20261106,3.3800,2.11752060e-01,1.36496933e+00,1.36496933e-02,3.57809911e+00,1.18332179e+03
n064_nu0p010_s20261106,64,0.01,20261106,3.4000,2.11256023e-01,1.36814945e+00,1.36814945e-02,3.60264231e+00,1.20109022e+03
n064_nu0p010_s20261106,64,0.01,20261106,3.4200,2.10759039e-01,1.37128469e+00,1.37128469e-02,3.62687353e+00,1.21899639e+03
n064_nu0p010_s20261106,64,0.01,20261106,3.4400,2.10261124e-01,1.37437459e+00,1.37437459e-02,3.65080255e+00,1.23704049e+03
n064_nu0p010_s20261106,64,0.01,20261106,3.4600,2.09762292e-01,1.37741869e+00,1.37741869e-02,3.67443935e+00,1.25522242e+03
n064_nu0p010_s20261106,64,0.01,20261106,3.4800,2.09262562e-01,1.38041657e+00,1.38041657e-02,3.69779411e+00,1.27354169e+03
n064_nu0p010_s20261106,64,0.01,20261106,3.5000,2.08761948e-01,1.38336780e+00,1.38336780e-02,3.72173110e+00,1.29199746e+03
n064_nu0p010_s20261106,64,0.01,20261106,3.5200,2.08260468e-01,1.38627199e+00,1.38627199e-02,3.75320962e+00,1.31058849e+03
n064_nu0p010_s20261106,64,0.01,20261106,3.5400,2.07758138e-01,1.38912875e+00,1.38912875e-02,3.78472265e+00,1.32931312e+03
n064_nu0p010_s20261106,64,0.01,20261106,3.5600,2.07254975e-01,1.39193774e+00,1.39193774e-02,3.81626104e+00,1.34816925e+03
n064_nu0p010_s20261106,64,0.01,20261106,3.5800,2.06750997e-01,1.39469859e+00,1.39469859e-02,3.84781514e+00,1.36715434e+03
n064_nu0p010_s20261106,64,0.01,20261106,3.6000,2.06246221e-01,1.39741099e+00,1.39741099e-02,3.87937486e+00,1.38626537e+03
n064_nu0p010_s20261106,64,0.01,20261106,3.6200,2.05740665e-01,1.40007463e+00,1.40007463e-02,3.91092958e+00,1.40549884e+03
n064_nu0p010_s20261106,64,0.01,20261106,3.6400,2.05234345e-01,1.40268921e+00,1.40268921e-02,3.94246813e+00,1.42485079e+03
n064_nu0p010_s20261106,64,0.01,20261106,3.6600,2.04727281e-01,1.40525447e+00,1.40525447e-02,3.97397880e+00,1.44431675e+03
n064_nu0p010_s20261106,64,0.01,20261106,3.6800,2.04219490e-01,1.40777014e+00,1.40777014e-02,4.00544930e+00,1.46389174e+03
n064_nu0p010_s20261106,64,0.01,20261106,3.7000,2.03710990e-01,1.41023597e+00,1.41023597e-02,4.03686673e+00,1.48357032e+03
n064_nu0p010_s20261106,64,0.01,20261106,3.7200,2.03201800e-01,1.41265175e+00,1.41265175e-02,4.06821762e+00,1.50334653e+03
n064_nu0p010_s20261106,64,0.01,20261106,3.7400,2.02691938e-01,1.41501727e+00,1.41501727e-02,4.09948787e+00,1.52321394e+03
n064_nu0p010_s20261106,64,0.01,20261106,3.7600,2.02181421e-01,1.41733232e+00,1.41733232e-02,4.13066278e+00,1.54316562e+03
n064_nu0p010_s20261106,64,0.01,20261106,3.7800,2.01670269e-01,1.41959672e+00,1.41959672e-02,4.16172703e+00,1.56319420e+03
n064_nu0p010_s20261106,64,0.01,20261106,3.8000,2.01158500e-01,1.42181031e+00,1.42181031e-02,4.19266472e+00,1.58329182e+03
n064_nu0p010_s20261106,64,0.01,20261106,3.8200,2.00646133e-01,1.42397293e+00,1.42397293e-02,4.22345934e+00,1.60345020e+03
n064_nu0p010_s20261106,64,0.01,20261106,3.8400,2.00133186e-01,1.42608444e+00,1.42608444e-02,4.25409384e+00,1.62366061e+03
n064_nu0p010_s20261106,64,0.01,20261106,3.8600,1.99619677e-01,1.42814472e+00,1.42814472e-02,4.28455058e+00,1.64391392e+03
n064_nu0p010_s20261106,64,0.01,20261106,3.8800,1.99105626e-01,1.43015364e+00,1.43015364e-02,4.31481142e+00,1.66420063e+03
n064_nu0p010_s20261106,64,0.01,20261106,3.9000,1.98591050e-01,1.43211111e+00,1.43211111e-02,4.34485771e+00,1.68451086e+03
n064_nu0p010_s20261106,64,0.01,20261106,3.9200,1.98075968e-01,1.43401704e+00,1.43401704e-02,4.37467032e+00,1.70483439e+03
n064_nu0p010_s20261106,64,0.01,20261106,3.9400,1.97560400e-01,1.43587133e+00,1.43587133e-02,4.40422971e+00,1.72516069e+03
n064_nu0p010_s20261106,64,0.01,20261106,3.9600,1.97044362e-01,1.43767392e+00,1.43767392e-02,4.43351591e+00,1.74547893e+03
n064_nu0p010_s20261106,64,0.01,20261106,3.9800,1.96527874e-01,1.43942475e+00,1.43942475e-02,4.46250861e+00,1.76577806e+03
n064_nu0p010_s20261106,64,0.01,20261106,4.0000,1.96010953e-01,1.44112377e+00,1.44112377e-02,4.49118720e+00,1.78604675e+03
n064_nu0p010_s20261106,64,0.01,20261106,4.0200,1.95493619e-01,1.44277094e+00,1.44277094e-02,4.51953078e+00,1.80627351e+03
n064_nu0p010_s20261106,64,0.01,20261106,4.0400,1.94975889e-01,1.44436622e+00,1.44436622e-02,4.54751822e+00,1.82644667e+03
n064_nu0p010_s20261106,64,0.01,20261106,4.0600,1.94457781e-01,1.44590958e+00,1.44590958e-02,4.57512824e+00,1.84655444e+03
n064_nu0p010_s20261106,64,0.01,20261106,4.0800,1.93939314e-01,1.44740101e+00,1.44740101e-02,4.60233943e+00,1.86658490e+03
n064_nu0p010_s20261106,64,0.01,20261106,4.1000,1.93420505e-01,1.44884049e+00,1.44884049e-02,4.62913030e+00,1.88652607e+03
n064_nu0p010_s20261106,64,0.01,20261106,4.1200,1.92901372e-01,1.45022803e+00,1.45022803e-02,4.65547934e+00,1.90636594e+03
n064_nu0p010_s20261106,64,0.01,20261106,4.1400,1.92381933e-01,1.45156362e+00,1.45156362e-02,4.68136509e+00,1.92609249e+03
n064_nu0p010_s20261106,64,0.01,20261106,4.1600,1.91862205e-01,1.45284728e+00,1.45284728e-02,4.70676616e+00,1.94569372e+03
n064_nu0p010_s20261106,64,0.01,20261106,4.1800,1.91342206e-01,1.45407901e+00,1.45407901e-02,4.73166130e+00,1.96515766e+03
n064_nu0p010_s20261106,64,0.01,20261106,4.2000,1.90821953e-01,1.45525883e+00,1.45525883e-02,4.75602947e+00,1.98447247e+03
n064_nu0p010_s20261106,64,0.01,20261106,4.2200,1.90301464e-01,1.45638677e+00,1.45638677e-02,4.77984986e+00,2.00362637e+03
n064_nu0p010_s20261106,64,0.01,20261106,4.2400,1.89780755e-01,1.45746285e+00,1.45746285e-02,4.80310195e+00,2.02260777e+03
n064_nu0p010_s20261106,64,0.01,20261106,4.2600,1.89259844e-01,1.45848712e+00,1.45848712e-02,4.82576559e+00,2.04140521e+03
n064_nu0p010_s20261106,64,0.01,20261106,4.2800,1.88738747e-01,1.45945960e+00,1.45945960e-02,4.84782102e+00,2.06000742e+03
n064_nu0p010_s20261106,64,0.01,20261106,4.3000,1.88217482e-01,1.46038033e+00,1.46038033e-02,4.86924892e+00,2.07840338e+03
n064_nu0p010_s20261106,64,0.01,20261106,4.3200,1.87696064e-01,1.46124936e+00,1.46124936e-02,4.89003048e+00,2.09658227e+03
n064_nu0p010_s20261106,64,0.01,20261106,4.3400,1.87174511e-01,1.46206674e+00,1.46206674e-02,4.91014739e+00,2.11453356e+03
n064_nu0p010_s20261106,64,0.01,20261106,4.3600,1.86652839e-01,1.46283251e+00,1.46283251e-02,4.92958197e+00,2.13224697e+03
n064_nu0p010_s20261106,64,0.01,20261106,4.3800,1.86131063e-01,1.46354673e+00,1.46354673e-02,4.94831712e+00,2.14971254e+03
n064_nu0p010_s20261106,64,0.01,20261106,4.4000,1.85609201e-01,1.46420946e+00,1.46420946e-02,4.96633641e+00,2.16692062e+03
n064_nu0p010_s20261106,64,0.01,20261106,4.4200,1.85087267e-01,1.46482074e+00,1.46482074e-02,4.98444090e+00,2.18386190e+03
n064_nu0p010_s20261106,64,0.01,20261106,4.4400,1.84565279e-01,1.46538066e+00,1.46538066e-02,5.00659555e+00,2.20052741e+03
n064_nu0p010_s20261106,64,0.01,20261106,4.4600,1.84043252e-01,1.46588926e+00,1.46588926e-02,5.02773089e+00,2.21690852e+03
n064_nu0p010_s20261106,64,0.01,20261106,4.4800,1.83521202e-01,1.46634661e+00,1.46634661e-02,5.04782062e+00,2.23299701e+03
n064_nu0p010_s20261106,64,0.01,20261106,4.5000,1.82999143e-01,1.46675279e+00,1.46675279e-02,5.06684016e+00,2.24878501e+03
n064_nu0p010_s20261106,64,0.01,20261106,4.5200,1.82477093e-01,1.46710786e+00,1.46710786e-02,5.08476663e+00,2.26426506e+03
n064_nu0p010_s20261106,64,0.01,20261106,4.5400,1.81955065e-01,1.46741190e+00,1.46741190e-02,5.10157892e+00,2.27943008e+03
n064_nu0p010_s20261106,64,0.01,20261106,4.5600,1.81433076e-01,1.46766498e+00,1.46766498e-02,5.11725774e+00,2.29427341e+03
n064_nu0p010_s20261106,64,0.01,20261106,4.5800,1.80911141e-01,1.46786719e+00,1.46786719e-02,5.13178557e+00,2.30878879e+03
n064_nu0p010_s20261106,64,0.01,20261106,4.6000,1.80389274e-01,1.46801859e+00,1.46801859e-02,5.14514675e+00,2.32297040e+03
n064_nu0p010_s20261106,64,0.01,20261106,4.6200,1.79867491e-01,1.46811928e+00,1.46811928e-02,5.15732742e+00,2.33681280e+03
n064_nu0p010_s20261106,64,0.01,20261106,4.6400,1.79345806e-01,1.46816935e+00,1.46816935e-02,5.16831556e+00,2.35031101e+03
n064_nu0p010_s20261106,64,0.01,20261106,4.6600,1.78824236e-01,1.46816887e+00,1.46816887e-02,5.18146210e+00,2.36346044e+03
n064_nu0p010_s20261106,64,0.01,20261106,4.6800,1.78302793e-01,1.46811794e+00,1.46811794e-02,5.19734661e+00,2.37625695e+03
n064_nu0p010_s20261106,64,0.01,20261106,4.7000,1.77781494e-01,1.46801665e+00,1.46801665e-02,5.21208064e+00,2.38869681e+03
n064_nu0p010_s20261106,64,0.01,20261106,4.7200,1.77260353e-01,1.46786511e+00,1.46786511e-02,5.22564835e+00,2.40077670e+03
n064_nu0p010_s20261106,64,0.01,20261106,4.7400,1.76739384e-01,1.46766341e+00,1.46766341e-02,5.23803571e+00,2.41249373e+03
n064_nu0p010_s20261106,64,0.01,20261106,4.7600,1.76218601e-01,1.46741165e+00,1.46741165e-02,5.24923046e+00,2.42384544e+03
n064_nu0p010_s20261106,64,0.01,20261106,4.7800,1.75698021e-01,1.46710994e+00,1.46710994e-02,5.25922216e+00,2.43482975e+03
n064_nu0p010_s20261106,64,0.01,20261106,4.8000,1.75177656e-01,1.46675839e+00,1.46675839e-02,5.28265164e+00,2.44544499e+03
n064_nu0p010_s20261106,64,0.01,20261106,4.8200,1.74657522e-01,1.46635711e+00,1.46635711e-02,5.30692285e+00,2.45568991e+03
n064_nu0p010_s20261106,64,0.01,20261106,4.8400,1.74137632e-01,1.46590622e+00,1.46590622e-02,5.33051812e+00,2.46556364e+03
n064_nu0p010_s20261106,64,0.01,20261106,4.8600,1.73618001e-01,1.46540583e+00,1.46540583e-02,5.35341584e+00,2.47506567e+03
n064_nu0p010_s20261106,64,0.01,20261106,4.8800,1.73098643e-01,1.46485608e+00,1.46485608e-02,5.37559508e+00,2.48419589e+03
n064_nu0p010_s20261106,64,0.01,20261106,4.9000,1.72579572e-01,1.46425709e+00,1.46425709e-02,5.39703559e+00,2.49295455e+03
n064_nu0p010_s20261106,64,0.01,20261106,4.9200,1.72060804e-01,1.46360899e+00,1.46360899e-02,5.41771784e+00,2.50134224e+03
n064_nu0p010_s20261106,64,0.01,20261106,4.9400,1.71542351e-01,1.46291192e+00,1.46291192e-02,5.43762302e+00,2.50935989e+03
n064_nu0p010_s20261106,64,0.01,20261106,4.9600,1.71024227e-01,1.46216602e+00,1.46216602e-02,5.45673310e+00,2.51700878e+03
n064_nu0p010_s20261106,64,0.01,20261106,4.9800,1.70506448e-01,1.46137143e+00,1.46137143e-02,5.47503082e+00,2.52429047e+03
n064_nu0p010_s20261106,64,0.01,20261106,5.0000,1.69989026e-01,1.46052831e+00,1.46052831e-02,5.49249974e+00,2.53120685e+03
n064_nu0p010_s20261106,64,0.01,20261106,5.0200,1.69471977e-01,1.45963681e+00,1.45963681e-02,5.50912420e+00,2.53776007e+03
n064_nu0p010_s20261106,64,0.01,20261106,5.0400,1.68955314e-01,1.45869708e+00,1.45869708e-02,5.52488942e+00,2.54395257e+03
n064_nu0p010_s20261106,64,0.01,20261106,5.0600,1.68439050e-01,1.45770931e+00,1.45770931e-02,5.54325820e+00,2.54978704e+03
n064_nu0p010_s20261106,64,0.01,20261106,5.0800,1.67923201e-01,1.45667365e+00,1.45667365e-02,5.56125365e+00,2.55526640e+03
n064_nu0p010_s20261106,64,0.01,20261106,5.1000,1.67407779e-01,1.45559028e+00,1.45559028e-02,5.57832393e+00,2.56039379e+03
n064_nu0p010_s20261106,64,0.01,20261106,5.1200,1.66892799e-01,1.45445939e+00,1.45445939e-02,5.59445482e+00,2.56517258e+03
n064_nu0p010_s20261106,64,0.01,20261106,5.1400,1.66378275e-01,1.45328115e+00,1.45328115e-02,5.60963308e+00,2.56960630e+03
n064_nu0p010_s20261106,64,0.01,20261106,5.1600,1.65864220e-01,1.45205578e+00,1.45205578e-02,5.62384646e+00,2.57369866e+03
n064_nu0p010_s20261106,64,0.01,20261106,5.1800,1.65350648e-01,1.45078345e+00,1.45078345e-02,5.63708370e+00,2.57745356e+03
n064_nu0p010_s20261106,64,0.01,20261106,5.2000,1.64837573e-01,1.44946439e+00,1.44946439e-02,5.64933451e+00,2.58087498e+03
n064_nu0p010_s20261106,64,0.01,20261106,5.2200,1.64325010e-01,1.44809880e+00,1.44809880e-02,5.66058959e+00,2.58396708e+03
n064_nu0p010_s20261106,64,0.01,20261106,5.2400,1.63812970e-01,1.44668690e+00,1.44668690e-02,5.67084059e+00,2.58673410e+03
n064_nu0p010_s20261106,64,0.01,20261106,5.2600,1.63301469e-01,1.44522891e+00,1.44522891e-02,5.68008013e+00,2.58918039e+03
n064_nu0p010_s20261106,64,0.01,20261106,5.2800,1.62790520e-01,1.44372507e+00,1.44372507e-02,5.68830179e+00,2.59131035e+03
n064_nu0p010_s20261106,64,0.01,20261106,5.3000,1.62280136e-01,1.44217561e+00,1.44217561e-02,5.69550010e+00,2.59312849e+03
n064_nu0p010_s20261106,64,0.01,20261106,5.3200,1.61770331e-01,1.44058079e+00,1.44058079e-02,5.70167051e+00,2.59463935e+03
n064_nu0p010_s20261106,64,0.01,20261106,5.3400,1.61261119e-01,1.43894085e+00,1.43894085e-02,5.70680939e+00,2.59584750e+03
n064_nu0p010_s20261106,64,0.01,20261106,5.3600,1.60752513e-01,1.43725605e+00,1.43725605e-02,5.71091404e+00,2.59675756e+03
n064_nu0p010_s20261106,64,0.01,20261106,5.3800,1.60244527e-01,1.43552665e+00,1.43552665e-02,5.71398264e+00,2.59737416e+03
n064_nu0p010_s20261106,64,0.01,20261106,5.4000,1.59737174e-01,1.43375294e+00,1.43375294e-02,5.71601425e+00,2.59770194e+03
n064_nu0p010_s20261106,64,0.01,20261106,5.4200,1.59230467e-01,1.43193520e+00,1.43193520e-02,5.71700881e+00,2.59774554e+03
n064_nu0p010_s20261106,64,0.01,20261106,5.4400,1.58724420e-01,1.43007370e+00,1.43007370e-02,5.71696711e+00,2.59750959e+03
n064_nu0p010_s20261106,64,0.01,20261106,5.4600,1.58219047e-01,1.42816875e+00,1.42816875e-02,5.71589077e+00,2.59699870e+03
n064_nu0p010_s20261106,64,0.01,20261106,5.4800,1.57714359e-01,1.42622066e+00,1.42622066e-02,5.71378222e+00,2.59621746e+03
n064_nu0p010_s20261106,64,0.01,20261106,5.5000,1.57210371e-01,1.42422972e+00,1.42422972e-02,5.71064471e+00,2.59517042e+03
n064_nu0p010_s20261106,64,0.01,20261106,5.5200,1.56707095e-01,1.42219627e+00,1.42219627e-02,5.70648227e+00,2.59386212e+03
n064_nu0p010_s20261106,64,0.01,20261106,5.5400,1.56204545e-01,1.42012062e+00,1.42012062e-02,5.70704990e+00,2.59229702e+03
n064_nu0p010_s20261106,64,0.01,20261106,5.5600,1.55702734e-01,1.41800311e+00,1.41800311e-02,5.71573259e+00,2.59047958e+03
n064_nu0p010_s20261106,64,0.01,20261106,5.5800,1.55201674e-01,1.41584409e+00,1.41584409e-02,5.72375099e+00,2.58841418e+03
n064_nu0p010_s20261106,64,0.01,20261106,5.6000,1.54701378e-01,1.41364390e+00,1.41364390e-02,5.73111287e+00,2.58610516e+03
n064_nu0p010_s20261106,64,0.01,20261106,5.6200,1.54201860e-01,1.41140289e+00,1.41140289e-02,5.73782610e+00,2.58355681e+03
n064_nu0p010_s20261106,64,0.01,20261106,5.6400,1.53703130e-01,1.40912143e+00,1.40912143e-02,5.74389866e+00,2.58077336e+03
n064_nu0p010_s20261106,64,0.01,20261106,5.6600,1.53205204e-01,1.40679990e+00,1.40679990e-02,5.74933860e+00,2.57775899e+03
n064_nu0p010_s20261106,64,0.01,20261106,5.6800,1.52708092e-01,1.40443867e+00,1.40443867e-02,5.75415406e+00,2.57451782e+03
n064_nu0p010_s20261106,64,0.01,20261106,5.7000,1.52211807e-01,1.40203812e+00,1.40203812e-02,5.75835324e+00,2.57105392e+03
n064_nu0p010_s20261106,64,0.01,20261106,5.7200,1.51716361e-01,1.39959866e+00,1.39959866e-02,5.76194438e+00,2.56737128e+03
n064_nu0p010_s20261106,64,0.01,20261106,5.7400,1.51221767e-01,1.39712068e+00,1.39712068e-02,5.76493575e+00,2.56347386e+03
n064_nu0p010_s20261106,64,0.01,20261106,5.7600,1.50728037e-01,1.39460459e+00,1.39460459e-02,5.76733565e+00,2.55936555e+03
n064_nu0p010_s20261106,64,0.01,20261106,5.7800,1.50235182e-01,1.39205080e+00,1.39205080e-02,5.76915240e+00,2.55505018e+03
n064_nu0p010_s20261106,64,0.01,20261106,5.8000,1.49743215e-01,1.38945974e+00,1.38945974e-02,5.77039431e+00,2.55053154e+03
n064_nu0p010_s20261106,64,0.01,20261106,5.8200,1.49252147e-01,1.38683183e+00,1.38683183e-02,5.77106966e+00,2.54581335e+03
n064_nu0p010_s20261106,64,0.01,20261106,5.8400,1.48761990e-01,1.38416751e+00,1.38416751e-02,5.77118674e+00,2.54089929e+03
n064_nu0p010_s20261106,64,0.01,20261106,5.8600,1.48272756e-01,1.38146722e+00,1.38146722e-02,5.77075377e+00,2.53579297e+03
n064_nu0p010_s20261106,64,0.01,20261106,5.8800,1.47784455e-01,1.37873141e+00,1.37873141e-02,5.76977896e+00,2.53049798e+03
n064_nu0p010_s20261106,64,0.01,20261106,5.9000,1.47297100e-01,1.37596052e+00,1.37596052e-02,5.76827043e+00,2.52501784e+03
n064_nu0p010_s20261106,64,0.01,20261106,5.9200,1.46810701e-01,1.37315503e+00,1.37315503e-02,5.76623625e+00,2.51935602e+03
n064_nu0p010_s20261106,64,0.01,20261106,5.9400,1.46325269e-01,1.37031539e+00,1.37031539e-02,5.76368443e+00,2.51351596e+03
n064_nu0p010_s20261106,64,0.01,20261106,5.9600,1.45840815e-01,1.36744207e+00,1.36744207e-02,5.76062286e+00,2.50750106e+03
n064_nu0p010_s20261106,64,0.01,20261106,5.9800,1.45357351e-01,1.36453556e+00,1.36453556e-02,5.75705935e+00,2.50131466e+03
n064_nu0p010_s20261106,64,0.01,20261106,6.0000,1.44874885e-01,1.36159632e+00,1.36159632e-02,5.75300161e+00,2.49496008e+03
n064_nu0p010_s20261108,64,0.01,20261108,0.0000,2.82398442e-01,9.18162239e-01,9.18162239e-03,2.28949409e+00,2.49755961e+02
n064_nu0p010_s20261108,64,0.01,20261108,0.0200,2.82039437e-01,9.15754273e-01,9.15754273e-03,2.28130361e+00,2.40355587e+02
n064_nu0p010_s20261108,64,0.01,20261108,0.0400,2.81682078e-01,9.13484583e-01,9.13484583e-03,2.27260659e+00,2.31719459e+02
n064_nu0p010_s20261108,64,0.01,20261108,0.0600,2.81326315e-01,9.11349955e-01,9.11349955e-03,2.26343953e+00,2.23778398e+02
n064_nu0p010_s20261108,64,0.01,20261108,0.0800,2.80972095e-01,9.09347225e-01,9.09347225e-03,2.25383675e+00,2.16470294e+02
n064_nu0p010_s20261108,64,0.01,20261108,0.1000,2.80619361e-01,9.07473259e-01,9.07473259e-03,2.24470539e+00,2.09739163e+02
n064_nu0p010_s20261108,64,0.01,20261108,0.1200,2.80268052e-01,9.05724943e-01,9.05724943e-03,2.23846586e+00,2.03534443e+02
n064_nu0p010_s20261108,64,0.01,20261108,0.1400,2.79918103e-01,9.04099181e-01,9.04099181e-03,2.23212976e+00,1.97810479e+02
n064_nu0p010_s20261108,64,0.01,20261108,0.1600,2.79569446e-01,9.02592900e-01,9.02592900e-03,2.22974229e+00,1.92526111e+02
n064_nu0p010_s20261108,64,0.01,20261108,0.1800,2.79222011e-01,9.01203055e-01,9.01203055e-03,2.22627125e+00,1.87644313e+02
n064_nu0p010_s20261108,64,0.01,20261108,0.2000,2.78875724e-01,8.99926649e-01,8.99926649e-03,2.22176951e+00,1.83131867e+02
n064_nu0p010_s20261108,64,0.01,20261108,0.2200,2.78530511e-01,8.98760738e-01,8.98760738e-03,2.21867280e+00,1.78959030e+02
n064_nu0p010_s20261108,64,0.01,20261108,0.2400,2.78186296e-01,8.97702453e-01,8.97702453e-03,2.21725825e+00,1.75099195e+02
n064_nu0p010_s20261108,64,0.01,20261108,0.2600,2.77843000e-01,8.96749013e-01,8.96749013e-03,2.21469917e+00,1.71528567e+02
n064_nu0p010_s20261108,64,0.01,20261108,0.2800,2.77500549e-01,8.95897740e-01,8.95897740e-03,2.21106350e+00,1.68225846e+02
n064_nu0p010_s20261108,64,0.01,20261108,0.3000,2.77158864e-01,8.95146074e-01,8.95146074e-03,2.20641499e+00,1.65171941e+02
n064_nu0p010_s20261108,64,0.01,20261108,0.3200,2.76817872e-01,8.94491581e-01,8.94491581e-03,2.20081329e+00,1.62349717e+02
n064_nu0p010_s20261108,64,0.01,20261108,0.3400,2.76477496e-01,8.93931965e-01,8.93931965e-03,2.19613586e+00,1.59743778e+02
n064_nu0p010_s20261108,64,0.01,20261108,0.3600,2.76137665e-01,8.93465071e-01,8.93465071e-03,2.19427371e+00,1.57340273e+02
n064_nu0p010_s20261108,64,0.01,20261108,0.3800,2.75798309e-01,8.93088887e-01,8.93088887e-03,2.19139719e+00,1.55126741e+02
n064_nu0p010_s20261108,64,0.01,20261108,0.4000,2.75459360e-01,8.92801549e-01,8.92801549e-03,2.18741259e+00,1.53091952e+02
n064_nu0p010_s20261108,64,0.01,20261108,0.4200,2.75120752e-01,8.92601328e-01,8.92601328e-03,2.18237372e+00,1.51225775e+02
n064_nu0p010_s20261108,64,0.01,20261108,0.4400,2.74782422e-01,8.92486634e-01,8.92486634e-03,2.17633507e+00,1.49519043e+02
n064_nu0p010_s20261108,64,0.01,20261108,0.4600,2.74444310e-01,8.92456001e-01,8.92456001e-03,2.16935156e+00,1.47963430e+02
n064_nu0p010_s20261108,64,0.01,20261108,0.4800,2.74106358e-01,8.92508081e-01,8.92508081e-03,2.16147832e+00,1.46551343e+02
n064_nu0p010_s20261108,64,0.01,20261108,0.5000,2.73768512e-01,8.92641632e-01,8.92641632e-03,2.15277045e+00,1.45275820e+02
n064_nu0p010_s20261108,64,0.01,20261108,0.5200,2.73430718e-01,8.92855509e-01,8.92855509e-03,2.14328282e+00,1.44130451e+02
n064_nu0p010_s20261108,64,0.01,20261108,0.5400,2.73092926e-01,8.93148654e-01,8.93148654e-03,2.13562250e+00,1.43109307e+02
n064_nu0p010_s20261108,64,0.01,20261108,0.5600,2.72755087e-01,8.93520085e-01,8.93520085e-03,2.12868658e+00,1.42206882e+02
n064_nu0p010_s20261108,64,0.01,20261108,0.5800,2.72417157e-01,8.93968884e-01,8.93968884e-03,2.12089816e+00,1.41418049e+02
n064_nu0p010_s20261108,64,0.01,20261108,0.6000,2.72079090e-01,8.94494194e-01,8.94494194e-03,2.11230861e+00,1.40738014e+02
n064_nu0p010_s20261108,64,0.01,20261108,0.6200,2.71740844e-01,8.95095207e-01,8.95095207e-03,2.10296836e+00,1.40162286e+02
n064_nu0p010_s20261108,64,0.01,20261108,0.6400,2.71402379e-01,8.95771160e-01,8.95771160e-03,2.09292688e+00,1.39686636e+02
n064_nu0p010_s20261108,64,0.01,20261108,0.6600,2.71063655e-01,8.96521327e-01,8.96521327e-03,2.08223260e+00,1.39307075e+02
n064_nu0p010_s20261108,64,0.01,20261108,0.6800,2.70724635e-01,8.97345014e-01,8.97345014e-03,2.07093286e+00,1.39019833e+02
n064_nu0p010_s20261108,64,0.01,20261108,0.7000,2.70385283e-01,8.98241558e-01,8.98241558e-03,2.05907390e+00,1.38821343e+02
n064_nu0p010_s20261108,64,0.01,20261108,0.7200,2.70045563e-01,8.99210320e-01,8.99210320e-03,2.04914465e+00,1.38708244e+02
n064_nu0p010_s20261108,64,0.01,20261108,0.7400,2.69705441e-01,9.00250683e-01,9.00250683e-03,2.03969590e+00,1.38677375e+02
n064_nu0p010_s20261108,64,0.01,20261108,0.7600,2.69364886e-01,9.01362052e-01,9.01362052e-03,2.02960093e+00,1.38725792e+02
n064_nu0p010_s20261108,64,0.01,20261108,0.7800,2.69023864e-01,9.02543850e-01,9.02543850e-03,2.01916988e+00,1.38850773e+02
n064_nu0p010_s20261108,64,0.01,20261108,0.8000,2.68682345e-01,9.03795516e-01,9.03795516e-03,2.01467914e+00,1.39049829e+02
n064_nu0p010_s20261108,64,0.01,20261108,0.8200,2.68340300e-01,9.05116504e-01,9.05116504e-03,2.00914494e+00,1.39320706e+02
n064_nu0p010_s20261108,64,0.01,20261108,0.8400,2.67997699e-01,9.06506285e-01,9.06506285e-03,2.00257791e+00,1.39661382e+02
n064_nu0p010_s20261108,64,0.01,20261108,0.8600,2.67654514e-01,9.07964341e-01,9.07964341e-03,1.99499597e+00,1.40070063e+02
n064_nu0p010_s20261108,64,0.01,20261108,0.8800,2.67310718e-01,9.09490164e-01,9.09490164e-03,1.98642435e+00,1.40545169e+02
n064_nu0p010_s20261108,64,0.01,20261108,0.9000,2.66966284e-01,9.11083259e-01,9.11083259e-03,1.97726683e+00,1.41085330e+02
n064_nu0p010_s20261108,64,0.01,20261108,0.9200,2.66621185e-01,9.12743137e-01,9.12743137e-03,1.96977285e+00,1.41689371e+02
n064_nu0p010_s20261108,64,0.01,20261108,0.9400,2.66275397e-01,9.14469319e-01,9.14469319e-03,1.96149787e+00,1.42356316e+02
n064_nu0p010_s20261108,64,0.01,20261108,0.9600,2.65928895e-01,9.16261330e-01,9.16261330e-03,1.95680131e+00,1.43085389e+02
n064_nu0p010_s20261108,64,0.01,20261108,0.9800,2.65581655e-01,9.18118699e-01,9.18118699e-03,1.95303508e+00,1.43876022e+02
n064_nu0p010_s20261108,64,0.01,20261108,1.0000,2.65233654e-01,9.20040958e-01,9.20040958e-03,1.94832690e+00,1.44727865e+02
n064_nu0p010_s20261108,64,0.01,20261108,1.0200,2.64884867e-01,9.22027640e-01,9.22027640e-03,1.94269612e+00,1.45640789e+02
n064_nu0p010_s20261108,64,0.01,20261108,1.0400,2.64535274e-01,9.24078276e-01,9.24078276e-03,1.93616842e+00,1.46614887e+02
n064_nu0p010_s20261108,64,0.01,20261108,1.0600,2.64184852e-01,9.26192394e-01,9.26192394e-03,1.92877547e+00,1.47650466e+02
n064_nu0p010_s20261108,64,0.01,20261108,1.0800,2.63833578e-01,9.28369518e-01,9.28369518e-03,1.92055452e+00,1.48748017e+02
n064_nu0p010_s20261108,64,0.01,20261108,1.1000,2.63481433e-01,9.30609162e-01,9.30609162e-03,1.91179505e+00,1.49908187e+02
n064_nu0p010_s20261108,64,0.01,20261108,1.1200,2.63128395e-01,9.32910835e-01,9.32910835e-03,1.90521222e+00,1.51131730e+02
n064_nu0p010_s20261108,64,0.01,20261108,1.1400,2.62774444e-01,9.35274032e-01,9.35274032e-03,1.89875856e+00,1.52419456e+02
n064_nu0p010_s20261108,64,0.01,20261108,1.1600,2.62419559e-01,9.37698234e-01,9.37698234e-03,1.90188561e+00,1.53772186e+02
n064_nu0p010_s20261108,64,0.01,20261108,1.1800,2.62063720e-01,9.40182909e-01,9.40182909e-03,1.91164932e+00,1.55190705e+02
n064_nu0p010_s20261108,64,0.01,20261108,1.2000,2.61706909e-01,9.42727507e-01,9.42727507e-03,1.92076973e+00,1.56675733e+02
n064_nu0p010_s20261108,64,0.01,20261108,1.2200,2.61349105e-01,9.45331461e-01,9.45331461e-03,1.92926929e+00,1.58227910e+02
n064_nu0p010_s20261108,64,0.01,20261108,1.2400,2.60990290e-01,9.47994182e-01,9.47994182e-03,1.93717015e+00,1.59847810e+02
n064_nu0p010_s20261108,64,0.01,20261108,1.2600,2.60630444e-01,9.50715061e-01,9.50715061e-03,1.94449413e+00,1.61535971e+02
n064_nu0p010_s20261108,64,0.01,20261108,1.2800,2.60269549e-01,9.53493467e-01,9.53493467e-03,1.95126264e+00,1.63292949e+02
n064_nu0p010_s20261108,64,0.01,20261108,1.3000,2.59907585e-01,9.56328744e-01,9.56328744e-03,1.95749664e+00,1.65119394e+02
n064_nu0p010_s20261108,64,0.01,20261108,1.3200,2.59544536e-01,9.59220215e-01,9.59220215e-03,1.96629659e+00,1.67016138e+02
n064_nu0p010_s20261108,64,0.01,20261108,1.3400,2.59180382e-01,9.62167175e-01,9.62167175e-03,1.97840593e+00,1.68984295e+02
n064_nu0p010_s20261108,64,0.01,20261108,1.3600,2.58815107e-01,9.65168896e-01,9.65168896e-03,1.99027558e+00,1.71025362e+02
n064_nu0p010_s20261108,64,0.01,20261108,1.3800,2.58448691e-01,9.68224623e-01,9.68224623e-03,2.00191110e+00,1.73141319e+02
n064_nu0p010_s20261108,64,0.01,20261108,1.4000,2.58081119e-01,9.71333575e-01,9.71333575e-03,2.01331795e+00,1.75334717e+02
n064_nu0p010_s20261108,64,0.01,20261108,1.4200,2.57712372e-01,9.74494943e-01,9.74494943e-03,2.02450144e+00,1.77608752e+02
n064_nu0p010_s20261108,64,0.01,20261108,1.4400,2.57342434e-01,9.77707893e-01,9.77707893e-03,2.03546677e+00,1.79967324e+02
n064_nu0p010_s20261108,64,0.01,20261108,1.4600,2.56971288e-01,9.80971559e-01,9.80971559e-03,2.04621899e+00,1.82415069e+02
n064_nu0p010_s20261108,64,0.01,20261108,1.4800,2.56598918e-01,9.84285052e-01,9.84285052e-03,2.05676306e+00,1.84957380e+02
n064_nu0p010_s20261108,64,0.01,20261108,1.5000,2.56225309e-01,9.87647451e-01,9.87647451e-03,2.06729825e+00,1.87600394e+02
n064_nu0p010_s20261108,64,0.01,20261108,1.5200,2.55850445e-01,9.91057807e-01,9.91057807e-03,2.07836094e+00,1.90350968e+02
n064_nu0p010_s20261108,64,0.01,20261108,1.5400,2.55474310e-01,9.94515143e-01,9.94515143e-03,2.08944601e+00,1.93216633e+02
n064_nu0p010_s20261108,64,0.01,20261108,1.5600,2.55096891e-01,9.98018451e-01,9.98018451e-03,2.10113738e+00,1.96205531e+02
n064_nu0p010_s20261108,64,0.01,20261108,1.5800,2.54718173e-01,1.00156670e+00,1.00156670e-02,2.11784279e+00,1.99326344e+02
n064_nu0p010_s20261108,64,0.01,20261108,1.6000,2.54338141e-01,1.00515881e+00,1.00515881e-02,2.13497972e+00,2.02588202e+02
n064_nu0p010_s20261108,64,0.01,20261108,1.6200,2.53956785e-01,1.00879371e+00,1.00879371e-02,2.15159992e+00,2.06000593e+02
n064_nu0p010_s20261108,64,0.01,20261108,1.6400,2.53574089e-01,1.01247025e+00,1.01247025e-02,2.16769720e+00,2.09573260e+02
n064_nu0p010_s20261108,64,0.01,20261108,1.6600,2.53190044e-01,1.01618731e+00,1.01618731e-02,2.18326606e+00,2.13316097e+02
n064_nu0p010_s20261108,64,0.01,20261108,1.6800,2.52804637e-01,1.01994368e+00,1.01994368e-02,2.19830172e+00,2.17239041e+02
n064_nu0p010_s20261108,64,0.01,20261108,1.7000,2.52417857e-01,1.02373818e+00,1.02373818e-02,2.21280004e+00,2.21351966e+02
n064_nu0p010_s20261108,64,0.01,20261108,1.7200,2.52029695e-01,1.02756957e+00,1.02756957e-02,2.22675752e+00,2.25664572e+02
n064_nu0p010_s20261108,64,0.01,20261108,1.7400,2.51640141e-01,1.03143659e+00,1.03143659e-02,2.24017131e+00,2.30186286e+02
n064_nu0p010_s20261108,64,0.01,20261108,1.7600,2.51249186e-01,1.03533796e+00,1.03533796e-02,2.25303916e+00,2.34926158e+02
n064_nu0p010_s20261108,64,0.01,20261108,1.7800,2.50856823e-01,1.03927239e+00,1.03927239e-02,2.26717457e+00,2.39892766e+02
n064_nu0p010_s20261108,64,0.01,20261108,1.8000,2.50463044e-01,1.04323856e+00,1.04323856e-02,2.28074580e+00,2.45094124e+02
n064_nu0p010_s20261108,64,0.01,20261108,1.8200,2.50067843e-01,1.04723511e+00,1.04723511e-02,2.29374375e+00,2.50537606e+02
n064_nu0p010_s20261108,64,0.01,20261108,1.8400,2.49671215e-01,1.05126071e+00,1.05126071e-02,2.30616523e+00,2.56229864e+02
n064_nu0p010_s20261108,64,0.01,20261108,1.8600,2.49273154e-01,1.05531396e+00,1.05531396e-02,2.31800790e+00,2.62176771e+02
n064_nu0p010_s20261108,64,0.01,20261108,1.8800,2.48873657e-01,1.05939350e+00,1.05939350e-02,2.32927024e+00,2.68383362e+02
n064_nu0p010_s20261108,64,0.01,20261108,1.9000,2.48472720e-01,1.06349792e+00,1.06349792e-02,2.33995153e+00,2.74853789e+02
n064_nu0p010_s20261108,64,0.01,20261108,1.9200,2.48070341e-01,1.06762583e+00,1.06762583e-02,2.35170100e+00,2.81591292e+02
n064_nu0p010_s20261108,64,0.01,20261108,1.9400,2.47666519e-01,1.07177580e+00,1.07177580e-02,2.36888027e+00,2.88598173e+02
n064_nu0p010_s20261108,64,0.01,20261108,1.9600,2.47261253e-01,1.07594644e+00,1.07594644e-02,2.38695981e+00,2.95875786e+02
n064_nu0p010_s20261108,64,0.01,20261108,1.9800,2.46854542e-01,1.08013632e+00,1.08013632e-02,2.40461670e+00,3.03424538e+02
n064_nu0p010_s20261108,64,0.01,20261108,2.0000,2.46446389e-01,1.08434402e+00,1.08434402e-02,2.42184366e+00,3.11243895e+02
n064_nu0p010_s20261108,64,0.01,20261108,2.0200,2.46036795e-01,1.08856814e+00,1.08856814e-02,2.43863404e+00,3.19332401e+02
n064_nu0p010_s20261108,64,0.01,20261108,2.0400,2.45625762e-01,1.09280727e+00,1.09280727e-02,2.45498178e+00,3.27687710e+02
n064_nu0p010_s20261108,64,0.01,20261108,2.0600,2.45213293e-01,1.09706001e+00,1.09706001e-02,2.47088143e+00,3.36306619e+02
n064_nu0p010_s20261108,64,0.01,20261108,2.0800,2.44799394e-01,1.10132495e+00,1.10132495e-02,2.48632818e+00,3.45185108e+02
n064_nu0p010_s20261108,64,0.01,20261108,2.1000,2.44384068e-01,1.10560073e+00,1.10560073e-02,2.50131782e+00,3.54318396e+02
n064_nu0p010_s20261108,64,0.01,20261108,2.1200,2.43967321e-01,1.10988597e+00,1.10988597e-02,2.51584675e+00,3.63700989e+02
n064_nu0p010_s20261108,64,0.01,20261108,2.1400,2.43549159e-01,1.11417930e+00,1.11417930e-02,2.52991199e+00,3.73326741e+02
n064_nu0p010_s20261108,64,0.01,20261108,2.1600,2.43129589e-01,1.11847938e+00,1.11847938e-02,2.54351112e+00,3.83188917e+02
n064_nu0p010_s20261108,64,0.01,20261108,2.1800,2.42708620e-01,1.12278489e+00,1.12278489e-02,2.55664236e+00,3.93280255e+02
n064_nu0p010_s20261108,64,0.01,20261108,2.2000,2.42286258e-01,1.12709452e+00,1.12709452e-02,2.56930448e+00,4.03593032e+02
n064_nu0p010_s20261108,64,0.01,20261108,2.2200,2.41862513e-01,1.13140695e+00,1.13140695e-02,2.58149682e+00,4.14119129e+02
n064_nu0p010_s20261108,64,0.01,20261108,2.2400,2.41437393e-01,1.13572093e+00,1.13572093e-02,2.59321928e+00,4.24850102e+02
n064_nu0p010_s20261108,64,0.01,20261108,2.2600,2.41010910e-01,1.14003519e+00,1.14003519e-02,2.60447231e+00,4.35777241e+02
n064_nu0p010_s20261108,64,0.01,20261108,2.2800,2.40583072e-01,1.14434849e+00,1.14434849e-02,2.61525686e+00,4.46891637e+02
n064_nu0p010_s20261108,64,0.01,20261108,2.3000,2.40153891e-01,1.14865960e+00,1.14865960e-02,2.62597224e+00,4.58184244e+02
n064_nu0p010_s20261108,64,0.01,20261108,2.3200,2.39723378e-01,1.15296734e+00,1.15296734e-02,2.63729001e+00,4.69645941e+02
n064_nu0p010_s20261108,64,0.01,20261108,2.3400,2.39291544e-01,1.15727052e+00,1.15727052e-02,2.64795029e+00,4.81267584e+02
n064_nu0p010_s20261108,64,0.01,20261108,2.3600,2.38858402e-01,1.16156799e+00,1.16156799e-02,2.66576655e+00,4.93040064e+02
n064_nu0p010_s20261108,64,0.01,20261108,2.3800,2.38423963e-01,1.16585860e+00,1.16585860e-02,2.68545227e+00,5.04954357e+02
n064_nu0p010_s20261108,64,0.01,20261108,2.4000,2.37988241e-01,1.17014124e+00,1.17014124e-02,2.70481644e+00,5.17001573e+02
n064_nu0p010_s20261108,64,0.01,20261108,2.4200,2.37551247e-01,1.17441481e+00,1.17441481e-02,2.72385327e+00,5.29172996e+02
n064_nu0p010_s20261108,64,0.01,20261108,2.4400,2.37112996e-01,1.17867825e+00,1.17867825e-02,2.74255730e+00,5.41460128e+02
n064_nu0p010_s20261108,64,0.01,20261108,2.4600,2.36673501e-01,1.18293049e+00,1.18293049e-02,2.76092340e+00,5.53854723e+02
n064_nu0p010_s20261108,64,0.01,20261108,2.4800,2.36232774e-01,1.18717051e+00,1.18717051e-02,2.77894679e+00,5.66348820e+02
n064_nu0p010_s20261108,64,0.01,20261108,2.5000,2.35790831e-01,1.19139729e+00,1.19139729e-02,2.79662301e+00,5.78934775e+02
n064_nu0p010_s20261108,64,0.01,20261108,2.5200,2.35347685e-01,1.19560985e+00,1.19560985e-02,2.81394794e+00,5.91605279e+02
n064_nu0p010_s20261108,64,0.01,20261108,2.5400,2.34903349e-01,1.19980723e+00,1.19980723e-02,2.83091783e+00,6.04353387e+02
n064_nu0p010_s20261108,64,0.01,20261108,2.5600,2.34457840e-01,1.20398846e+00,1.20398846e-02,2.84752922e+00,6.17172530e+02
n064_nu0p010_s20261108,64,0.01,20261108,2.5800,2.34011169e-01,1.20815263e+00,1.20815263e-02,2.86377903e+00,6.30056533e+02
n064_nu0p010_s20261108,64,0.01,20261108,2.6000,2.33563353e-01,1.21229883e+00,1.21229883e-02,2.87966453e+00,6.42999624e+02
n064_nu0p010_s20261108,64,0.01,20261108,2.6200,2.33114406e-01,1.21642618e+00,1.21642618e-02,2.89518332e+00,6.55996441e+02
n064_nu0p010_s20261108,64,0.01,20261108,2.6400,2.32664342e-01,1.22053382e+00,1.22053382e-02,2.91033336e+00,6.69042038e+02
n064_nu0p010_s20261108,64,0.01,20261108,2.6600,2.32213176e-01,1.22462089e+00,1.22462089e-02,2.92511298e+00,6.82131885e+02
n064_nu0p010_s20261108,64,0.01,20261108,2.6800,2.31760922e-01,1.22868658e+00,1.22868658e-02,2.93952086e+00,6.95261869e+02
n064_nu0p010_s20261108,64,0.01,20261108,2.7000,2.31307596e-01,1.23273009e+00,1.23273009e-02,2.95355604e+00,7.08428289e+02
n064_nu0p010_s20261108,64,0.01,20261108,2.7200,2.30853212e-01,1.23675062e+00,1.23675062e-02,2.96721796e+00,7.21627853e+02
n064_nu0p010_s20261108,64,0.01,20261108,2.7400,2.30397785e-01,1.24074741e+00,1.24074741e-02,2.98050640e+00,7.34857665e+02
n064_nu0p010_s20261108,64,0.01,20261108,2.7600,2.29941329e-01,1.24471972e+00,1.24471972e-02,2.99342155e+00,7.48115221e+02
n064_nu0p010_s20261108,64,0.01,20261108,2.7800,2.29483860e-01,1.24866682e+00,1.24866682e-02,3.00596397e+00,7.61398396e+02
n064_nu0p010_s20261108,64,0.01,20261108,2.8000,2.29025391e-01,1.25258800e+00,1.25258800e-02,3.01813460e+00,7.74705430e+02
n064_nu0p010_s20261108,64,0.01,20261108,2.8200,2.28565938e-01,1.25648257e+00,1.25648257e-02,3.02993480e+00,7.88034917e+02
n064_nu0p010_s20261108,64,0.01,20261108,2.8400,2.28105515e-01,1.26034985e+00,1.26034985e-02,3.04136628e+00,8.01385787e+02
n064_nu0p010_s20261108,64,0.01,20261108,2.8600,2.27644137e-01,1.26418919e+00,1.26418919e-02,3.05243120e+00,8.14757293e+02
n064_nu0p010_s20261108,64,0.01,20261108,2.8800,2.27181818e-01,1.26799995e+00,1.26799995e-02,3.06313208e+00,8.28148995e+02
n064_nu0p010_s20261108,64,0.01,20261108,2.9000,2.26718572e-01,1.27178150e+00,1.27178150e-02,3.07347186e+00,8.41560740e+02
n064_nu0p010_s20261108,64,0.01,20261108,2.9200,2.26254413e-01,1.27553325e+00,1.27553325e-02,3.08345387e+00,8.54992647e+02
n064_nu0p010_s20261108,64,0.01,20261108,2.9400,2.25789357e-01,1.27925459e+00,1.27925459e-02,3.09308183e+00,8.68445086e+02
n064_nu0p010_s20261108,64,0.01,20261108,2.9600,2.25323417e-01,1.28294496e+00,1.28294496e-02,3.10235988e+00,8.81918665e+02
n064_nu0p010_s20261108,64,0.01,20261108,2.9800,2.24856607e-01,1.28660379e+00,1.28660379e-02,3.11947315e+00,8.95414206e+02
n064_nu0p010_s20261108,64,0.01,20261108,3.0000,2.24388941e-01,1.29023054e+00,1.29023054e-02,3.14122142e+00,9.08932727e+02
n064_nu0p010_s20261108,64,0.01,20261108,3.0200,2.23920432e-01,1.29382468e+00,1.29382468e-02,3.16266082e+00,9.22475427e+02
n064_nu0p010_s20261108,64,0.01,20261108,3.0400,2.23451095e-01,1.29738570e+00,1.29738570e-02,3.18378415e+00,9.36043662e+02
n064_nu0p010_s20261108,64,0.01,20261108,3.0600,2.22980943e-01,1.30091308e+00,1.30091308e-02,3.20458448e+00,9.49638927e+02
n064_nu0p010_s20261108,64,0.01,20261108,3.0800,2.22509990e-01,1.30440636e+00,1.30440636e-02,3.22505525e+00,9.63262840e+02
n064_nu0p010_s20261108,64,0.01,20261108,3.1000,2.22038249e-01,1.30786505e+00,1.30786505e-02,3.24519021e+00,9.76917116e+02
n064_nu0p010_s20261108,64,0.01,20261108,3.1200,2.21565733e-01,1.31128869e+00,1.31128869e-02,3.26498347e+00,9.90603557e+02
n064_nu0p010_s20261108,64,0.01,20261108,3.1400,2.21092455e-01,1.31467684e+00,1.31467684e-02,3.28442953e+00,1.00432402e+03
n064_nu0p010_s20261108,64,0.01,20261108,3.1600,2.20618429e-01,1.31802906e+00,1.31802906e-02,3.30352323e+00,1.01808042e+03
n064_nu0p010_s20261108,64,0.01,20261108,3.1800,2.20143666e-01,1.32134493e+00,1.32134493e-02,3.32279171e+00,1.03187467e+03
n064_nu0p010_s20261108,64,0.01,20261108,3.2000,2.19668181e-01,1.32462404e+00,1.32462404e-02,3.34186325e+00,1.04570872e+03
n064_nu0p010_s20261108,64,0.01,20261108,3.2200,2.19191984e-01,1.32786600e+00,1.32786600e-02,3.36065526e+00,1.05958449e+03
n064_nu0p010_s20261108,64,0.01,20261108,3.2400,2.18715090e-01,1.33107043e+00,1.33107043e-02,3.37916491e+00,1.07350386e+03
n064_nu0p010_s20261108,64,0.01,20261108,3.2600,2.18237510e-01,1.33423695e+00,1.33423695e-02,3.39738956e+00,1.08746869e+03
n064_nu0p010_s20261108,64,0.01,20261108,3.2800,2.17759256e-01,1.33736520e+00,1.33736520e-02,3.41532666e+00,1.10148075e+03
n064_nu0p010_s20261108,64,0.01,20261108,3.3000,2.17280341e-01,1.34045484e+00,1.34045484e-02,3.43297387e+00,1.11554173e+03
n064_nu0p010_s20261108,64,0.01,20261108,3.3200,2.16800776e-01,1.34350554e+00,1.34350554e-02,3.45032896e+00,1.12965324e+03
n064_nu0p010_s20261108,64,0.01,20261108,3.3400,2.16320574e-01,1.34651696e+00,1.34651696e-02,3.46738986e+00,1.14381674e+03
n064_nu0p010_s20261108,64,0.01,20261108,3.3600,2.15839745e-01,1.34948881e+00,1.34948881e-02,3.48415467e+00,1.15803361e+03
n064_nu0p010_s20261108,64,0.01,20261108,3.3800,2.15358302e-01,1.35242077e+00,1.35242077e-02,3.50062160e+00,1.17230505e+03
n064_nu0p010_s20261108,64,0.01,20261108,3.4000,2.14876255e-01,1.35531257e+00,1.35531257e-02,3.51678906e+00,1.18663212e+03
n064_nu0p010_s20261108,64,0.01,20261108,3.4200,2.14393616e-01,1.35816393e+00,1.35816393e-02,3.53265556e+00,1.20101572e+03
n064_nu0p010_s20261108,64,0.01,20261108,3.4400,2.13910397e-01,1.36097458e+00,1.36097458e-02,3.54821979e+00,1.21545655e+03
n064_nu0p010_s20261108,64,0.01,20261108,3.4600,2.13426608e-01,1.36374427e+00,1.36374427e-02,3.56494160e+00,1.22995514e+03
n064_nu0p010_s20261108,64,0.01,20261108,3.4800,2.12942260e-01,1.36647276e+00,1.36647276e-02,3.58456081e+00,1.24451183e+03
n064_nu0p010_s20261108,64,0.01,20261108,3.5000,2.12457364e-01,1.36915982e+00,1.36915982e-02,3.60400585e+00,1.25912675e+03
n064_nu0p010_s20261108,64,0.01,20261108,3.5200,2.11971930e-01,1.37180524e+00,1.37180524e-02,3.62327372e+00,1.27379981e+03
n064_nu0p010_s20261108,64,0.01,20261108,3.5400,2.11485969e-01,1.37440880e+00,1.37440880e-02,3.64236146e+00,1.28853072e+03
n064_nu0p010_s20261108,64,0.01,20261108,3.5600,2.10999491e-01,1.37697030e+00,1.37697030e-02,3.66126616e+00,1.30331897e+03
n064_nu0p010_s20261108,64,0.01,20261108,3.5800,2.10512507e-01,1.37948957e+00,1.37948957e-02,3.67998494e+00,1.31816383e+03
n064_nu0p010_s20261108,64,0.01,20261108,3.6000,2.10025027e-01,1.38196643e+00,1.38196643e-02,3.69851492e+00,1.33306433e+03
n064_nu0p010_s20261108,64,0.01,20261108,3.6200,2.09537060e-01,1.38440072e+00,1.38440072e-02,3.71853119e+00,1.34801929e+03
n064_nu0p010_s20261108,64,0.01,20261108,3.6400,2.09048617e-01,1.38679227e+00,1.38679227e-02,3.73866974e+00,1.36302731e+03
n064_nu0p010_s20261108,64,0.01,20261108,3.6600,2.08559708e-01,1.38914095e+00,1.38914095e-02,3.75866995e+00,1.37808675e+03
n064_nu0p010_s20261108,64,0.01,20261108,3.6800,2.08070341e-01,1.39144663e+00,1.39144663e-02,3.77852708e+00,1.39319577e+03
n064_nu0p010_s20261108,64,0.01,20261108,3.7000,2.07580527e-01,1.39370918e+00,1.39370918e-02,3.79823628e+00,1.40835229e+03
n064_nu0p010_s20261108,64,0.01,20261108,3.7200,2.07090275e-01,1.39592849e+00,1.39592849e-02,3.81779262e+00,1.42355402e+03
n064_nu0p010_s20261108,64,0.01,20261108,3.7400,2.06599594e-01,1.39810445e+00,1.39810445e-02,3.83719109e+00,1.43879847e+03
n064_nu0p010_s20261108,64,0.01,20261108,3.7600,2.06108493e-01,1.40023697e+00,1.40023697e-02,3.85642657e+00,1.45408292e+03
n064_nu0p010_s20261108,64,0.01,20261108,3.7800,2.05616982e-01,1.40232596e+00,1.40232596e-02,3.87549383e+00,1.46940446e+03
n064_nu0p010_s20261108,64,0.01,20261108,3.8000,2.05125069e-01,1.40437134e+00,1.40437134e-02,3.89438753e+00,1.48475998e+03
n064_nu0p010_s20261108,64,0.01,20261108,3.8200,2.04632764e-01,1.40637304e+00,1.40637304e-02,3.91822079e+00,1.50014617e+03
n064_nu0p010_s20261108,64,0.01,20261108,3.8400,2.04140075e-01,1.40833100e+00,1.40833100e-02,3.94492874e+00,1.51555955e+03
n064_nu0p010_s20261108,64,0.01,20261108,3.8600,2.03647010e-01,1.41024516e+00,1.41024516e-02,3.97181515e+00,1.53099644e+03
n064_nu0p010_s20261108,64,0.01,20261108,3.8800,2.03153578e-01,1.41211548e+00,1.41211548e-02,3.99887775e+00,1.54645299e+03
n064_nu0p010_s20261108,64,0.01,20261108,3.9000,2.02659788e-01,1.41394190e+00,1.41394190e-02,4.02611310e+00,1.56192520e+03
n064_nu0p010_s20261108,64,0.01,20261108,3.9200,2.02165647e-01,1.41572439e+00,1.41572439e-02,4.05351649e+00,1.57740887e+03
n064_nu0p010_s20261108,64,0.01,20261108,3.9400,2.01671165e-01,1.41746291e+00,1.41746291e-02,4.08108193e+00,1.59289969e+03
n064_nu0p010_s20261108,64,0.01,20261108,3.9600,2.01176348e-01,1.41915745e+00,1.41915745e-02,4.10880212e+00,1.60839317e+03
n064_nu0p010_s20261108,64,0.01,20261108,3.9800,2.00681206e-01,1.42080797e+00,1.42080797e-02,4.13666837e+00,1.62388470e+03
n064_nu0p010_s20261108,64,0.01,20261108,4.0000,2.00185745e-01,1.42241447e+00,1.42241447e-02,4.16467057e+00,1.63936952e+03
n064_nu0p010_s20261108,64,0.01,20261108,4.0200,1.99689974e-01,1.42397691e+00,1.42397691e-02,4.19279716e+00,1.65484277e+03
n064_nu0p010_s20261108,64,0.01,20261108,4.0400,1.99193900e-01,1.42549530e+00,1.42549530e-02,4.22103508e+00,1.67029943e+03
n064_nu0p010_s20261108,64,0.01,20261108,4.0600,1.98697532e-01,1.42696961e+00,1.42696961e-02,4.24936971e+00,1.68573442e+03
n064_nu0p010_s20261108,64,0.01,20261108,4.0800,1.98200875e-01,1.42839985e+00,1.42839985e-02,4.27778485e+00,1.70114254e+03
n064_nu0p010_s20261108,64,0.01,20261108,4.1000,1.97703938e-01,1.42978600e+00,1.42978600e-02,4.30626267e+00,1.71651847e+03
n064_nu0p010_s20261108,64,0.01,20261108,4.1200,1.97206728e-01,1.43112806e+00,1.43112806e-02,4.33478368e+00,1.73185684e+03
n064_nu0p010_s20261108,64,0.01,20261108,4.1400,1.96709252e-01,1.43242603e+00,1.43242603e-02,4.36332668e+00,1.74715219e+03
n064_nu0p010_s20261108,64,0.01,20261108,4.1600,1.96211518e-01,1.43367991e+00,1.43367991e-02,4.39186874e+00,1.76239899e+03
n064_nu0p010_s20261108,64,0.01,20261108,4.1800,1.95713532e-01,1.43488968e+00,1.43488968e-02,4.42038515e+00,1.77759165e+03
n064_nu0p010_s20261108,64,0.01,20261108,4.2000,1.95215301e-01,1.43605535e+00,1.43605535e-02,4.44884943e+00,1.79272454e+03
n064_nu0p010_s20261108,64,0.01,20261108,4.2200,1.94716833e-01,1.43717692e+00,1.43717692e-02,4.47723324e+00,1.80779198e+03
n064_nu0p010_s20261108,64,0.01,20261108,4.2400,1.94218134e-01,1.43825437e+00,1.43825437e-02,4.50550644e+00,1.82278824e+03
n064_nu0p010_s20261108,64,0.01,20261108,4.2600,1.93719211e-01,1.43928771e+00,1.43928771e-02,4.53363701e+00,1.83770759e+03
n064_nu0p010_s20261108,64,0.01,20261108,4.2800,1.93220070e-01,1.44027692e+00,1.44027692e-02,4.56159109e+00,1.85254427e+03
n064_nu0p010_s20261108,64,0.01,20261108,4.3000,1.92720719e-01,1.44122200e+00,1.44122200e-02,4.58933292e+00,1.86729253e+03
n064_nu0p010_s20261108,64,0.01,20261108,4.3200,1.92221164e-01,1.44212294e+00,1.44212294e-02,4.61682489e+00,1.88194660e+03
n064_nu0p010_s20261108,64,0.01,20261108,4.3400,1.91721411e-01,1.44297972e+00,1.44297972e-02,4.64402753e+00,1.89650074e+03
n064_nu0p010_s20261108,64,0.01,20261108,4.3600,1.91221467e-01,1.44379234e+00,1.44379234e-02,4.67089954e+00,1.91094921e+03
n064_nu0p010_s20261108,64,0.01,20261108,4.3800,1.90721339e-01,1.44456077e+00,1.44456077e-02,4.69739776e+00,1.92528632e+03
n064_nu0p010_s20261108,64,0.01,20261108,4.4000,1.90221033e-01,1.44528500e+00,1.44528500e-02,4.72347729e+00,1.93950640e+03
n064_nu0p010_s20261108,64,0.01,20261108,4.4200,1.89720556e-01,1.44596501e+00,1.44596501e-02,4.74909143e+00,1.95360382e+03
n064_nu0p010_s20261108,64,0.01,20261108,4.4400,1.89219914e-01,1.44660078e+00,1.44660078e-02,4.77419181e+00,1.96757303e+03
n064_nu0p010_s20261108,64,0.01,20261108,4.4600,1.88719114e-01,1.44719228e+00,1.44719228e-02,4.79872841e+00,1.98140851e+03
n064_nu0p010_s20261108,64,0.01,20261108,4.4800,1.88218162e-01,1.44773949e+00,1.44773949e-02,4.82264961e+00,1.99510484e+03
n064_nu0p010_s20261108,64,0.01,20261108,4.5000,1.87717064e-01,1.44824238e+00,1.44824238e-02,4.84590233e+00,2.00865665e+03
n064_nu0p010_s20261108,64,0.01,20261108,4.5200,1.87215828e-01,1.44870093e+00,1.44870093e-02,4.86843203e+00,2.02205867e+03
n064_nu0p010_s20261108,64,0.01,20261108,4.5400,1.86714460e-01,1.44911509e+00,1.44911509e-02,4.89018289e+00,2.03530572e+03
n064_nu0p010_s20261108,64,0.01,20261108,4.5600,1.86212966e-01,1.44948484e+00,1.44948484e-02,4.91109785e+00,2.04839270e+03
n064_nu0p010_s20261108,64,0.01,20261108,4.5800,1.85711352e-01,1.44981015e+00,1.44981015e-02,4.93111880e+00,2.06131466e+03
n064_nu0p010_s20261108,64,0.01,20261108,4.6000,1.85209627e-01,1.45009098e+00,1.45009098e-02,4.95018664e+00,2.07406671e+03
n064_nu0p010_s20261108,64,0.01,20261108,4.6200,1.84707796e-01,1.45032730e+00,1.45032730e-02,4.96824147e+00,2.08664411e+03
n064_nu0p010_s20261108,64,0.01,20261108,4.6400,1.84205866e-01,1.45051907e+00,1.45051907e-02,4.98522271e+00,2.09904225e+03
n064_nu0p010_s20261108,64,0.01,20261108,4.6600,1.83703845e-01,1.45066626e+00,1.45066626e-02,5.00106931e+00,2.11125663e+03
n064_nu0p010_s20261108,64,0.01,20261108,4.6800,1.83201738e-01,1.45076884e+00,1.45076884e-02,5.01571984e+00,2.12328290e+03
n064_nu0p010_s20261108,64,0.01,20261108,4.7000,1.82699553e-01,1.45082676e+00,1.45082676e-02,5.02911277e+00,2.13511685e+03
n064_nu0p010_s20261108,64,0.01,20261108,4.7200,1.82197298e-01,1.45083999e+00,1.45083999e-02,5.04118660e+00,2.14675441e+03
n064_nu0p010_s20261108,64,0.01,20261108,4.7400,1.81694979e-01,1.45080851e+00,1.45080851e-02,5.05188007e+00,2.15819167e+03
n064_nu0p010_s20261108,64,0.01,20261108,4.7600,1.81192604e-01,1.45073228e+00,1.45073228e-02,5.06113239e+00,2.16942487e+03
n064_nu0p010_s20261108,64,0.01,20261108,4.7800,1.80690180e-01,1.45061126e+00,1.45061126e-02,5.06888345e+00,2.18045042e+03
n064_nu0p010_s20261108,64,0.01,20261108,4.8000,1.80187715e-01,1.45044544e+00,1.45044544e-02,5.09548402e+00,2.19126487e+03
n064_nu0p010_s20261108,64,0.01,20261108,4.8200,1.79685216e-01,1.45023479e+00,1.45023479e-02,5.13031402e+00,2.20186496e+03
n064_nu0p010_s20261108,64,0.01,20261108,4.8400,1.79182691e-01,1.44997929e+00,1.44997929e-02,5.16477701e+00,2.21224759e+03
n064_nu0p010_s20261108,64,0.01,20261108,4.8600,1.78680148e-01,1.44967891e+00,1.44967891e-02,5.19881446e+00,2.22240981e+03
n064_nu0p010_s20261108,64,0.01,20261108,4.8800,1.78177595e-01,1.44933364e+00,1.44933364e-02,5.23236621e+00,2.23234888e+03
n064_nu0p010_s20261108,64,0.01,20261108,4.9000,1.77675040e-01,1.44894348e+00,1.44894348e-02,5.26537051e+00,2.24206219e+03
n064_nu0p010_s20261108,64,0.01,20261108,4.9200,1.77172491e-01,1.44850840e+00,1.44850840e-02,5.29776419e+00,2.25154733e+03
n064_nu0p010_s20261108,64,0.01,20261108,4.9400,1.76669958e-01,1.44802841e+00,1.44802841e-02,5.32948273e+00,2.26080204e+03
n064_nu0p010_s20261108,64,0.01,20261108,4.9600,1.76167448e-01,1.44750351e+00,1.44750351e-02,5.36046040e+00,2.26982426e+03
n064_nu0p010_s20261108,64,0.01,20261108,4.9800,1.75664970e-01,1.44693371e+00,1.44693371e-02,5.39063041e+00,2.27861207e+03
n064_nu0p010_s20261108,64,0.01,20261108,5.0000,1.75162533e-01,1.44631901e+00,1.44631901e-02,5.41992505e+00,2.28716372e+03
n064_nu0p010_s20261108,64,0.01,20261108,5.0200,1.74660146e-01,1.44565943e+00,1.44565943e-02,5.44827587e+00,2.29547763e+03
n064_nu0p010_s20261108,64,0.01,20261108,5.0400,1.74157818e-01,1.44495501e+00,1.44495501e-02,5.47561381e+00,2.30355238e+03
n064_nu0p010_s20261108,64,0.01,20261108,5.0600,1.73655559e-01,1.44420576e+00,1.44420576e-02,5.50186944e+00,2.31138669e+03
n064_nu0p010_s20261108,64,0.01,20261108,5.0800,1.73153378e-01,1.44341172e+00,1.44341172e-02,5.52697311e+00,2.31897946e+03
n064_nu0p010_s20261108,64,0.01,20261108,5.1000,1.72651284e-01,1.44257294e+00,1.44257294e-02,5.55085518e+00,2.32632970e+03
n064_nu0p010_s20261108,64,0.01,20261108,5.1200,1.72149288e-01,1.44168947e+00,1.44168947e-02,5.57344619e+00,2.33343659e+03
n064_nu0p010_s20261108,64,0.01,20261108,5.1400,1.71647399e-01,1.44076136e+00,1.44076136e-02,5.59467714e+00,2.34029942e+03
n064_nu0p010_s20261108,64,0.01,20261108,5.1600,1.71145627e-01,1.43978867e+00,1.43978867e-02,5.61447966e+00,2.34691762e+03
n064_nu0p010_s20261108,64,0.01,20261108,5.1800,1.70643983e-01,1.43877148e+00,1.43877148e-02,5.63278625e+00,2.35329074e+03
n064_nu0p010_s20261108,64,0.01,20261108,5.2000,1.70142477e-01,1.43770987e+00,1.43770987e-02,5.64953053e+00,2.35941845e+03
n064_nu0p010_s20261108,64,0.01,20261108,5.2200,1.69641119e-01,1.43660393e+00,1.43660393e-02,5.66464749e+00,2.36530050e+03
n064_nu0p010_s20261108,64,0.01,20261108,5.2400,1.69139921e-01,1.43545375e+00,1.43545375e-02,5.67807369e+00,2.37093677e+03
n064_nu0p010_s20261108,64,0.01,20261108,5.2600,1.68638892e-01,1.43425944e+00,1.43425944e-02,5.68974752e+00,2.37632724e+03
n064_nu0p010_s20261108,64,0.01,20261108,5.2800,1.68138044e-01,1.43302111e+00,1.43302111e-02,5.69960944e+00,2.38147194e+03
n064_nu0p010_s20261108,64,0.01,20261108,5.3000,1.67637389e-01,1.43173888e+00,1.43173888e-02,5.70760222e+00,2.38637102e+03
n064_nu0p010_s20261108,64,0.01,20261108,5.3200,1.67136936e-01,1.43041289e+00,1.43041289e-02,5.71367116e+00,2.39102468e+03
n064_nu0p010_s20261108,64,0.01,20261108,5.3400,1.66636699e-01,1.42904327e+00,1.42904327e-02,5.71776433e+00,2.39543322e+03
n064_nu0p010_s20261108,64,0.01,20261108,5.3600,1.66136687e-01,1.42763017e+00,1.42763017e-02,5.71983280e+00,2.39959696e+03
n064_nu0p010_s20261108,64,0.01,20261108,5.3800,1.65636913e-01,1.42617375e+00,1.42617375e-02,5.72484207e+00,2.40351632e+03
n064_nu0p010_s20261108,64,0.01,20261108,5.4000,1.65137389e-01,1.42467418e+00,1.42467418e-02,5.73139738e+00,2.40719177e+03
n064_nu0p010_s20261108,64,0.01,20261108,5.4200,1.64638126e-01,1.42313163e+00,1.42313163e-02,5.73603156e+00,2.41062383e+03
n064_nu0p010_s20261108,64,0.01,20261108,5.4400,1.64139137e-01,1.42154629e+00,1.42154629e-02,5.73869813e+00,2.41381305e+03
n064_nu0p010_s20261108,64,0.01,20261108,5.4600,1.63640433e-01,1.41991835e+00,1.41991835e-02,5.73935379e+00,2.41676007e+03
n064_nu0p010_s20261108,64,0.01,20261108,5.4800,1.63142027e-01,1.41824802e+00,1.41824802e-02,5.73795863e+00,2.41946554e+03
n064_nu0p010_s20261108,64,0.01,20261108,5.5000,1.62643932e-01,1.41653552e+00,1.41653552e-02,5.73447632e+00,2.42193018e+03
n064_nu0p010_s20261108,64,0.01,20261108,5.5200,1.62146159e-01,1.41478106e+00,1.41478106e-02,5.72887427e+00,2.42415475e+03
n064_nu0p010_s20261108,64,0.01,20261108,5.5400,1.61648721e-01,1.41298488e+00,1.41298488e-02,5.72112377e+00,2.42614007e+03
n064_nu0p010_s20261108,64,0.01,20261108,5.5600,1.61151631e-01,1.41114721e+00,1.41114721e-02,5.71120015e+00,2.42788697e+03
n064_nu0p010_s20261108,64,0.01,20261108,5.5800,1.60654901e-01,1.40926832e+00,1.40926832e-02,5.69908290e+00,2.42939638e+03
n064_nu0p010_s20261108,64,0.01,20261108,5.6000,1.60158545e-01,1.40734847e+00,1.40734847e-02,5.68475576e+00,2.43066924e+03
n064_nu0p010_s20261108,64,0.01,20261108,5.6200,1.59662575e-01,1.40538791e+00,1.40538791e-02,5.66820680e+00,2.43170657e+03
n064_nu0p010_s20261108,64,0.01,20261108,5.6400,1.59167005e-01,1.40338694e+00,1.40338694e-02,5.64942853e+00,2.43250942e+03
n064_nu0p010_s20261108,64,0.01,20261108,5.6600,1.58671847e-01,1.40134584e+00,1.40134584e-02,5.65731102e+00,2.43307894e+03
n064_nu0p010_s20261108,64,0.01,20261108,5.6800,1.58177114e-01,1.39926490e+00,1.39926490e-02,5.68220944e+00,2.43341629e+03
n064_nu0p010_s20261108,64,0.01,20261108,5.7000,1.57682820e-01,1.39714443e+00,1.39714443e-02,5.70557622e+00,2.43352273e+03
n064_nu0p010_s20261108,64,0.01,20261108,5.7200,1.57188978e-01,1.39498475e+00,1.39498475e-02,5.72735033e+00,2.43339957e+03
n064_nu0p010_s20261108,64,0.01,20261108,5.7400,1.56695601e-01,1.39278618e+00,1.39278618e-02,5.74747291e+00,2.43304819e+03
n064_nu0p010_s20261108,64,0.01,20261108,5.7600,1.56202702e-01,1.39054905e+00,1.39054905e-02,5.76588739e+00,2.43247006e+03
n064_nu0p010_s20261108,64,0.01,20261108,5.7800,1.55710296e-01,1.38827369e+00,1.38827369e-02,5.78253976e+00,2.43166670e+03
n064_nu0p010_s20261108,64,0.01,20261108,5.8000,1.55218394e-01,1.38596046e+00,1.38596046e-02,5.79737866e+00,2.43063971e+03
n064_nu0p010_s20261108,64,0.01,20261108,5.8200,1.54727012e-01,1.38360972e+00,1.38360972e-02,5.81035561e+00,2.42939077e+03
n064_nu0p010_s20261108,64,0.01,20261108,5.8400,1.54236162e-01,1.38122181e+00,1.38122181e-02,5.82142512e+00,2.42792165e+03
n064_nu0p010_s20261108,64,0.01,20261108,5.8600,1.53745857e-01,1.37879713e+00,1.37879713e-02,5.83054489e+00,2.42623419e+03
n064_nu0p010_s20261108,64,0.01,20261108,5.8800,1.53256112e-01,1.37633603e+00,1.37633603e-02,5.83767586e+00,2.42433031e+03
n064_nu0p010_s20261108,64,0.01,20261108,5.9000,1.52766940e-01,1.37383890e+00,1.37383890e-02,5.84278242e+00,2.42221202e+03
n064_nu0p010_s20261108,64,0.01,20261108,5.9200,1.52278354e-01,1.37130615e+00,1.37130615e-02,5.84583245e+00,2.41988139e+03
n064_nu0p010_s20261108,64,0.01,20261108,5.9400,1.51790367e-01,1.36873815e+00,1.36873815e-02,5.84679744e+00,2.41734059e+03
n064_nu0p010_s20261108,64,0.01,20261108,5.9600,1.51302994e-01,1.36613533e+00,1.36613533e-02,5.84565257e+00,2.41459187e+03
n064_nu0p010_s20261108,64,0.01,20261108,5.9800,1.50816248e-01,1.36349808e+00,1.36349808e-02,5.84237676e+00,2.41163756e+03
n064_nu0p010_s20261108,64,0.01,20261108,6.0000,1.50330143e-01,1.36082683e+00,1.36082683e-02,5.83695276e+00,2.40848005e+03
n064_nu0p005_s20261102,64,0.005,20261102,0.0000,2.80476556e-01,1.03172240e+00,5.15861199e-03,2.81952755e+00,3.22100624e+03
n064_nu0p005_s20261102,64,0.005,20261102,0.0200,2.80263999e-01,1.02782913e+00,5.13914567e-03,2.81377554e+00,3.05856158e+03
n064_nu0p005_s20261102,64,0.005,20261102,0.0400,2.80053009e-01,1.02418528e+00,5.12092642e-03,2.80703699e+00,2.90992011e+03
n064_nu0p005_s20261102,64,0.005,20261102,0.0600,2.79843534e-01,1.02078059e+00,5.10390297e-03,2.79936216e+00,2.77369707e+03
n064_nu0p005_s20261102,64,0.005,20261102,0.0800,2.79635519e-01,1.01760535e+00,5.08802674e-03,2.79080456e+00,2.64867159e+03
n064_nu0p005_s20261102,64,0.005,20261102,0.1000,2.79428905e-01,1.01465032e+00,5.07325161e-03,2.78141762e+00,2.53376382e+03
n064_nu0p005_s20261102,64,0.005,20261102,0.1200,2.79223626e-01,1.01190675e+00,5.05953375e-03,2.77125170e+00,2.42801445e+03
n064_nu0p005_s20261102,64,0.005,20261102,0.1400,2.79019617e-01,1.00936632e+00,5.04683162e-03,2.76035171e+00,2.33056736e+03
n064_nu0p005_s20261102,64,0.005,20261102,0.1600,2.78816811e-01,1.00702121e+00,5.03510606e-03,2.74875582e+00,2.24065590e+03
n064_nu0p005_s20261102,64,0.005,20261102,0.1800,2.78615137e-01,1.00486407e+00,5.02432036e-03,2.73649502e+00,2.15759254e+03
n064_nu0p005_s20261102,64,0.005,20261102,0.2000,2.78414529e-01,1.00288805e+00,5.01444025e-03,2.72359382e+00,2.08076157e+03
n064_nu0p005_s20261102,64,0.005,20261102,0.2200,2.78214917e-01,1.00108678e+00,5.00543391e-03,2.71007152e+00,2.00961363e+03
n064_nu0p005_s20261102,64,0.005,20261102,0.2400,2.78016236e-01,9.99454365e-01,4.99727182e-03,2.69594397e+00,1.94366079e+03
n064_nu0p005_s20261102,64,0.005,20261102,0.2600,2.77818421e-01,9.97985321e-01,4.98992660e-03,2.68122530e+00,1.88247072e+03
n064_nu0p005_s20261102,64,0.005,20261102,0.2800,2.77621409e-01,9.96674530e-01,4.98337265e-03,2.66592947e+00,1.82565940e+03
n064_nu0p005_s20261102,64,0.005,20261102,0.3000,2.77425141e-01,9.95517169e-01,4.97758585e-03,2.65007134e+00,1.77288245e+03
n064_nu0p005_s20261102,64,0.005,20261102,0.3200,2.77229557e-01,9.94508640e-01,4.97254320e-03,2.63366719e+00,1.72382628e+03
n064_nu0p005_s20261102,64,0.005,20261102,0.3400,2.77034601e-01,9.93644530e-01,4.96822265e-03,2.61673478e+00,1.67820075e+03
n064_nu0p005_s20261102,64,0.005,20261102,0.3600,2.76840220e-01,9.92920591e-01,4.96460296e-03,2.59929289e+00,1.63573477e+03
n064_nu0p005_s20261102,64,0.005,20261102,0.3800,2.76646361e-01,9.92332762e-01,4.96166381e-03,2.58136080e+00,1.59617549e+03
n064_nu0p005_s20261102,64,0.005,20261102,0.4000,2.76452976e-01,9.91877209e-01,4.95938604e-03,2.56295752e+00,1.55929029e+03
n064_nu0p005_s20261102,64,0.005,20261102,0.4200,2.76260020e-01,9.91550386e-01,4.95775193e-03,2.54410126e+00,1.52487011e+03
n064_nu0p005_s20261102,64,0.005,20261102,0.4400,2.76067450e-01,9.91349082e-01,4.95674541e-03,2.52480911e+00,1.49273190e+03
n064_nu0p005_s20261102,64,0.005,20261102,0.4600,2.75875230e-01,9.91270448e-01,4.95635224e-03,2.50509689e+00,1.46271876e+03
n064_nu0p005_s20261102,64,0.005,20261102,0.4800,2.75683325e-01,9.91311987e-01,4.95655993e-03,2.48497938e+00,1.43469703e+03
n064_nu0p005_s20261102,64,0.005,20261102,0.5000,2.75491703e-01,9.91471521e-01,4.95735761e-03,2.47173555e+00,1.40855120e+03
n064_nu0p005_s20261102,64,0.005,20261102,0.5200,2.75300338e-01,9.91747138e-01,4.95873569e-03,2.46019696e+00,1.38417772e+03
n064_nu0p005_s20261102,64,0.005,20261102,0.5400,2.75109206e-01,9.92137126e-01,4.96068563e-03,2.44698494e+00,1.36147971e+03
n064_nu0p005_s20261102,64,0.005,20261102,0.5600,2.74918285e-01,9.92639925e-01,4.96319963e-03,2.43216127e+00,1.34036339e+03
n064_nu0p005_s20261102,64,0.005,20261102,0.5800,2.74727555e-01,9.93254085e-01,4.96627043e-03,2.41579267e+00,1.32073692e+03
n064_nu0p005_s20261102,64,0.005,20261102,0.6000,2.74537002e-01,9.93978239e-01,4.96989119e-03,2.40411100e+00,1.30251093e+03
n064_nu0p005_s20261102,64,0.005,20261102,0.6200,2.74346608e-01,9.94811085e-01,4.97405542e-03,2.39367719e+00,1.28560012e+03
n064_nu0p005_s20261102,64,0.005,20261102,0.6400,2.74156362e-01,9.95751374e-01,4.97875687e-03,2.38139851e+00,1.26992471e+03
n064_nu0p005_s20261102,64,0.005,20261102,0.6600,2.73966250e-01,9.96797894e-01,4.98398947e-03,2.36737029e+00,1.25541135e+03
n064_nu0p005_s20261102,64,0.005,20261102,0.6800,2.73776261e-01,9.97949463e-01,4.98974732e-03,2.35168916e+00,1.24199316e+03
n064_nu0p005_s20261102,64,0.005,20261102,0.7000,2.73586384e-01,9.99204916e-01,4.99602458e-03,2.33445337e+00,1.22960923e+03
n064_nu0p005_s20261102,64,0.005,20261102,0.7200,2.73396610e-01,1.00056310e+00,5.00281552e-03,2.31998354e+00,1.21820389e+03
n064_nu0p005_s20261102,64,0.005,20261102,0.7400,2.73206928e-01,1.00202290e+00,5.01011451e-03,2.30529023e+00,1.20772591e+03
n064_nu0p005_s20261102,64,0.005,20261102,0.7600,2.73017331e-01,1.00358322e+00,5.01791612e-03,2.28904454e+00,1.19812787e+03
n064_nu0p005_s20261102,64,0.005,20261102,0.7800,2.72827810e-01,1.00524303e+00,5.02621514e-03,2.27128117e+00,1.18936533e+03
n064_nu0p005_s20261102,64,0.005,20261102,0.8000,2.72638358e-01,1.00700135e+00,5.03500675e-03,2.25205019e+00,1.18139590e+03
n064_nu0p005_s20261102,64,0.005,20261102,0.8200,2.72448966e-01,1.00885730e+00,5.04428652e-03,2.24090327e+00,1.17417809e+03
n064_nu0p005_s20261102,64,0.005,20261102,0.8400,2.72259628e-01,1.01081010e+00,5.05405050e-03,2.22939726e+00,1.16767010e+03
n064_nu0p005_s20261102,64,0.005,20261102,0.8600,2.72070338e-01,1.01285903e+00,5.06429516e-03,2.22313417e+00,1.16182911e+03
n064_nu0p005_s20261102,64,0.005,20261102,0.8800,2.71881091e-01,1.01500350e+00,5.07501748e-03,2.22357174e+00,1.15661101e+03
n064_nu0p005_s20261102,64,0.005,20261102,0.9000,2.71691881e-01,1.01724296e+00,5.08621481e-03,2.22949090e+00,1.15197112e+03
n064_nu0p005_s20261102,64,0.005,20261102,0.9200,2.71502703e-01,1.01957699e+00,5.09788494e-03,2.23474487e+00,1.14786535e+03
n064_nu0p005_s20261102,64,0.005,20261102,0.9400,2.71313551e-01,1.02200520e+00,5.11002600e-03,2.23936733e+00,1.14425177e+03
n064_nu0p005_s20261102,64,0.005,20261102,0.9600,2.71124422e-01,1.02452728e+00,5.12263640e-03,2.24339091e+00,1.14109185e+03
n064_nu0p005_s20261102,64,0.005,20261102,0.9800,2.70935308e-01,1.02714296e+00,5.13571480e-03,2.25019767e+00,1.13835097e+03
n064_nu0p005_s20261102,64,0.005,20261102,1.0000,2.70746206e-01,1.02985200e+00,5.14925999e-03,2.26041763e+00,1.13599821e+03
n064_nu0p005_s20261102,64,0.005,20261102,1.0200,2.70557109e-01,1.03265416e+00,5.16327081e-03,2.26942561e+00,1.13400539e+03
n064_nu0p005_s20261102,64,0.005,20261102,1.0400,2.70368011e-01,1.03554922e+00,5.17774610e-03,2.27724009e+00,1.13234586e+03
n064_nu0p005_s20261102,64,0.005,20261102,1.0600,2.70178904e-01,1.03853692e+00,5.19268461e-03,2.28388563e+00,1.13099365e+03
n064_nu0p005_s20261102,64,0.005,20261102,1.0800,2.69989782e-01,1.04161700e+00,5.20808501e-03,2.28939282e+00,1.12992341e+03
n064_nu0p005_s20261102,64,0.005,20261102,1.1000,2.69800635e-01,1.04478919e+00,5.22394594e-03,2.29379809e+00,1.12911135e+03
n064_nu0p005_s20261102,64,0.005,20261102,1.1200,2.69611456e-01,1.04805320e+00,5.24026599e-03,2.29714323e+00,1.12853717e+03
n064_nu0p005_s20261102,64,0.005,20261102,1.1400,2.69422235e-01,1.05140877e+00,5.25704384e-03,2.29947481e+00,1.12818651e+03
n064_nu0p005_s20261102,64,0.005,20261102,1.1600,2.69232961e-01,1.05485566e+00,5.27427828e-03,2.31274880e+00,1.12805338e+03
n064_nu0p005_s20261102,64,0.005,20261102,1.1800,2.69043626e-01,1.05839365e+00,5.29196825e-03,2.32768435e+00,1.12814193e+03
n064_nu0p005_s20261102,64,0.005,20261102,1.2000,2.68854218e-01,1.06202257e+00,5.31011283e-03,2.34137958e+00,1.12846722e+03
n064_nu0p005_s20261102,64,0.005,20261102,1.2200,2.68664726e-01,1.06574224e+00,5.32871120e-03,2.35385359e+00,1.12905465e+03
n064_nu0p005_s20261102,64,0.005,20261102,1.2400,2.68475139e-01,1.06955250e+00,5.34776250e-03,2.36513281e+00,1.12993824e+03
n064_nu0p005_s20261102,64,0.005,20261102,1.2600,2.68285445e-01,1.07345317e+00,5.36726583e-03,2.37525020e+00,1.13115815e+03
n064_nu0p005_s20261102,64,0.005,20261102,1.2800,2.68095630e-01,1.07744400e+00,5.38722002e-03,2.38424440e+00,1.13275769e+03
n064_nu0p005_s20261102,64,0.005,20261102,1.3000,2.67905682e-01,1.08152473e+00,5.40762365e-03,2.39215886e+00,1.13478044e+03
n064_nu0p005_s20261102,64,0.005,20261102,1.3200,2.67715587e-01,1.08569497e+00,5.42847487e-03,2.39904101e+00,1.13726782e+03
n064_nu0p005_s20261102,64,0.005,20261102,1.3400,2.67525330e-01,1.08995429e+00,5.44977147e-03,2.40494148e+00,1.14025728e+03
n064_nu0p005_s20261102,64,0.005,20261102,1.3600,2.67334896e-01,1.09430216e+00,5.47151081e-03,2.40991341e+00,1.14378133e+03
n064_nu0p005_s20261102,64,0.005,20261102,1.3800,2.67144269e-01,1.09873797e+00,5.49368985e-03,2.41401178e+00,1.14786708e+03
n064_nu0p005_s20261102,64,0.005,20261102,1.4000,2.66953433e-01,1.10326105e+00,5.51630524e-03,2.41729286e+00,1.15253652e+03
n064_nu0p005_s20261102,64,0.005,20261102,1.4200,2.66762372e-01,1.10787066e+00,5.53935332e-03,2.42887017e+00,1.15780700e+03
n064_nu0p005_s20261102,64,0.005,20261102,1.4400,2.66571068e-01,1.11256605e+00,5.56283023e-03,2.44248424e+00,1.16369194e+03
n064_nu0p005_s20261102,64,0.005,20261102,1.4600,2.66379504e-01,1.11734639e+00,5.58673195e-03,2.45494688e+00,1.17020160e+03
n064_nu0p005_s20261102,64,0.005,20261102,1.4800,2.66187663e-01,1.12221087e+00,5.61105435e-03,2.46629404e+00,1.17734360e+03
n064_nu0p005_s20261102,64,0.005,20261102,1.5000,2.65995528e-01,1.12715865e+00,5.63579323e-03,2.47656803e+00,1.18512350e+03
n064_nu0p005_s20261102,64,0.005,20261102,1.5200,2.65803079e-01,1.13218888e+00,5.66094442e-03,2.48581651e+00,1.19354498e+03
n064_nu0p005_s20261102,64,0.005,20261102,1.5400,2.65610301e-01,1.13730074e+00,5.68650372e-03,2.49409126e+00,1.20261001e+03
n064_nu0p005_s20261102,64,0.005,20261102,1.5600,2.65417175e-01,1.14249340e+00,5.71246700e-03,2.50144712e+00,1.21231877e+03
n064_nu0p005_s20261102,64,0.005,20261102,1.5800,2.65223683e-01,1.14776604e+00,5.73883018e-03,2.51504058e+00,1.22266964e+03
n064_nu0p005_s20261102,64,0.005,20261102,1.6000,2.65029808e-01,1.15311785e+00,5.76558924e-03,2.52996101e+00,1.23365908e+03
n064_nu0p005_s20261102,64,0.005,20261102,1.6200,2.64835533e-01,1.15854805e+00,5.79274023e-03,2.55896944e+00,1.24528172e+03
n064_nu0p005_s20261102,64,0.005,20261102,1.6400,2.64640840e-01,1.16405586e+00,5.82027928e-03,2.58701790e+00,1.25753048e+03
n064_nu0p005_s20261102,64,0.005,20261102,1.6600,2.64445713e-01,1.16964052e+00,5.84820258e-03,2.61404671e+00,1.27039696e+03
n064_nu0p005_s20261102,64,0.005,20261102,1.6800,2.64250134e-01,1.17530128e+00,5.87650638e-03,2.63999313e+00,1.28387189e+03
n064_nu0p005_s20261102,64,0.005,20261102,1.7000,2.64054088e-01,1.18103740e+00,5.90518698e-03,2.66479198e+00,1.29794575e+03
n064_nu0p005_s20261102,64,0.005,20261102,1.7200,2.63857557e-01,1.18684814e+00,5.93424072e-03,2.68837662e+00,1.31260950e+03
n064_nu0p005_s20261102,64,0.005,20261102,1.7400,2.63660525e-01,1.19273279e+00,5.96366396e-03,2.71068017e+00,1.32785519e+03
n064_nu0p005_s20261102,64,0.005,20261102,1.7600,2.63462977e-01,1.19869062e+00,5.99345309e-03,2.73163691e+00,1.34367667e+03
n064_nu0p005_s20261102,64,0.005,20261102,1.7800,2.63264895e-01,1.20472089e+00,6.02360446e-03,2.75118381e+00,1.36007005e+03
n064_nu0p005_s20261102,64,0.005,20261102,1.8000,2.63066264e-01,1.21082289e+00,6.05411443e-03,2.76926222e+00,1.37703417e+03
n064_nu0p005_s20261102,64,0.005,20261102,1.8200,2.62867067e-01,1.21699586e+00,6.08497929e-03,2.78581952e+00,1.39457078e+03
n064_nu0p005_s20261102,64,0.005,20261102,1.8400,2.62667290e-01,1.22323905e+00,6.11619527e-03,2.80081077e+00,1.41268471e+03
n064_nu0p005_s20261102,64,0.005,20261102,1.8600,2.62466915e-01,1.22955171e+00,6.14775855e-03,2.81420021e+00,1.43138382e+03
n064_nu0p005_s20261102,64,0.005,20261102,1.8800,2.62265927e-01,1.23593304e+00,6.17966521e-03,2.82596252e+00,1.45067882e+03
n064_nu0p005_s20261102,64,0.005,20261102,1.9000,2.62064310e-01,1.24238224e+00,6.21191121e-03,2.83608391e+00,1.47058307e+03
n064_nu0p005_s20261102,64,0.005,20261102,1.9200,2.61862049e-01,1.24889849e+00,6.24449243e-03,2.85998863e+00,1.49111216e+03
n064_nu0p005_s20261102,64,0.005,20261102,1.9400,2.61659126e-01,1.25548092e+00,6.27740462e-03,2.88819293e+00,1.51228341e+03
n064_nu0p005_s20261102,64,0.005,20261102,1.9600,2.61455525e-01,1.26212868e+00,6.31064341e-03,2.91503948e+00,1.53411534e+03
n064_nu0p005_s20261102,64,0.005,20261102,1.9800,2.61251231e-01,1.26884086e+00,6.34420429e-03,2.94046964e+00,1.55662700e+03
n064_nu0p005_s20261102,64,0.005,20261102,2.0000,2.61046228e-01,1.27561653e+00,6.37808263e-03,2.96442888e+00,1.57983719e+03
n064_nu0p005_s20261102,64,0.005,20261102,2.0200,2.60840499e-01,1.28245473e+00,6.41227364e-03,2.98686824e+00,1.60376375e+03
n064_nu0p005_s20261102,64,0.005,20261102,2.0400,2.60634028e-01,1.28935448e+00,6.44677240e-03,3.00774554e+00,1.62842277e+03
n064_nu0p005_s20261102,64,0.005,20261102,2.0600,2.60426798e-01,1.29631477e+00,6.48157383e-03,3.02702655e+00,1.65382791e+03
n064_nu0p005_s20261102,64,0.005,20261102,2.0800,2.60218795e-01,1.30333454e+00,6.51667269e-03,3.04468591e+00,1.67998974e+03
n064_nu0p005_s20261102,64,0.005,20261102,2.1000,2.60010000e-01,1.31041272e+00,6.55206359e-03,3.06070789e+00,1.70691533e+03
n064_nu0p005_s20261102,64,0.005,20261102,2.1200,2.59800399e-01,1.31754820e+00,6.58774102e-03,3.07779164e+00,1.73460789e+03
n064_nu0p005_s20261102,64,0.005,20261102,2.1400,2.59589974e-01,1.32473986e+00,6.62369931e-03,3.09742818e+00,1.76306666e+03
n064_nu0p005_s20261102,64,0.005,20261102,2.1600,2.59378711e-01,1.33198653e+00,6.65993264e-03,3.11568819e+00,1.79228702e+03
n064_nu0p005_s20261102,64,0.005,20261102,2.1800,2.59166593e-01,1.33928703e+00,6.69643513e-03,3.13257030e+00,1.82226072e+03
n064_nu0p005_s20261102,64,0.005,20261102,2.2000,2.58953605e-01,1.34664015e+00,6.73320077e-03,3.14807967e+00,1.85297633e+03
n064_nu0p005_s20261102,64,0.005,20261102,2.2200,2.58739730e-01,1.35404470e+00,6.77022349e-03,3.16222795e+00,1.88441972e+03
n064_nu0p005_s20261102,64,0.005,20261102,2.2400,2.58524954e-01,1.36149943e+00,6.80749716e-03,3.17503321e+00,1.91657478e+03
n064_nu0p005_s20261102,64,0.005,20261102,2.2600,2.58309260e-01,1.36900313e+00,6.84501564e-03,3.18651969e+00,1.94942399e+03
n064_nu0p005_s20261102,64,0.005,20261102,2.2800,2.58092635e-01,1.37655455e+00,6.88277276e-03,3.19671745e+00,1.98294916e+03
n064_nu0p005_s20261102,64,0.005,20261102,2.3000,2.57875063e-01,1.38415248e+00,6.92076238e-03,3.20592648e+00,2.01713207e+03
n064_nu0p005_s20261102,64,0.005,20261102,2.3200,2.57656530e-01,1.39179568e+00,6.95897840e-03,3.22659357e+00,2.05195501e+03
n064_nu0p005_s20261102,64,0.005,20261102,2.3400,2.57437021e-01,1.39948295e+00,6.99741474e-03,3.24540694e+00,2.08740133e+03
n064_nu0p005_s20261102,64,0.005,20261102,2.3600,2.57216523e-01,1.40721308e+00,7.03606540e-03,3.26239543e+00,2.12345587e+03
n064_nu0p005_s20261102,64,0.005,20261102,2.3800,2.56995021e-01,1.41498489e+00,7.07492445e-03,3.27759749e+00,2.16010530e+03
n064_nu0p005_s20261102,64,0.005,20261102,2.4000,2.56772501e-01,1.42279721e+00,7.11398603e-03,3.29106041e+00,2.19733836e+03
n064_nu0p005_s20261102,64,0.005,20261102,2.4200,2.56548952e-01,1.43064887e+00,7.15324437e-03,3.30643887e+00,2.23514605e+03
n064_nu0p005_s20261102,64,0.005,20261102,2.4400,2.56324359e-01,1.43853875e+00,7.19269376e-03,3.32588418e+00,2.27352174e+03
n064_nu0p005_s20261102,64,0.005,20261102,2.4600,2.56098710e-01,1.44646571e+00,7.23232857e-03,3.34385399e+00,2.31246115e+03
n064_nu0p005_s20261102,64,0.005,20261102,2.4800,2.55871992e-01,1.45442865e+00,7.27214324e-03,3.36038832e+00,2.35196235e+03
n064_nu0p005_s20261102,64,0.005,20261102,2.5000,2.55644194e-01,1.46242645e+00,7.31213226e-03,3.38169814e+00,2.39202568e+03
n064_nu0p005_s20261102,64,0.005,20261102,2.5200,2.55415303e-01,1.47045803e+00,7.35229015e-03,3.40594281e+00,2.43265358e+03
n064_nu0p005_s20261102,64,0.005,20261102,2.5400,2.55185307e-01,1.47852229e+00,7.39261146e-03,3.43427557e+00,2.47385046e+03
n064_nu0p005_s20261102,64,0.005,20261102,2.5600,2.54954195e-01,1.48661815e+00,7.43309075e-03,3.45990222e+00,2.51562251e+03
n064_nu0p005_s20261102,64,0.005,20261102,2.5800,2.54721955e-01,1.49474451e+00,7.47372256e-03,3.49210618e+00,2.55797753e+03
n064_nu0p005_s20261102,64,0.005,20261102,2.6000,2.54488577e-01,1.50290028e+00,7.51450141e-03,3.52447286e+00,2.60092473e+03
n064_nu0p005_s20261102,64,0.005,20261102,2.6200,2.54254049e-01,1.51108435e+00,7.55542176e-03,3.55403177e+00,2.64447459e+03
n064_nu0p005_s20261102,64,0.005,20261102,2.6400,2.54018361e-01,1.51929560e+00,7.59647802e-03,3.58074984e+00,2.68863878e+03
n064_nu0p005_s20261102,64,0.005,20261102,2.6600,2.53781501e-01,1.52753291e+00,7.63766453e-03,3.60461354e+00,2.73343000e+03
n064_nu0p005_s20261102,64,0.005,20261102,2.6800,2.53543460e-01,1.53579511e+00,7.67897554e-03,3.62753997e+00,2.77886203e+03
n064_nu0p005_s20261102,64,0.005,20261102,2.7000,2.53304227e-01,1.54408104e+00,7.72040521e-03,3.65786297e+00,2.82494970e+03
n064_nu0p005_s20261102,64,0.005,20261102,2.7200,2.53063792e-01,1.55238952e+00,7.76194762e-03,3.69182198e+00,2.87170895e+03
n064_nu0p005_s20261102,64,0.005,20261102,2.7400,2.52822145e-01,1.56071935e+00,7.80359673e-03,3.73994867e+00,2.91915695e+03
n064_nu0p005_s20261102,64,0.005,20261102,2.7600,2.52579277e-01,1.56906929e+00,7.84534643e-03,3.78604726e+00,2.96731218e+03
n064_nu0p005_s20261102,64,0.005,20261102,2.7800,2.52335177e-01,1.57743810e+00,7.88719052e-03,3.82987115e+00,3.01619460e+03
n064_nu0p005_s20261102,64,0.005,20261102,2.8000,2.52089837e-01,1.58582454e+00,7.92912271e-03,3.87118384e+00,3.06582578e+03
n064_nu0p005_s20261102,64,0.005,20261102,2.8200,2.51843246e-01,1.59422733e+00,7.97113664e-03,3.90976156e+00,3.11622904e+03
n064_nu0p005_s20261102,64,0.005,20261102,2.8400,2.51595396e-01,1.60264518e+00,8.01322591e-03,3.94539579e+00,3.16742956e+03
n064_nu0p005_s20261102,64,0.005,20261102,2.8600,2.51346279e-01,1.61107681e+00,8.05538403e-03,3.97789537e+00,3.21945450e+03
n064_nu0p005_s20261102,64,0.005,20261102,2.8800,2.51095885e-01,1.61952090e+00,8.09760449e-03,4.00708850e+00,3.27233301e+03
n064_nu0p005_s20261102,64,0.005,20261102,2.9000,2.50844206e-01,1.62797615e+00,8.13988076e-03,4.03282438e+00,3.32609631e+03
n064_nu0p005_s20261102,64,0.005,20261102,2.9200,2.50591233e-01,1.63644126e+00,8.18220628e-03,4.08904428e+00,3.38077762e+03
n064_nu0p005_s20261102,64,0.005,20261102,2.9400,2.50336959e-01,1.64491490e+00,8.22457448e-03,4.14761786e+00,3.43641215e+03
n064_nu0p005_s20261102,64,0.005,20261102,2.9600,2.50081377e-01,1.65339576e+00,8.26697879e-03,4.20421123e+00,3.49303696e+03
n064_nu0p005_s20261102,64,0.005,20261102,2.9800,2.49824477e-01,1.66188253e+00,8.30941266e-03,4.25857580e+00,3.55069090e+03
n064_nu0p005_s20261102,64,0.005,20261102,3.0000,2.49566254e-01,1.67037391e+00,8.35186954e-03,4.31046981e+00,3.60941444e+03
n064_nu0p005_s20261102,64,0.005,20261102,3.0200,2.49306700e-01,1.67886859e+00,8.39434293e-03,4.35966008e+00,3.66924949e+03
n064_nu0p005_s20261102,64,0.005,20261102,3.0400,2.49045808e-01,1.68736527e+00,8.43682633e-03,4.40935169e+00,3.73023931e+03
n064_nu0p005_s20261102,64,0.005,20261102,3.0600,2.48783572e-01,1.69586266e+00,8.47931331e-03,4.45827284e+00,3.79242827e+03
n064_nu0p005_s20261102,64,0.005,20261102,3.0800,2.48519985e-01,1.70435949e+00,8.52179747e-03,4.50394441e+00,3.85586174e+03
n064_nu0p005_s20261102,64,0.005,20261102,3.1000,2.48255042e-01,1.71285449e+00,8.56427247e-03,4.54613138e+00,3.92058597e+03
n064_nu0p005_s20261102,64,0.005,20261102,3.1200,2.47988737e-01,1.72134640e+00,8.60673200e-03,4.58461480e+00,3.98664792e+03
n064_nu0p005_s20261102,64,0.005,20261102,3.1400,2.47721064e-01,1.72983397e+00,8.64916984e-03,4.61919392e+00,4.05409521e+03
n064_nu0p005_s20261102,64,0.005,20261102,3.1600,2.47452018e-01,1.73831597e+00,8.69157984e-03,4.64968810e+00,4.12297603e+03
n064_nu0p005_s20261102,64,0.005,20261102,3.1800,2.47181595e-01,1.74679118e+00,8.73395588e-03,4.67593854e+00,4.19333911e+03
n064_nu0p005_s20261102,64,0.005,20261102,3.2000,2.46909790e-01,1.75525840e+00,8.77629198e-03,4.69780966e+00,4.26523373e+03
n064_nu0p005_s20261102,64,0.005,20261102,3.2200,2.46636598e-01,1.76371644e+00,8.81858220e-03,4.71519012e+00,4.33870966e+03
n064_nu0p005_s20261102,64,0.005,20261102,3.2400,2.46362017e-01,1.77216414e+00,8.86082070e-03,4.73806727e+00,4.41381728e+03
n064_nu0p005_s20261102,64,0.005,20261102,3.2600,2.46086041e-01,1.78060035e+00,8.90300175e-03,4.78028768e+00,4.49060757e+03
n064_nu0p005_s20261102,64,0.005,20261102,3.2800,2.45808668e-01,1.78902394e+00,8.94511971e-03,4.83013382e+00,4.56913219e+03
n064_nu0p005_s20261102,64,0.005,20261102,3.3000,2.45529895e-01,1.79743381e+00,8.98716906e-03,4.89522860e+00,4.64944350e+03
n064_nu0p005_s20261102,64,0.005,20261102,3.3200,2.45249719e-01,1.80582888e+00,9.02914438e-03,4.96167443e+00,4.73159467e+03
n064_nu0p005_s20261102,64,0.005,20261102,3.3400,2.44968138e-01,1.81420808e+00,9.07104038e-03,5.02611525e+00,4.81563967e+03
n064_nu0p005_s20261102,64,0.005,20261102,3.3600,2.44685150e-01,1.82257038e+00,9.11285190e-03,5.08829806e+00,4.90163332e+03
n064_nu0p005_s20261102,64,0.005,20261102,3.3800,2.44400753e-01,1.83091478e+00,9.15457388e-03,5.15017824e+00,4.98963126e+03
n064_nu0p005_s20261102,64,0.005,20261102,3.4000,2.44114945e-01,1.83924029e+00,9.19620144e-03,5.21201024e+00,5.07968994e+03
n064_nu0p005_s20261102,64,0.005,20261102,3.4200,2.43827725e-01,1.84754596e+00,9.23772978e-03,5.27084646e+00,5.17186651e+03
n064_nu0p005_s20261102,64,0.005,20261102,3.4400,2.43539094e-01,1.85583085e+00,9.27915427e-03,5.32642462e+00,5.26621877e+03
n064_nu0p005_s20261102,64,0.005,20261102,3.4600,2.43249049e-01,1.86409408e+00,9.32047042e-03,5.37849432e+00,5.36280494e+03
n064_nu0p005_s20261102,64,0.005,20261102,3.4800,2.42957591e-01,1.87233477e+00,9.36167385e-03,5.42681971e+00,5.46168354e+03
n064_nu0p005_s20261102,64,0.005,20261102,3.5000,2.42664720e-01,1.88055207e+00,9.40276034e-03,5.47118192e+00,5.56291308e+03
n064_nu0p005_s20261102,64,0.005,20261102,3.5200,2.42370436e-01,1.88874516e+00,9.44372578e-03,5.51138119e+00,5.66655180e+03
n064_nu0p005_s20261102,64,0.005,20261102,3.5400,2.42074740e-01,1.89691324e+00,9.48456622e-03,5.56677165e+00,5.77265734e+03
n064_nu0p005_s20261102,64,0.005,20261102,3.5600,2.41777632e-01,1.90505556e+00,9.52527780e-03,5.63310002e+00,5.88128633e+03
n064_nu0p005_s20261102,64,0.005,20261102,3.5800,2.41479115e-01,1.91317136e+00,9.56585681e-03,5.70008845e+00,5.99249397e+03
n064_nu0p005_s20261102,64,0.005,20261102,3.6000,2.41179189e-01,1.92125993e+00,9.60629965e-03,5.76771603e+00,6.10633354e+03
n064_nu0p005_s20261102,64,0.005,20261102,3.6200,2.40877855e-01,1.92932057e+00,9.64660284e-03,5.83595952e+00,6.22285589e+03
n064_nu0p005_s20261102,64,0.005,20261102,3.6400,2.40575117e-01,1.93735260e+00,9.68676298e-03,5.90479384e+00,6.34210886e+03
n064_nu0p005_s20261102,64,0.005,20261102,3.6600,2.40270975e-01,1.94535536e+00,9.72677679e-03,5.97419261e+00,6.46413672e+03
n064_nu0p005_s20261102,64,0.005,20261102,3.6800,2.39965433e-01,1.95332822e+00,9.76664110e-03,6.04412868e+00,6.58897951e+03
n064_nu0p005_s20261102,64,0.005,20261102,3.7000,2.39658492e-01,1.96127056e+00,9.80635280e-03,6.11457475e+00,6.71667242e+03
n064_nu0p005_s20261102,64,0.005,20261102,3.7200,2.39350156e-01,1.96918178e+00,9.84590888e-03,6.18550406e+00,6.84724515e+03
n064_nu0p005_s20261102,64,0.005,20261102,3.7400,2.39040428e-01,1.97706128e+00,9.88530642e-03,6.26377664e+00,6.98072128e+03
n064_nu0p005_s20261102,64,0.005,20261102,3.7600,2.38729310e-01,1.98490851e+00,9.92454255e-03,6.36923669e+00,7.11711760e+03
n064_nu0p005_s20261102,64,0.005,20261102,3.7800,2.38416806e-01,1.99272290e+00,9.96361450e-03,6.47373653e+00,7.25644361e+03
n064_nu0p005_s20261102,64,0.005,20261102,3.8000,2.38102920e-01,2.00050391e+00,1.00025196e-02,6.57706394e+00,7.39870087e+03
n064_nu0p005_s20261102,64,0.005,20261102,3.8200,2.37787655e-01,2.00825101e+00,1.00412551e-02,6.67900795e+00,7.54388263e+03
n064_nu0p005_s20261102,64,0.005,20261102,3.8400,2.37471014e-01,2.01596369e+00,1.00798184e-02,6.77936022e+00,7.69197333e+03
n064_nu0p005_s20261102,64,0.005,20261102,3.8600,2.37153002e-01,2.02364143e+00,1.01182072e-02,6.87791623e+00,7.84294837e+03
n064_nu0p005_s20261102,64,0.005,20261102,3.8800,2.36833623e-01,2.03128375e+00,1.01564188e-02,6.97447628e+00,7.99677381e+03
n064_nu0p005_s20261102,64,0.005,20261102,3.9000,2.36512881e-01,2.03889017e+00,1.01944509e-02,7.06884633e+00,8.15340634e+03
n064_nu0p005_s20261102,64,0.005,20261102,3.9200,2.36190781e-01,2.04646023e+00,1.02323011e-02,7.16465933e+00,8.31279322e+03
n064_nu0p005_s20261102,64,0.005,20261102,3.9400,2.35867326e-01,2.05399346e+00,1.02699673e-02,7.26453518e+00,8.47487247e+03
n064_nu0p005_s20261102,64,0.005,20261102,3.9600,2.35542521e-01,2.06148943e+00,1.03074471e-02,7.36204562e+00,8.63957306e+03
n064_nu0p005_s20261102,64,0.005,20261102,3.9800,2.35216372e-01,2.06894770e+00,1.03447385e-02,7.45700695e+00,8.80681525e+03
n064_nu0p005_s20261102,64,0.005,20261102,4.0000,2.34888882e-01,2.07636786e+00,1.03818393e-02,7.54924346e+00,8.97651113e+03
n064_nu0p005_s20261102,64,0.005,20261102,4.0200,2.34560056e-01,2.08374950e+00,1.04187475e-02,7.63858745e+00,9.14856508e+03
n064_nu0p005_s20261102,64,0.005,20261102,4.0400,2.34229900e-01,2.09109223e+00,1.04554611e-02,7.72487921e+00,9.32287449e+03
n064_nu0p005_s20261102,64,0.005,20261102,4.0600,2.33898417e-01,2.09839567e+00,1.04919783e-02,7.80796691e+00,9.49933041e+03
n064_nu0p005_s20261102,64,0.005,20261102,4.0800,2.33565614e-01,2.10565944e+00,1.05282972e-02,7.88770641e+00,9.67781837e+03
n064_nu0p005_s20261102,64,0.005,20261102,4.1000,2.33231494e-01,2.11288320e+00,1.05644160e-02,7.96396098e+00,9.85821910e+03
n064_nu0p005_s20261102,64,0.005,20261102,4.1200,2.32896064e-01,2.12006658e+00,1.06003329e-02,8.03660112e+00,1.00404095e+04
n064_nu0p005_s20261102,64,0.005,20261102,4.1400,2.32559327e-01,2.12720925e+00,1.06360462e-02,8.10550427e+00,1.02242631e+04
n064_nu0p005_s20261102,64,0.005,20261102,4.1600,2.32221290e-01,2.13431087e+00,1.06715544e-02,8.17055464e+00,1.04096515e+04
n064_nu0p005_s20261102,64,0.005,20261102,4.1800,2.31881956e-01,2.14137113e+00,1.07068556e-02,8.23164302e+00,1.05964445e+04
n064_nu0p005_s20261102,64,0.005,20261102,4.2000,2.31541331e-01,2.14838969e+00,1.07419485e-02,8.28866665e+00,1.07845110e+04
n064_nu0p005_s20261102,64,0.005,20261102,4.2200,2.31199419e-01,2.15536626e+00,1.07768313e-02,8.34152922e+00,1.09737201e+04
n064_nu0p005_s20261102,64,0.005,20261102,4.2400,2.30856226e-01,2.16230050e+00,1.08115025e-02,8.43212677e+00,1.11639410e+04
n064_nu0p005_s20261102,64,0.005,20261102,4.2600,2.30511756e-01,2.16919212e+00,1.08459606e-02,8.52324772e+00,1.13550440e+04
n064_nu0p005_s20261102,64,0.005,20261102,4.2800,2.30166014e-01,2.17604080e+00,1.08802040e-02,8.61427333e+00,1.15469011e+04
n064_nu0p005_s20261102,64,0.005,20261102,4.3000,2.29819005e-01,2.18284622e+00,1.09142311e-02,8.70514677e+00,1.17393858e+04
n064_nu0p005_s20261102,64,0.005,20261102,4.3200,2.29470732e-01,2.18960808e+00,1.09480404e-02,8.79580339e+00,1.19323739e+04
n064_nu0p005_s20261102,64,0.005,20261102,4.3400,2.29121200e-01,2.19632604e+00,1.09816302e-02,8.88616955e+00,1.21257438e+04
n064_nu0p005_s20261102,64,0.005,20261102,4.3600,2.28770413e-01,2.20299977e+00,1.10149989e-02,8.97616139e+00,1.23193762e+04
n064_nu0p005_s20261102,64,0.005,20261102,4.3800,2.28418376e-01,2.20962894e+00,1.10481447e-02,9.06568361e+00,1.25131548e+04
n064_nu0p005_s20261102,64,0.005,20261102,4.4000,2.28065092e-01,2.21621320e+00,1.10810660e-02,9.16222810e+00,1.27069660e+04
n064_nu0p005_s20261102,64,0.005,20261102,4.4200,2.27710565e-01,2.22275217e+00,1.11137608e-02,9.25806879e+00,1.29006991e+04
n064_nu0p005_s20261102,64,0.005,20261102,4.4400,2.27354799e-01,2.22924548e+00,1.11462274e-02,9.35104639e+00,1.30942463e+04
n064_nu0p005_s20261102,64,0.005,20261102,4.4600,2.26997796e-01,2.23569273e+00,1.11784637e-02,9.44104818e+00,1.32875028e+04
n064_nu0p005_s20261102,64,0.005,20261102,4.4800,2.26639560e-01,2.24209351e+00,1.12104676e-02,9.52796868e+00,1.34803665e+04
n064_nu0p005_s20261102,64,0.005,20261102,4.5000,2.26280093e-01,2.24844738e+00,1.12422369e-02,9.61171008e+00,1.36727382e+04
n064_nu0p005_s20261102,64,0.005,20261102,4.5200,2.25919399e-01,2.25475389e+00,1.12737694e-02,9.69218260e+00,1.38645217e+04
n064_nu0p005_s20261102,64,0.005,20261102,4.5400,2.25557479e-01,2.26101254e+00,1.13050627e-02,9.76930482e+00,1.40556234e+04
n064_nu0p005_s20261102,64,0.005,20261102,4.5600,2.25194336e-01,2.26722283e+00,1.13361141e-02,9.84300389e+00,1.42459527e+04
n064_nu0p005_s20261102,64,0.005,20261102,4.5800,2.24829971e-01,2.27338422e+00,1.13669211e-02,9.91321569e+00,1.44354219e+04
n064_nu0p005_s20261102,64,0.005,20261102,4.6000,2.24464386e-01,2.27949613e+00,1.13974807e-02,9.97988492e+00,1.46239459e+04
n064_nu0p005_s20261102,64,0.005,20261102,4.6200,2.24097582e-01,2.28555797e+00,1.14277898e-02,1.00482590e+01,1.48114430e+04
n064_nu0p005_s20261102,64,0.005,20261102,4.6400,2.23729560e-01,2.29156909e+00,1.14578455e-02,1.01159400e+01,1.49978341e+04
n064_nu0p005_s20261102,64,0.005,20261102,4.6600,2.23360321e-01,2.29752882e+00,1.14876441e-02,1.01801127e+01,1.51830436e+04
n064_nu0p005_s20261102,64,0.005,20261102,4.6800,2.22989865e-01,2.30343646e+00,1.15171823e-02,1.02601109e+01,1.53669988e+04
n064_nu0p005_s20261102,64,0.005,20261102,4.7000,2.22618192e-01,2.30929123e+00,1.15464562e-02,1.03571724e+01,1.55496307e+04
n064_nu0p005_s20261102,64,0.005,20261102,4.7200,2.22245302e-01,2.31509236e+00,1.15754618e-02,1.04528753e+01,1.57308734e+04
n064_nu0p005_s20261102,64,0.005,20261102,4.7400,2.21871193e-01,2.32083900e+00,1.16041950e-02,1.05468732e+01,1.59106649e+04
n064_nu0p005_s20261102,64,0.005,20261102,4.7600,2.21495864e-01,2.32653027e+00,1.16326513e-02,1.06387968e+01,1.60889467e+04
n064_nu0p005_s20261102,64,0.005,20261102,4.7800,2.21119315e-01,2.33216525e+00,1.16608262e-02,1.07282549e+01,1.62656640e+04
n064_nu0p005_s20261102,64,0.005,20261102,4.8000,2.20741544e-01,2.33774297e+00,1.16887148e-02,1.08148364e+01,1.64407659e+04
n064_nu0p005_s20261102,64,0.005,20261102,4.8200,2.20362547e-01,2.34326241e+00,1.17163121e-02,1.08981128e+01,1.66142053e+04
n064_nu0p005_s20261102,64,0.005,20261102,4.8400,2.19982324e-01,2.34872253e+00,1.17436126e-02,1.09776408e+01,1.67859389e+04
n064_nu0p005_s20261102,64,0.005,20261102,4.8600,2.19600871e-01,2.35412221e+00,1.17706111e-02,1.10529652e+01,1.69559271e+04
n064_nu0p005_s20261102,64,0.005,20261102,4.8800,2.19218185e-01,2.35946032e+00,1.17973016e-02,1.11236229e+01,1.71241339e+04
n064_nu0p005_s20261102,64,0.005,20261102,4.9000,2.18834264e-01,2.36473568e+00,1.18236784e-02,1.11891461e+01,1.72905266e+04
n064_nu0p005_s20261102,64,0.005,20261102,4.9200,2.18449102e-01,2.36994705e+00,1.18497352e-02,1.12490668e+01,1.74550761e+04
n064_nu0p005_s20261102,64,0.005,20261102,4.9400,2.18062697e-01,2.37509318e+00,1.18754659e-02,1.13029214e+01,1.76177559e+04
n064_nu0p005_s20261102,64,0.005,20261102,4.9600,2.17675044e-01,2.38017278e+00,1.19008639e-02,1.13502552e+01,1.77785425e+04
n064_nu0p005_s20261102,64,0.005,20261102,4.9800,2.17286139e-01,2.38518452e+00,1.19259226e-02,1.13906275e+01,1.79374147e+04
n064_nu0p005_s20261102,64,0.005,20261102,5.0000,2.16895977e-01,2.39012703e+00,1.19506352e-02,1.14236165e+01,1.80943534e+04
n064_nu0p005_s20261102,64,0.005,20261102,5.0200,2.16504555e-01,2.39499895e+00,1.19749947e-02,1.14488249e+01,1.82493409e+04
n064_nu0p005_s20261102,64,0.005,20261102,5.0400,2.16111866e-01,2.39979885e+00,1.19989943e-02,1.14658846e+01,1.84023612e+04
n064_nu0p005_s20261102,64,0.005,20261102,5.0600,2.15717907e-01,2.40452531e+00,1.20226266e-02,1.14878178e+01,1.85533990e+04
n064_nu0p005_s20261102,64,0.005,20261102,5.0800,2.15322672e-01,2.40917689e+00,1.20458845e-02,1.15686020e+01,1.87024396e+04
n064_nu0p005_s20261102,64,0.005,20261102,5.1000,2.14926156e-01,2.41375212e+00,1.20687606e-02,1.16444580e+01,1.88494682e+04
n064_nu0p005_s20261102,64,0.005,20261102,5.1200,2.14528354e-01,2.41824952e+00,1.20912476e-02,1.17150207e+01,1.89944704e+04
n064_nu0p005_s20261102,64,0.005,20261102,5.1400,2.14129262e-01,2.42266760e+00,1.21133380e-02,1.17799367e+01,1.91374308e+04
n064_nu0p005_s20261102,64,0.005,20261102,5.1600,2.13728874e-01,2.42700489e+00,1.21350244e-02,1.18388678e+01,1.92783337e+04
n064_nu0p005_s20261102,64,0.005,20261102,5.1800,2.13327186e-01,2.43125987e+00,1.21562994e-02,1.18914943e+01,1.94171623e+04
n064_nu0p005_s20261102,64,0.005,20261102,5.2000,2.12924193e-01,2.43543106e+00,1.21771553e-02,1.19375180e+01,1.95538988e+04
n064_nu0p005_s20261102,64,0.005,20261102,5.2200,2.12519890e-01,2.43951696e+00,1.21975848e-02,1.19766651e+01,1.96885242e+04
n064_nu0p005_s20261102,64,0.005,20261102,5.2400,2.12114275e-01,2.44351607e+00,1.22175804e-02,1.20086895e+01,1.98210186e+04
n064_nu0p005_s20261102,64,0.005,20261102,5.2600,2.11707341e-01,2.44742692e+00,1.22371346e-02,1.20333745e+01,1.99513608e+04
n064_nu0p005_s20261102,64,0.005,20261102,5.2800,2.11299087e-01,2.45124804e+00,1.22562402e-02,1.20530393e+01,2.00795286e+04
n064_nu0p005_s20261102,64,0.005,20261102,5.3000,2.10889509e-01,2.45497797e+00,1.22748898e-02,1.21319779e+01,2.02054989e+04
n064_nu0p005_s20261102,64,0.005,20261102,5.3200,2.10478604e-01,2.45861527e+00,1.22930764e-02,1.22039971e+01,2.03292479e+04
n064_nu0p005_s20261102,64,0.005,20261102,5.3400,2.10066370e-01,2.46215853e+00,1.23107927e-02,1.22687335e+01,2.04507512e+04
n064_nu0p005_s20261102,64,0.005,20261102,5.3600,2.09652806e-01,2.46560637e+00,1.23280319e-02,1.23258595e+01,2.05699843e+04
n064_nu0p005_s20261102,64,0.005,20261102,5.3800,2.09237910e-01,2.46895743e+00,1.23447871e-02,1.23926739e+01,2.06869222e+04
n064_nu0p005_s20261102,64,0.005,20261102,5.4000,2.08821682e-01,2.47221038e+00,1.23610519e-02,1.24889249e+01,2.08015405e+04
n064_nu0p005_s20261102,64,0.005,20261102,5.4200,2.08404123e-01,2.47536394e+00,1.23768197e-02,1.25739895e+01,2.09138148e+04
n064_nu0p005_s20261102,64,0.005,20261102,5.4400,2.07985234e-01,2.47841689e+00,1.23920845e-02,1.26476841e+01,2.10237213e+04
n064_nu0p005_s20261102,64,0.005,20261102,5.4600,2.07565016e-01,2.48136803e+00,1.24068402e-02,1.27098954e+01,2.11312368e+04
n064_nu0p005_s20261102,64,0.005,20261102,5.4800,2.07143472e-01,2.48421623e+00,1.24210812e-02,1.27605805e+01,2.12363392e+04
n064_nu0p005_s20261102,64,0.005,20261102,5.5000,2.06720607e-01,2.48696042e+00,1.24348021e-02,1.27997656e+01,2.13390070e+04
n064_nu0p005_s20261102,64,0.005,20261102,5.5200,2.06296425e-01,2.48959957e+00,1.24479979e-02,1.28275438e+01,2.14392199e+04
n064_nu0p005_s20261102,64,0.005,20261102,5.5400,2.05870933e-01,2.49213276e+00,1.24606638e-02,1.28440714e+01,2.15369587e+04
n064_nu0p005_s20261102,64,0.005,20261102,5.5600,2.05444136e-01,2.49455910e+00,1.24727955e-02,1.28788451e+01,2.16322053e+04
n064_nu0p005_s20261102,64,0.005,20261102,5.5800,2.05016043e-01,2.49687780e+00,1.24843890e-02,1.29362678e+01,2.17249431e+04
n064_nu0p005_s20261102,64,0.005,20261102,5.6000,2.04586664e-01,2.49908814e+00,1.24954407e-02,1.29816897e+01,2.18151565e+04
n064_nu0p005_s20261102,64,0.005,20261102,5.6200,2.04156009e-01,2.50118950e+00,1.25059475e-02,1.30152658e+01,2.19028318e+04
n064_nu0p005_s20261102,64,0.005,20261102,5.6400,2.03724090e-01,2.50318133e+00,1.25159067e-02,1.30372104e+01,2.19879565e+04
n064_nu0p005_s20261102,64,0.005,20261102,5.6600,2.03290921e-01,2.50506317e+00,1.25253159e-02,1.30477906e+01,2.20705203e+04
n064_nu0p005_s20261102,64,0.005,20261102,5.6800,2.02856514e-01,2.50683467e+00,1.25341733e-02,1.30473186e+01,2.21505145e+04
n064_nu0p005_s20261102,64,0.005,20261102,5.7000,2.02420887e-01,2.50849554e+00,1.25424777e-02,1.30361436e+01,2.22279328e+04
n064_nu0p005_s20261102,64,0.005,20261102,5.7200,2.01984056e-01,2.51004562e+00,1.25502281e-02,1.30146429e+01,2.23027711e+04
n064_nu0p005_s20261102,64,0.005,20261102,5.7400,2.01546039e-01,2.51148481e+00,1.25574241e-02,1.29832138e+01,2.23750281e+04
n064_nu0p005_s20261102,64,0.005,20261102,5.7600,2.01106857e-01,2.51281314e+00,1.25640657e-02,1.29422649e+01,2.24447051e+04
n064_nu0p005_s20261102,64,0.005,20261102,5.7800,2.00666529e-01,2.51403068e+00,1.25701534e-02,1.28922079e+01,2.25118063e+04
n064_nu0p005_s20261102,64,0.005,20261102,5.8000,2.00225079e-01,2.51513764e+00,1.25756882e-02,1.28334506e+01,2.25763392e+04
n064_nu0p005_s20261102,64,0.005,20261102,5.8200,1.99782529e-01,2.51613426e+00,1.25806713e-02,1.28581094e+01,2.26383140e+04
n064_nu0p005_s20261102,64,0.005,20261102,5.8400,1.99338904e-01,2.51702091e+00,1.25851045e-02,1.28882185e+01,2.26977444e+04
n064_nu0p005_s20261102,64,0.005,20261102,5.8600,1.98894229e-01,2.51779798e+00,1.25889899e-02,1.29129626e+01,2.27546469e+04
n064_nu0p005_s20261102,64,0.005,20261102,5.8800,1.98448530e-01,2.51846597e+00,1.25923298e-02,1.29321239e+01,2.28090412e+04
n064_nu0p005_s20261102,64,0.005,20261102,5.9000,1.98001836e-01,2.51902541e+00,1.25951270e-02,1.29454979e+01,2.28609497e+04
n064_nu0p005_s20261102,64,0.005,20261102,5.9200,1.97554174e-01,2.51947690e+00,1.25973845e-02,1.29528951e+01,2.29103972e+04
n064_nu0p005_s20261102,64,0.005,20261102,5.9400,1.97105574e-01,2.51982107e+00,1.25991053e-02,1.29714082e+01,2.29574112e+04
n064_nu0p005_s20261102,64,0.005,20261102,5.9600,1.96656065e-01,2.52005860e+00,1.26002930e-02,1.29902273e+01,2.30020211e+04
n064_nu0p005_s20261102,64,0.005,20261102,5.9800,1.96205678e-01,2.52019021e+00,1.26009511e-02,1.30015925e+01,2.30442581e+04
n064_nu0p005_s20261102,64,0.005,20261102,6.0000,1.95754443e-01,2.52021664e+00,1.26010832e-02,1.30052682e+01,2.30841550e+04
n064_nu0p005_s20261104,64,0.005,20261104,0.0000,2.83502274e-01,1.14617051e+00,5.73085256e-03,3.04582209e+00,5.02341099e+03
n064_nu0p005_s20261104,64,0.005,20261104,0.0200,2.83252141e-01,1.14007752e+00,5.70038758e-03,3.02242360e+00,4.77165536e+03
n064_nu0p005_s20261104,64,0.005,20261104,0.0400,2.83003351e-01,1.13431242e+00,5.67156212e-03,2.99624135e+00,4.54182857e+03
n064_nu0p005_s20261104,64,0.005,20261104,0.0600,2.82755779e-01,1.12885148e+00,5.64425738e-03,2.97334716e+00,4.33136184e+03
n064_nu0p005_s20261104,64,0.005,20261104,0.0800,2.82509322e-01,1.12367410e+00,5.61837051e-03,2.97555159e+00,4.13807232e+03
n064_nu0p005_s20261104,64,0.005,20261104,0.1000,2.82263898e-01,1.11876319e+00,5.59381596e-03,2.97392803e+00,3.96014682e+03
n064_nu0p005_s20261104,64,0.005,20261104,0.1200,2.82019454e-01,1.11410495e+00,5.57052474e-03,2.96780268e+00,3.79609105e+03
n064_nu0p005_s20261104,64,0.005,20261104,0.1400,2.81775956e-01,1.10968842e+00,5.54844211e-03,2.95670205e+00,3.64465823e+03
n064_nu0p005_s20261104,64,0.005,20261104,0.1600,2.81533392e-01,1.10550488e+00,5.52752439e-03,2.94912770e+00,3.50477586e+03
n064_nu0p005_s20261104,64,0.005,20261104,0.1800,2.81291767e-01,1.10154715e+00,5.50773573e-03,2.94970631e+00,3.37548596e+03
n064_nu0p005_s20261104,64,0.005,20261104,0.2000,2.81051098e-01,1.09780906e+00,5.48904528e-03,2.94526549e+00,3.25590631e+03
n064_nu0p005_s20261104,64,0.005,20261104,0.2200,2.80811411e-01,1.09428506e+00,5.47142530e-03,2.93594925e+00,3.14521250e+03
n064_nu0p005_s20261104,64,0.005,20261104,0.2400,2.80572739e-01,1.09097000e+00,5.45485000e-03,2.92205609e+00,3.04263516e+03
n064_nu0p005_s20261104,64,0.005,20261104,0.2600,2.80335117e-01,1.08785902e+00,5.43929510e-03,2.90399300e+00,2.94746509e+03
n064_nu0p005_s20261104,64,0.005,20261104,0.2800,2.80098579e-01,1.08494754e+00,5.42473770e-03,2.88679013e+00,2.85905974e+03
n064_nu0p005_s20261104,64,0.005,20261104,0.3000,2.79863161e-01,1.08223127e+00,5.41115634e-03,2.89544742e+00,2.77684668e+03
n064_nu0p005_s20261104,64,0.005,20261104,0.3200,2.79628892e-01,1.07970617e+00,5.39853087e-03,2.90115219e+00,2.70032167e+03
n064_nu0p005_s20261104,64,0.005,20261104,0.3400,2.79395797e-01,1.07736843e+00,5.38684216e-03,2.90343440e+00,2.62904136e+03
n064_nu0p005_s20261104,64,0.005,20261104,0.3600,2.79163894e-01,1.07521431e+00,5.37607156e-03,2.90199929e+00,2.56261229e+03
n064_nu0p005_s20261104,64,0.005,20261104,0.3800,2.78933194e-01,1.07324009e+00,5.36620043e-03,2.89671995e+00,2.50067907e+03
n064_nu0p005_s20261104,64,0.005,20261104,0.4000,2.78703696e-01,1.07144193e+00,5.35720963e-03,2.88761797e+00,2.44291470e+03
n064_nu0p005_s20261104,64,0.005,20261104,0.4200,2.78475393e-01,1.06981586e+00,5.34907931e-03,2.87483664e+00,2.38901510e+03
n064_nu0p005_s20261104,64,0.005,20261104,0.4400,2.78248266e-01,1.06835778e+00,5.34178891e-03,2.85861055e+00,2.33869811e+03
n064_nu0p005_s20261104,64,0.005,20261104,0.4600,2.78022291e-01,1.06706349e+00,5.33531744e-03,2.83923520e+00,2.29170542e+03
n064_nu0p005_s20261104,64,0.005,20261104,0.4800,2.77797431e-01,1.06592877e+00,5.32964384e-03,2.81703932e+00,2.24780467e+03
n064_nu0p005_s20261104,64,0.005,20261104,0.5000,2.77573648e-01,1.06494946e+00,5.32474730e-03,2.79236187e+00,2.20678949e+03
n064_nu0p005_s20261104,64,0.005,20261104,0.5200,2.77350895e-01,1.06412152e+00,5.32060762e-03,2.76553477e+00,2.16847642e+03
n064_nu0p005_s20261104,64,0.005,20261104,0.5400,2.77129122e-01,1.06344107e+00,5.31720536e-03,2.76349978e+00,2.13269946e+03
n064_nu0p005_s20261104,64,0.005,20261104,0.5600,2.76908278e-01,1.06290438e+00,5.31452190e-03,2.76117570e+00,2.09930422e+03
n064_nu0p005_s20261104,64,0.005,20261104,0.5800,2.76688308e-01,1.06250792e+00,5.31253959e-03,2.75569023e+00,2.06814352e+03
n064_nu0p005_s20261104,64,0.005,20261104,0.6000,2.76469156e-01,1.06224835e+00,5.31124173e-03,2.74699431e+00,2.03907590e+03
n064_nu0p005_s20261104,64,0.005,20261104,0.6200,2.76250769e-01,1.06212253e+00,5.31061264e-03,2.73514030e+00,2.01196642e+03
n064_nu0p005_s20261104,64,0.005,20261104,0.6400,2.76033092e-01,1.06212755e+00,5.31063773e-03,2.72026206e+00,1.98668888e+03
n064_nu0p005_s20261104,64,0.005,20261104,0.6600,2.75816071e-01,1.06226069e+00,5.31130344e-03,2.70255463e+00,1.96312759e+03
n064_nu0p005_s20261104,64,0.005,20261104,0.6800,2.75599655e-01,1.06251942e+00,5.31259712e-03,2.68225515e+00,1.94117788e+03
n064_nu0p005_s20261104,64,0.005,20261104,0.7000,2.75383793e-01,1.06290139e+00,5.31450694e-03,2.65962612e+00,1.92074510e+03
n064_nu0p005_s20261104,64,0.005,20261104,0.7200,2.75168436e-01,1.06340431e+00,5.31702155e-03,2.64765177e+00,1.90174300e+03
n064_nu0p005_s20261104,64,0.005,20261104,0.7400,2.74953535e-01,1.06402599e+00,5.32012994e-03,2.63434178e+00,1.88409229e+03
n064_nu0p005_s20261104,64,0.005,20261104,0.7600,2.74739044e-01,1.06476425e+00,5.32382125e-03,2.61894913e+00,1.86772021e+03
n064_nu0p005_s20261104,64,0.005,20261104,0.7800,2.74524917e-01,1.06561693e+00,5.32808463e-03,2.60156303e+00,1.85256110e+03
n064_nu0p005_s20261104,64,0.005,20261104,0.8000,2.74311107e-01,1.06658184e+00,5.33290919e-03,2.58229853e+00,1.83855726e+03
n064_nu0p005_s20261104,64,0.005,20261104,0.8200,2.74097572e-01,1.06765681e+00,5.33828404e-03,2.56129068e+00,1.82565927e+03
n064_nu0p005_s20261104,64,0.005,20261104,0.8400,2.73884269e-01,1.06883966e+00,5.34419830e-03,2.54547515e+00,1.81382518e+03
n064_nu0p005_s20261104,64,0.005,20261104,0.8600,2.73671155e-01,1.07012823e+00,5.35064117e-03,2.53396831e+00,1.80301819e+03
n064_nu0p005_s20261104,64,0.005,20261104,0.8800,2.73458190e-01,1.07152039e+00,5.35760195e-03,2.52087652e+00,1.79320345e+03
n064_nu0p005_s20261104,64,0.005,20261104,0.9000,2.73245337e-01,1.07301403e+00,5.36507013e-03,2.50621882e+00,1.78434466e+03
n064_nu0p005_s20261104,64,0.005,20261104,0.9200,2.73032560e-01,1.07460709e+00,5.37303543e-03,2.49002965e+00,1.77640142e+03
n064_nu0p005_s20261104,64,0.005,20261104,0.9400,2.72819825e-01,1.07629759e+00,5.38148793e-03,2.47235910e+00,1.76932794e+03
n064_nu0p005_s20261104,64,0.005,20261104,0.9600,2.72607101e-01,1.07808362e+00,5.39041810e-03,2.45327298e+00,1.76307331e+03
n064_nu0p005_s20261104,64,0.005,20261104,0.9800,2.72394359e-01,1.07996340e+00,5.39981700e-03,2.43285249e+00,1.75758312e+03
n064_nu0p005_s20261104,64,0.005,20261104,1.0000,2.72181575e-01,1.08193526e+00,5.40967628e-03,2.41119345e+00,1.75280197e+03
n064_nu0p005_s20261104,64,0.005,20261104,1.0200,2.71968726e-01,1.08399767e+00,5.41998835e-03,2.39292979e+00,1.74867621e+03
n064_nu0p005_s20261104,64,0.005,20261104,1.0400,2.71755794e-01,1.08614928e+00,5.43074638e-03,2.39510878e+00,1.74515654e+03
n064_nu0p005_s20261104,64,0.005,20261104,1.0600,2.71542762e-01,1.08838886e+00,5.44194430e-03,2.39576687e+00,1.74219996e+03
n064_nu0p005_s20261104,64,0.005,20261104,1.0800,2.71329616e-01,1.09071536e+00,5.45357681e-03,2.39501277e+00,1.73977100e+03
n064_nu0p005_s20261104,64,0.005,20261104,1.1000,2.71116347e-01,1.09312786e+00,5.46563930e-03,2.39295868e+00,1.73784204e+03
n064_nu0p005_s20261104,64,0.005,20261104,1.1200,2.70902947e-01,1.09562556e+00,5.47812779e-03,2.38971826e+00,1.73639278e+03
n064_nu0p005_s20261104,64,0.005,20261104,1.1400,2.70689410e-01,1.09820776e+00,5.49103882e-03,2.38540474e+00,1.73540899e+03
n064_nu0p005_s20261104,64,0.005,20261104,1.1600,2.70475733e-01,1.10087387e+00,5.50436937e-03,2.38012945e+00,1.73488051e+03
n064_nu0p005_s20261104,64,0.005,20261104,1.1800,2.70261915e-01,1.10362335e+00,5.51811677e-03,2.37400047e+00,1.73479902e+03
n064_nu0p005_s20261104,64,0.005,20261104,1.2000,2.70047957e-01,1.10645573e+00,5.53227865e-03,2.36712159e+00,1.73515563e+03
n064_nu0p005_s20261104,64,0.005,20261104,1.2200,2.69833860e-01,1.10937057e+00,5.54685283e-03,2.35959161e+00,1.73593894e+03
n064_nu0p005_s20261104,64,0.005,20261104,1.2400,2.69619627e-01,1.11236747e+00,5.56183737e-03,2.35150368e+00,1.73713377e+03
n064_nu0p005_s20261104,64,0.005,20261104,1.2600,2.69405265e-01,1.11544610e+00,5.57723049e-03,2.34294498e+00,1.73872087e+03
n064_nu0p005_s20261104,64,0.005,20261104,1.2800,2.69190776e-01,1.11860612e+00,5.59303061e-03,2.34469802e+00,1.74067781e+03
n064_nu0p005_s20261104,64,0.005,20261104,1.3000,2.68976168e-01,1.12184728e+00,5.60923641e-03,2.35343997e+00,1.74298081e+03
n064_nu0p005_s20261104,64,0.005,20261104,1.3200,2.68761448e-01,1.12516936e+00,5.62584681e-03,2.36092654e+00,1.74560742e+03
n064_nu0p005_s20261104,64,0.005,20261104,1.3400,2.68546622e-01,1.12857221e+00,5.64286106e-03,2.36720288e+00,1.74853946e+03
n064_nu0p005_s20261104,64,0.005,20261104,1.3600,2.68331697e-01,1.13205575e+00,5.66027874e-03,2.37231665e+00,1.75176592e+03
n064_nu0p005_s20261104,64,0.005,20261104,1.3800,2.68116681e-01,1.13561995e+00,5.67809975e-03,2.37631725e+00,1.75528529e+03
n064_nu0p005_s20261104,64,0.005,20261104,1.4000,2.67901580e-01,1.13926486e+00,5.69632432e-03,2.37925540e+00,1.75910694e+03
n064_nu0p005_s20261104,64,0.005,20261104,1.4200,2.67686401e-01,1.14299059e+00,5.71495295e-03,2.38118288e+00,1.76325138e+03
n064_nu0p005_s20261104,64,0.005,20261104,1.4400,2.67471151e-01,1.14679726e+00,5.73398630e-03,2.38215245e+00,1.76774925e+03
n064_nu0p005_s20261104,64,0.005,20261104,1.4600,2.67255834e-01,1.15068503e+00,5.75342516e-03,2.38221784e+00,1.77263917e+03
n064_nu0p005_s20261104,64,0.005,20261104,1.4800,2.67040455e-01,1.15465406e+00,5.77327029e-03,2.38416266e+00,1.77796472e+03
n064_nu0p005_s20261104,64,0.005,20261104,1.5000,2.66825018e-01,1.15870446e+00,5.79352232e-03,2.40102363e+00,1.78377083e+03
n064_nu0p005_s20261104,64,0.005,20261104,1.5200,2.66609524e-01,1.16283633e+00,5.81418166e-03,2.42555251e+00,1.79010000e+03
n064_nu0p005_s20261104,64,0.005,20261104,1.5400,2.66393976e-01,1.16704968e+00,5.83524839e-03,2.44985526e+00,1.79698884e+03
n064_nu0p005_s20261104,64,0.005,20261104,1.5600,2.66178372e-01,1.17134444e+00,5.85672220e-03,2.47392193e+00,1.80446511e+03
n064_nu0p005_s20261104,64,0.005,20261104,1.5800,2.65962712e-01,1.17572047e+00,5.87860237e-03,2.49921278e+00,1.81254570e+03
n064_nu0p005_s20261104,64,0.005,20261104,1.6000,2.65746993e-01,1.18017755e+00,5.90088777e-03,2.53164983e+00,1.82123549e+03
n064_nu0p005_s20261104,64,0.005,20261104,1.6200,2.65531211e-01,1.18471537e+00,5.92357687e-03,2.55749891e+00,1.83052717e+03
n064_nu0p005_s20261104,64,0.005,20261104,1.6400,2.65315363e-01,1.18933357e+00,5.94666785e-03,2.57935499e+00,1.84040183e+03
n064_nu0p005_s20261104,64,0.005,20261104,1.6600,2.65099441e-01,1.19403172e+00,5.97015860e-03,2.60495231e+00,1.85083013e+03
n064_nu0p005_s20261104,64,0.005,20261104,1.6800,2.64883440e-01,1.19880938e+00,5.99404688e-03,2.62429422e+00,1.86177380e+03
n064_nu0p005_s20261104,64,0.005,20261104,1.7000,2.64667353e-01,1.20366607e+00,6.01833034e-03,2.63741305e+00,1.87318746e+03
n064_nu0p005_s20261104,64,0.005,20261104,1.7200,2.64451172e-01,1.20860133e+00,6.04300663e-03,2.66455536e+00,1.88502029e+03
n064_nu0p005_s20261104,64,0.005,20261104,1.7400,2.64234890e-01,1.21361470e+00,6.06807350e-03,2.68989299e+00,1.89721790e+03
n064_nu0p005_s20261104,64,0.005,20261104,1.7600,2.64018498e-01,1.21870575e+00,6.09352875e-03,2.70895715e+00,1.90972410e+03
n064_nu0p005_s20261104,64,0.005,20261104,1.7800,2.63801988e-01,1.22387408e+00,6.11937038e-03,2.72239145e+00,1.92248268e+03
n064_nu0p005_s20261104,64,0.005,20261104,1.8000,2.63585352e-01,1.22911931e+00,6.14559655e-03,2.74354352e+00,1.93543936e+03
n064_nu0p005_s20261104,64,0.005,20261104,1.8200,2.63368582e-01,1.23444112e+00,6.17220559e-03,2.76446896e+00,1.94854371e+03
n064_nu0p005_s20261104,64,0.005,20261104,1.8400,2.63151669e-01,1.23983921e+00,6.19919604e-03,2.78517085e+00,1.96175120e+03
n064_nu0p005_s20261104,64,0.005,20261104,1.8600,2.62934605e-01,1.24531332e+00,6.22656660e-03,2.80655160e+00,1.97502516e+03
n064_nu0p005_s20261104,64,0.005,20261104,1.8800,2.62717382e-01,1.25086323e+00,6.25431614e-03,2.83008976e+00,1.98833860e+03
n064_nu0p005_s20261104,64,0.005,20261104,1.9000,2.62499992e-01,1.25648873e+00,6.28244364e-03,2.85321941e+00,2.00167581e+03
n064_nu0p005_s20261104,64,0.005,20261104,1.9200,2.62282426e-01,1.26218964e+00,6.31094819e-03,2.87594526e+00,2.01503347e+03
n064_nu0p005_s20261104,64,0.005,20261104,1.9400,2.62064677e-01,1.26796578e+00,6.33982891e-03,2.89827375e+00,2.02842129e+03
n064_nu0p005_s20261104,64,0.005,20261104,1.9600,2.61846736e-01,1.27381698e+00,6.36908492e-03,2.92021286e+00,2.04186210e+03
n064_nu0p005_s20261104,64,0.005,20261104,1.9800,2.61628595e-01,1.27974305e+00,6.39871523e-03,2.94177178e+00,2.05539135e+03
n064_nu0p005_s20261104,64,0.005,20261104,2.0000,2.61410244e-01,1.28574375e+00,6.42871875e-03,2.96296059e+00,2.06905609e+03
n064_nu0p005_s20261104,64,0.005,20261104,2.0200,2.61191674e-01,1.29181883e+00,6.45909417e-03,2.98378976e+00,2.08291351e+03
n064_nu0p005_s20261104,64,0.005,20261104,2.0400,2.60972877e-01,1.29796798e+00,6.48983989e-03,3.00426968e+00,2.09702913e+03
n064_nu0p005_s20261104,64,0.005,20261104,2.0600,2.60753842e-01,1.30419081e+00,6.52095403e-03,3.02441011e+00,2.11147481e+03
n064_nu0p005_s20261104,64,0.005,20261104,2.0800,2.60534559e-01,1.31048687e+00,6.55243433e-03,3.04421961e+00,2.12632662e+03
n064_nu0p005_s20261104,64,0.005,20261104,2.1000,2.60315017e-01,1.31685563e+00,6.58427813e-03,3.06370508e+00,2.14166278e+03
n064_nu0p005_s20261104,64,0.005,20261104,2.1200,2.60095206e-01,1.32329647e+00,6.61648235e-03,3.08287130e+00,2.15756171e+03
n064_nu0p005_s20261104,64,0.005,20261104,2.1400,2.59875112e-01,1.32980870e+00,6.64904350e-03,3.10450395e+00,2.17410019e+03
n064_nu0p005_s20261104,64,0.005,20261104,2.1600,2.59654724e-01,1.33639153e+00,6.68195764e-03,3.13405930e+00,2.19135185e+03
n064_nu0p005_s20261104,64,0.005,20261104,2.1800,2.59434029e-01,1.34304409e+00,6.71522043e-03,3.16257658e+00,2.20938583e+03
n064_nu0p005_s20261104,64,0.005,20261104,2.2000,2.59213015e-01,1.34976542e+00,6.74882712e-03,3.19007612e+00,2.22826581e+03
n064_nu0p005_s20261104,64,0.005,20261104,2.2200,2.58991668e-01,1.35655452e+00,6.78277258e-03,3.21658772e+00,2.24804928e+03
n064_nu0p005_s20261104,64,0.005,20261104,2.2400,2.58769973e-01,1.36341027e+00,6.81705133e-03,3.24245304e+00,2.26878705e+03
n064_nu0p005_s20261104,64,0.005,20261104,2.2600,2.58547918e-01,1.37033151e+00,6.85165757e-03,3.27275094e+00,2.29052312e+03
n064_nu0p005_s20261104,64,0.005,20261104,2.2800,2.58325487e-01,1.37731704e+00,6.88658519e-03,3.30190381e+00,2.31329467e+03
n064_nu0p005_s20261104,64,0.005,20261104,2.3000,2.58102667e-01,1.38436557e+00,6.92182783e-03,3.32990803e+00,2.33713239e+03
n064_nu0p005_s20261104,64,0.005,20261104,2.3200,2.57879441e-01,1.39147578e+00,6.95737889e-03,3.35677029e+00,2.36206087e+03
n064_nu0p005_s20261104,64,0.005,20261104,2.3400,2.57655796e-01,1.39864631e+00,6.99323157e-03,3.38251011e+00,2.38809916e+03
n064_nu0p005_s20261104,64,0.005,20261104,2.3600,2.57431717e-01,1.40587577e+00,7.02937886e-03,3.40716215e+00,2.41526142e+03
n064_nu0p005_s20261104,64,0.005,20261104,2.3800,2.57207187e-01,1.41316272e+00,7.06581362e-03,3.43077791e+00,2.44355761e+03
n064_nu0p005_s20261104,64,0.005,20261104,2.4000,2.56982192e-01,1.42050571e+00,7.10252854e-03,3.45342690e+00,2.47299422e+03
n064_nu0p005_s20261104,64,0.005,20261104,2.4200,2.56756716e-01,1.42790324e+00,7.13951622e-03,3.47519680e+00,2.50357487e+03
n064_nu0p005_s20261104,64,0.005,20261104,2.4400,2.56530744e-01,1.43535382e+00,7.17676911e-03,3.49878744e+00,2.53530092e+03
n064_nu0p005_s20261104,64,0.005,20261104,2.4600,2.56304260e-01,1.44285592e+00,7.21427959e-03,3.52510952e+00,2.56817202e+03
n064_nu0p005_s20261104,64,0.005,20261104,2.4800,2.56077249e-01,1.45040799e+00,7.25203995e-03,3.55001869e+00,2.60218645e+03
n064_nu0p005_s20261104,64,0.005,20261104,2.5000,2.55849694e-01,1.45800848e+00,7.29004240e-03,3.57357194e+00,2.63734144e+03
n064_nu0p005_s20261104,64,0.005,20261104,2.5200,2.55621581e-01,1.46565581e+00,7.32827907e-03,3.59583152e+00,2.67363335e+03
n064_nu0p005_s20261104,64,0.005,20261104,2.5400,2.55392892e-01,1.47334840e+00,7.36674202e-03,3.61686395e+00,2.71105776e+03
n064_nu0p005_s20261104,64,0.005,20261104,2.5600,2.55163613e-01,1.48108466e+00,7.40542328e-03,3.63673919e+00,2.74960948e+03
n064_nu0p005_s20261104,64,0.005,20261104,2.5800,2.54933727e-01,1.48886296e+00,7.44431479e-03,3.65552976e+00,2.78928249e+03
n064_nu0p005_s20261104,64,0.005,20261104,2.6000,2.54703219e-01,1.49668170e+00,7.48340848e-03,3.67330986e+00,2.83006988e+03
n064_nu0p005_s20261104,64,0.005,20261104,2.6200,2.54472073e-01,1.50453925e+00,7.52269623e-03,3.69015454e+00,2.87196375e+03
n064_nu0p005_s20261104,64,0.005,20261104,2.6400,2.54240273e-01,1.51243398e+00,7.56216988e-03,3.70613880e+00,2.91495509e+03
n064_nu0p005_s20261104,64,0.005,20261104,2.6600,2.54007803e-01,1.52036426e+00,7.60182130e-03,3.73085157e+00,2.95903380e+03
n064_nu0p005_s20261104,64,0.005,20261104,2.6800,2.53774647e-01,1.52832846e+00,7.64164231e-03,3.75734552e+00,3.00418856e+03
n064_nu0p005_s20261104,64,0.005,20261104,2.7000,2.53540790e-01,1.53632496e+00,7.68162480e-03,3.80264182e+00,3.05040693e+03
n064_nu0p005_s20261104,64,0.005,20261104,2.7200,2.53306217e-01,1.54435213e+00,7.72176066e-03,3.84666876e+00,3.09767538e+03
n064_nu0p005_s20261104,64,0.005,20261104,2.7400,2.53070912e-01,1.55240837e+00,7.76204183e-03,3.88836564e+00,3.14597938e+03
n064_nu0p005_s20261104,64,0.005,20261104,2.7600,2.52834860e-01,1.56049206e+00,7.80246032e-03,3.92771843e+00,3.19530355e+03
n064_nu0p005_s20261104,64,0.005,20261104,2.7800,2.52598046e-01,1.56860164e+00,7.84300821e-03,3.97188025e+00,3.24563185e+03
n064_nu0p005_s20261104,64,0.005,20261104,2.8000,2.52360456e-01,1.57673554e+00,7.88367769e-03,4.03412060e+00,3.29694776e+03
n064_nu0p005_s20261104,64,0.005,20261104,2.8200,2.52122074e-01,1.58489221e+00,7.92446105e-03,4.09424861e+00,3.34923451e+03
n064_nu0p005_s20261104,64,0.005,20261104,2.8400,2.51882887e-01,1.59307013e+00,7.96535067e-03,4.15197914e+00,3.40247531e+03
n064_nu0p005_s20261104,64,0.005,20261104,2.8600,2.51642880e-01,1.60126782e+00,8.00633912e-03,4.20702592e+00,3.45665358e+03
n064_nu0p005_s20261104,64,0.005,20261104,2.8800,2.51402040e-01,1.60948381e+00,8.04741906e-03,4.25910549e+00,3.51175321e+03
n064_nu0p005_s20261104,64,0.005,20261104,2.9000,2.51160354e-01,1.61771667e+00,8.08858333e-03,4.30794138e+00,3.56775874e+03
n064_nu0p005_s20261104,64,0.005,20261104,2.9200,2.50917809e-01,1.62596499e+00,8.12982493e-03,4.35326817e+00,3.62465562e+03
n064_nu0p005_s20261104,64,0.005,20261104,2.9400,2.50674391e-01,1.63422740e+00,8.17113702e-03,4.39483559e+00,3.68243036e+03
n064_nu0p005_s20261104,64,0.005,20261104,2.9600,2.50430089e-01,1.64250259e+00,8.21251296e-03,4.44368714e+00,3.74107077e+03
n064_nu0p005_s20261104,64,0.005,20261104,2.9800,2.50184891e-01,1.65078925e+00,8.25394626e-03,4.48941357e+00,3.80056602e+03
n064_nu0p005_s20261104,64,0.005,20261104,3.0000,2.49938784e-01,1.65908613e+00,8.29543065e-03,4.53384611e+00,3.86090685e+03
n064_nu0p005_s20261104,64,0.005,20261104,3.0200,2.49691759e-01,1.66739201e+00,8.33696004e-03,4.58105544e+00,3.92208565e+03
n064_nu0p005_s20261104,64,0.005,20261104,3.0400,2.49443803e-01,1.67570571e+00,8.37852853e-03,4.62468248e+00,3.98409656e+03
n064_nu0p005_s20261104,64,0.005,20261104,3.0600,2.49194906e-01,1.68402608e+00,8.42013041e-03,4.66462342e+00,4.04693555e+03
n064_nu0p005_s20261104,64,0.005,20261104,3.0800,2.48945059e-01,1.69235204e+00,8.46176018e-03,4.70079812e+00,4.11060052e+03
n064_nu0p005_s20261104,64,0.005,20261104,3.1000,2.48694252e-01,1.70068250e+00,8.50341252e-03,4.73314970e+00,4.17509134e+03
n064_nu0p005_s20261104,64,0.005,20261104,3.1200,2.48442475e-01,1.70901646e+00,8.54508232e-03,4.76164379e+00,4.24040998e+03
n064_nu0p005_s20261104,64,0.005,20261104,3.1400,2.48189719e-01,1.71735292e+00,8.58676462e-03,4.78626754e+00,4.30656056e+03
n064_nu0p005_s20261104,64,0.005,20261104,3.1600,2.47935976e-01,1.72569094e+00,8.62845470e-03,4.80702841e+00,4.37354944e+03
n064_nu0p005_s20261104,64,0.005,20261104,3.1800,2.47681237e-01,1.73402959e+00,8.67014797e-03,4.82395281e+00,4.44138531e+03
n064_nu0p005_s20261104,64,0.005,20261104,3.2000,2.47425495e-01,1.74236801e+00,8.71184004e-03,4.83708455e+00,4.51007929e+03
n064_nu0p005_s20261104,64,0.005,20261104,3.2200,2.47168742e-01,1.75070534e+00,8.75352669e-03,4.88563602e+00,4.57964501e+03
n064_nu0p005_s20261104,64,0.005,20261104,3.2400,2.46910970e-01,1.75904077e+00,8.79520384e-03,4.94219709e+00,4.65009866e+03
n064_nu0p005_s20261104,64,0.005,20261104,3.2600,2.46652174e-01,1.76737352e+00,8.83686759e-03,4.99856438e+00,4.72145907e+03
n064_nu0p005_s20261104,64,0.005,20261104,3.2800,2.46392345e-01,1.77570284e+00,8.87851418e-03,5.05456866e+00,4.79374774e+03
n064_nu0p005_s20261104,64,0.005,20261104,3.3000,2.46131477e-01,1.78402800e+00,8.92013998e-03,5.11003493e+00,4.86698880e+03
n064_nu0p005_s20261104,64,0.005,20261104,3.3200,2.45869565e-01,1.79234830e+00,8.96174149e-03,5.16478240e+00,4.94120901e+03
n064_nu0p005_s20261104,64,0.005,20261104,3.3400,2.45606602e-01,1.80066306e+00,9.00331532e-03,5.21862420e+00,5.01643766e+03
n064_nu0p005_s20261104,64,0.005,20261104,3.3600,2.45342582e-01,1.80897164e+00,9.04485819e-03,5.27136692e+00,5.09270644e+03
n064_nu0p005_s20261104,64,0.005,20261104,3.3800,2.45077500e-01,1.81727338e+00,9.08636691e-03,5.32280985e+00,5.17004923e+03
n064_nu0p005_s20261104,64,0.005,20261104,3.4000,2.44811349e-01,1.82556768e+00,9.12783838e-03,5.37274412e+00,5.24850193e+03
n064_nu0p005_s20261104,64,0.005,20261104,3.4200,2.44544125e-01,1.83385391e+00,9.16926953e-03,5.42095150e+00,5.32810212e+03
n064_nu0p005_s20261104,64,0.005,20261104,3.4400,2.44275821e-01,1.84213148e+00,9.21065738e-03,5.46720321e+00,5.40888878e+03
n064_nu0p005_s20261104,64,0.005,20261104,3.4600,2.44006434e-01,1.85039979e+00,9.25199897e-03,5.51125850e+00,5.49090193e+03
n064_nu0p005_s20261104,64,0.005,20261104,3.4800,2.43735956e-01,1.85865828e+00,9.29329138e-03,5.56591666e+00,5.57418224e+03
n064_nu0p005_s20261104,64,0.005,20261104,3.5000,2.43464383e-01,1.86690634e+00,9.33453168e-03,5.64270706e+00,5.65877066e+03
n064_nu0p005_s20261104,64,0.005,20261104,3.5200,2.43191709e-01,1.87514339e+00,9.37571697e-03,5.71920939e+00,5.74470803e+03
n064_nu0p005_s20261104,64,0.005,20261104,3.5400,2.42917930e-01,1.88336887e+00,9.41684433e-03,5.79521103e+00,5.83203467e+03
n064_nu0p005_s20261104,64,0.005,20261104,3.5600,2.42643039e-01,1.89158217e+00,9.45791083e-03,5.87048195e+00,5.92079007e+03
n064_nu0p005_s20261104,64,0.005,20261104,3.5800,2.42367031e-01,1.89978270e+00,9.49891352e-03,5.94477179e+00,6.01101253e+03
n064_nu0p005_s20261104,64,0.005,20261104,3.6000,2.42089900e-01,1.90796988e+00,9.53984942e-03,6.01780676e+00,6.10273893e+03
n064_nu0p005_s20261104,64,0.005,20261104,3.6200,2.41811641e-01,1.91614311e+00,9.58071553e-03,6.08928638e+00,6.19600443e+03
n064_nu0p005_s20261104,64,0.005,20261104,3.6400,2.41532249e-01,1.92430176e+00,9.62150879e-03,6.15888044e+00,6.29084234e+03
n064_nu0p005_s20261104,64,0.005,20261104,3.6600,2.41251716e-01,1.93244522e+00,9.66222612e-03,6.22622605e+00,6.38728397e+03
n064_nu0p005_s20261104,64,0.005,20261104,3.6800,2.40970038e-01,1.94057288e+00,9.70286439e-03,6.29092513e+00,6.48535853e+03
n064_nu0p005_s20261104,64,0.005,20261104,3.7000,2.40687209e-01,1.94868409e+00,9.74342045e-03,6.35254238e+00,6.58509310e+03
n064_nu0p005_s20261104,64,0.005,20261104,3.7200,2.40403222e-01,1.95677822e+00,9.78389108e-03,6.41060395e+00,6.68651257e+03
n064_nu0p005_s20261104,64,0.005,20261104,3.7400,2.40118071e-01,1.96485461e+00,9.82427303e-03,6.46459689e+00,6.78963965e+03
n064_nu0p005_s20261104,64,0.005,20261104,3.7600,2.39831750e-01,1.97291260e+00,9.86456302e-03,6.51396948e+00,6.89449487e+03
n064_nu0p005_s20261104,64,0.005,20261104,3.7800,2.39544252e-01,1.98095154e+00,9.90475770e-03,6.55813269e+00,7.00109659e+03
n064_nu0p005_s20261104,64,0.005,20261104,3.8000,2.39255573e-01,1.98897074e+00,9.94485369e-03,6.59646271e+00,7.10946093e+03
n064_nu0p005_s20261104,64,0.005,20261104,3.8200,2.38965704e-01,1.99696952e+00,9.98484759e-03,6.63831802e+00,7.21960177e+03
n064_nu0p005_s20261104,64,0.005,20261104,3.8400,2.38674639e-01,2.00494719e+00,1.00247359e-02,6.70298265e+00,7.33153068e+03
n064_nu0p005_s20261104,64,0.005,20261104,3.8600,2.38382373e-01,2.01290304e+00,1.00645152e-02,6.76354311e+00,7.44525677e+03
n064_nu0p005_s20261104,64,0.005,20261104,3.8800,2.38088899e-01,2.02083638e+00,1.01041819e-02,6.85262213e+00,7.56078657e+03
n064_nu0p005_s20261104,64,0.005,20261104,3.9000,2.37794210e-01,2.02874648e+00,1.01437324e-02,6.94888108e+00,7.67812388e+03
n064_nu0p005_s20261104,64,0.005,20261104,3.9200,2.37498301e-01,2.03663261e+00,1.01831631e-02,7.04179214e+00,7.79726948e+03
n064_nu0p005_s20261104,64,0.005,20261104,3.9400,2.37201163e-01,2.04449406e+00,1.02224703e-02,7.13061443e+00,7.91822098e+03
n064_nu0p005_s20261104,64,0.005,20261104,3.9600,2.36902792e-01,2.05233006e+00,1.02616503e-02,7.21454940e+00,8.04097249e+03
n064_nu0p005_s20261104,64,0.005,20261104,3.9800,2.36603181e-01,2.06013989e+00,1.03006994e-02,7.29274449e+00,8.16551435e+03
n064_nu0p005_s20261104,64,0.005,20261104,4.0000,2.36302323e-01,2.06792278e+00,1.03396139e-02,7.36429820e+00,8.29183288e+03
n064_nu0p005_s20261104,64,0.005,20261104,4.0200,2.36000212e-01,2.07567796e+00,1.03783898e-02,7.42826659e+00,8.41991008e+03
n064_nu0p005_s20261104,64,0.005,20261104,4.0400,2.35696843e-01,2.08340468e+00,1.04170234e-02,7.48367130e+00,8.54972332e+03
n064_nu0p005_s20261104,64,0.005,20261104,4.0600,2.35392208e-01,2.09110215e+00,1.04555108e-02,7.52950881e+00,8.68124518e+03
n064_nu0p005_s20261104,64,0.005,20261104,4.0800,2.35086303e-01,2.09876960e+00,1.04938480e-02,7.56476116e+00,8.81444312e+03
n064_nu0p005_s20261104,64,0.005,20261104,4.1000,2.34779120e-01,2.10640623e+00,1.05320312e-02,7.65283444e+00,8.94927938e+03
n064_nu0p005_s20261104,64,0.005,20261104,4.1200,2.34470654e-01,2.11401125e+00,1.05700563e-02,7.74066664e+00,9.08571079e+03
n064_nu0p005_s20261104,64,0.005,20261104,4.1400,2.34160899e-01,2.12158387e+00,1.06079194e-02,7.82031056e+00,9.22368868e+03
n064_nu0p005_s20261104,64,0.005,20261104,4.1600,2.33849848e-01,2.12912327e+00,1.06456164e-02,7.89065888e+00,9.36315884e+03
n064_nu0p005_s20261104,64,0.005,20261104,4.1800,2.33537497e-01,2.13662866e+00,1.06831433e-02,7.95058441e+00,9.50406152e+03
n064_nu0p005_s20261104,64,0.005,20261104,4.2000,2.33223840e-01,2.14409920e+00,1.07204960e-02,7.99895095e+00,9.64633149e+03
n064_nu0p005_s20261104,64,0.005,20261104,4.2200,2.32908869e-01,2.15153409e+00,1.07576704e-02,8.03462519e+00,9.78989820e+03
n064_nu0p005_s20261104,64,0.005,20261104,4.2400,2.32592581e-01,2.15893249e+00,1.07946625e-02,8.05648978e+00,9.93468590e+03
n064_nu0p005_s20261104,64,0.005,20261104,4.2600,2.32274969e-01,2.16629359e+00,1.08314679e-02,8.06345744e+00,1.00806139e+04
n064_nu0p005_s20261104,64,0.005,20261104,4.2800,2.31956026e-01,2.17361653e+00,1.08680826e-02,8.12084837e+00,1.02275970e+04
n064_nu0p005_s20261104,64,0.005,20261104,4.3000,2.31635749e-01,2.18090048e+00,1.09045024e-02,8.19442799e+00,1.03755456e+04
n064_nu0p005_s20261104,64,0.005,20261104,4.3200,2.31314130e-01,2.18814459e+00,1.09407229e-02,8.25510614e+00,1.05243662e+04
n064_nu0p005_s20261104,64,0.005,20261104,4.3400,2.30991164e-01,2.19534800e+00,1.09767400e-02,8.30161743e+00,1.06739620e+04
n064_nu0p005_s20261104,64,0.005,20261104,4.3600,2.30666845e-01,2.20250986e+00,1.10125493e-02,8.35254932e+00,1.08242332e+04
n064_nu0p005_s20261104,64,0.005,20261104,4.3800,2.30341167e-01,2.20962930e+00,1.10481465e-02,8.47574817e+00,1.09750774e+04
n064_nu0p005_s20261104,64,0.005,20261104,4.4000,2.30014125e-01,2.21670544e+00,1.10835272e-02,8.58768990e+00,1.11263908e+04
n064_nu0p005_s20261104,64,0.005,20261104,4.4200,2.29685713e-01,2.22373740e+00,1.11186870e-02,8.68687473e+00,1.12780678e+04
n064_nu0p005_s20261104,64,0.005,20261104,4.4400,2.29355925e-01,2.23072430e+00,1.11536215e-02,8.77179695e+00,1.14300026e+04
n064_nu0p005_s20261104,64,0.005,20261104,4.4600,2.29024754e-01,2.23766523e+00,1.11883261e-02,8.84096335e+00,1.15820889e+04
n064_nu0p005_s20261104,64,0.005,20261104,4.4800,2.28692195e-01,2.24455929e+00,1.12227964e-02,8.89291356e+00,1.17342214e+04
n064_nu0p005_s20261104,64,0.005,20261104,4.5000,2.28358242e-01,2.25140557e+00,1.12570279e-02,8.92624191e+00,1.18862955e+04
n064_nu0p005_s20261104,64,0.005,20261104,4.5200,2.28022890e-01,2.25820316e+00,1.12910158e-02,8.93962088e+00,1.20382085e+04
n064_nu0p005_s20261104,64,0.005,20261104,4.5400,2.27686131e-01,2.26495114e+00,1.13247557e-02,8.93182562e+00,1.21898600e+04
n064_nu0p005_s20261104,64,0.005,20261104,4.5600,2.27347960e-01,2.27164856e+00,1.13582428e-02,8.90175918e+00,1.23411524e+04
n064_nu0p005_s20261104,64,0.005,20261104,4.5800,2.27008372e-01,2.27829449e+00,1.13914725e-02,8.98866005e+00,1.24919912e+04
n064_nu0p005_s20261104,64,0.005,20261104,4.6000,2.26667360e-01,2.28488801e+00,1.14244400e-02,9.06649138e+00,1.26422857e+04
n064_nu0p005_s20261104,64,0.005,20261104,4.6200,2.26324918e-01,2.29142815e+00,1.14571407e-02,9.12582627e+00,1.27919491e+04
n064_nu0p005_s20261104,64,0.005,20261104,4.6400,2.25981042e-01,2.29791397e+00,1.14895698e-02,9.16516982e+00,1.29408992e+04
n064_nu0p005_s20261104,64,0.005,20261104,4.6600,2.25635724e-01,2.30434451e+00,1.15217226e-02,9.18312101e+00,1.30890579e+04
n064_nu0p005_s20261104,64,0.005,20261104,4.6800,2.25288960e-01,2.31071884e+00,1.15535942e-02,9.17840113e+00,1.32363525e+04
n064_nu0p005_s20261104,64,0.005,20261104,4.7000,2.24940745e-01,2.31703599e+00,1.15851799e-02,9.14988278e+00,1.33827145e+04
n064_nu0p005_s20261104,64,0.005,20261104,4.7200,2.24591072e-01,2.32329501e+00,1.16164750e-02,9.15437002e+00,1.35280806e+04
n064_nu0p005_s20261104,64,0.005,20261104,4.7400,2.24239937e-01,2.32949494e+00,1.16474747e-02,9.24755777e+00,1.36723925e+04
n064_nu0p005_s20261104,64,0.005,20261104,4.7600,2.23887336e-01,2.33563485e+00,1.16781743e-02,9.32027344e+00,1.38155962e+04
n064_nu0p005_s20261104,64,0.005,20261104,4.7800,2.23533263e-01,2.34171379e+00,1.17085690e-02,9.37116046e+00,1.39576428e+04
n064_nu0p005_s20261104,64,0.005,20261104,4.8000,2.23177714e-01,2.34773082e+00,1.17386541e-02,9.39902596e+00,1.40984875e+04
n064_nu0p005_s20261104,64,0.005,20261104,4.8200,2.22820685e-01,2.35368501e+00,1.17684251e-02,9.40286803e+00,1.42380899e+04
n064_nu0p005_s20261104,64,0.005,20261104,4.8400,2.22462172e-01,2.35957544e+00,1.17978772e-02,9.38190109e+00,1.43764137e+04
n064_nu0p005_s20261104,64,0.005,20261104,4.8600,2.22102172e-01,2.36540120e+00,1.18270060e-02,9.39618423e+00,1.45134262e+04
n064_nu0p005_s20261104,64,0.005,20261104,4.8800,2.21740682e-01,2.37116138e+00,1.18558069e-02,9.50258385e+00,1.46490985e+04
n064_nu0p005_s20261104,64,0.005,20261104,4.9000,2.21377698e-01,2.37685511e+00,1.18842755e-02,9.58688390e+00,1.47834050e+04
n064_nu0p005_s20261104,64,0.005,20261104,4.9200,2.21013219e-01,2.38248150e+00,1.19124075e-02,9.64770078e+00,1.49163230e+04
n064_nu0p005_s20261104,64,0.005,20261104,4.9400,2.20647243e-01,2.38803970e+00,1.19401985e-02,9.68385268e+00,1.50478330e+04
n064_nu0p005_s20261104,64,0.005,20261104,4.9600,2.20279767e-01,2.39352886e+00,1.19676443e-02,9.69438736e+00,1.51779177e+04
n064_nu0p005_s20261104,64,0.005,20261104,4.9800,2.19910792e-01,2.39894818e+00,1.19947409e-02,9.67860684e+00,1.53065627e+04
n064_nu0p005_s20261104,64,0.005,20261104,5.0000,2.19540316e-01,2.40429683e+00,1.20214842e-02,9.63608792e+00,1.54337554e+04
n064_nu0p005_s20261104,64,0.005,20261104,5.0200,2.19168339e-01,2.40957405e+00,1.20478703e-02,9.56669803e+00,1.55594855e+04
n064_nu0p005_s20261104,64,0.005,20261104,5.0400,2.18794862e-01,2.41477907e+00,1.20738953e-02,9.55498385e+00,1.56837443e+04
n064_nu0p005_s20261104,64,0.005,20261104,5.0600,2.18419886e-01,2.41991114e+00,1.20995557e-02,9.57008015e+00,1.58065248e+04
n064_nu0p005_s20261104,64,0.005,20261104,5.0800,2.18043412e-01,2.42496956e+00,1.21248478e-02,9.55022782e+00,1.59278215e+04
n064_nu0p005_s20261104,64,0.005,20261104,5.1000,2.17665443e-01,2.42995363e+00,1.21497682e-02,9.49523283e+00,1.60476302e+04
n064_nu0p005_s20261104,64,0.005,20261104,5.1200,2.17285980e-01,2.43486269e+00,1.21743134e-02,9.40532205e+00,1.61659480e+04
n064_nu0p005_s20261104,64,0.005,20261104,5.1400,2.16905028e-01,2.43969608e+00,1.21984804e-02,9.35600331e+00,1.62827733e+04
n064_nu0p005_s20261104,64,0.005,20261104,5.1600,2.16522590e-01,2.44445321e+00,1.22222661e-02,9.29506259e+00,1.63981055e+04
n064_nu0p005_s20261104,64,0.005,20261104,5.1800,2.16138669e-01,2.44913348e+00,1.22456674e-02,9.21580434e+00,1.65119448e+04
n064_nu0p005_s20261104,64,0.005,20261104,5.2000,2.15753273e-01,2.45373632e+00,1.22686816e-02,9.23251932e+00,1.66242927e+04
n064_nu0p005_s20261104,64,0.005,20261104,5.2200,2.15366404e-01,2.45826121e+00,1.22913061e-02,9.32464273e+00,1.67351512e+04
n064_nu0p005_s20261104,64,0.005,20261104,5.2400,2.14978071e-01,2.46270764e+00,1.23135382e-02,9.38905364e+00,1.68445232e+04
n064_nu0p005_s20261104,64,0.005,20261104,5.2600,2.14588280e-01,2.46707512e+00,1.23353756e-02,9.48438473e+00,1.69524122e+04
n064_nu0p005_s20261104,64,0.005,20261104,5.2800,2.14197037e-01,2.47136320e+00,1.23568160e-02,9.59559439e+00,1.70588224e+04
n064_nu0p005_s20261104,64,0.005,20261104,5.3000,2.13804352e-01,2.47557146e+00,1.23778573e-02,9.69751618e+00,1.71637585e+04
n064_nu0p005_s20261104,64,0.005,20261104,5.3200,2.13410231e-01,2.47969949e+00,1.23984974e-02,9.78984405e+00,1.72672261e+04
n064_nu0p005_s20261104,64,0.005,20261104,5.3400,2.13014685e-01,2.48374690e+00,1.24187345e-02,9.87233305e+00,1.73692313e+04
n064_nu0p005_s20261104,64,0.005,20261104,5.3600,2.12617723e-01,2.48771335e+00,1.24385668e-02,9.94480158e+00,1.74697811e+04
n064_nu0p005_s20261104,64,0.005,20261104,5.3800,2.12219354e-01,2.49159850e+00,1.24579925e-02,1.00071329e+01,1.75688839e+04
n064_nu0p005_s20261104,64,0.005,20261104,5.4000,2.11819590e-01,2.49540203e+00,1.24770101e-02,1.00592759e+01,1.76665490e+04
n064_nu0p005_s20261104,64,0.005,20261104,5.4200,2.11418440e-01,2.49912364e+00,1.24956182e-02,1.01012449e+01,1.77627876e+04
n064_nu0p005_s20261104,64,0.005,20261104,5.4400,2.11015917e-01,2.50276305e+00,1.25138153e-02,1.01331183e+01,1.78576126e+04
n064_nu0p005_s20261104,64,0.005,20261104,5.4600,2.10612032e-01,2.50632000e+00,1.25316000e-02,1.01550374e+01,1.79510389e+04
n064_nu0p005_s20261104,64,0.005,20261104,5.4800,2.10206798e-01,2.50979423e+00,1.25489712e-02,1.01672031e+01,1.80430838e+04
n064_nu0p005_s20261104,64,0.005,20261104,5.5000,2.09800226e-01,2.51318549e+00,1.25659275e-02,1.01698729e+01,1.81337670e+04
n064_nu0p005_s20261104,64,0.005,20261104,5.5200,2.09392330e-01,2.51649355e+00,1.25824677e-02,1.01633564e+01,1.82231107e+04
n064_nu0p005_s20261104,64,0.005,20261104,5.5400,2.08983122e-01,2.51971816e+00,1.25985908e-02,1.01625594e+01,1.83111401e+04
n064_nu0p005_s20261104,64,0.005,20261104,5.5600,2.08572616e-01,2.52285910e+00,1.26142955e-02,1.01809980e+01,1.83978825e+04
n064_nu0p005_s20261104,64,0.005,20261104,5.5800,2.08160825e-01,2.52591614e+00,1.26295807e-02,1.01894097e+01,1.84833681e+04
n064_nu0p005_s20261104,64,0.005,20261104,5.6000,2.07747763e-01,2.52888905e+00,1.26444453e-02,1.01880269e+01,1.85676292e+04
n064_nu0p005_s20261104,64,0.005,20261104,5.6200,2.07333444e-01,2.53177759e+00,1.26588879e-02,1.01771384e+01,1.86506998e+04
n064_nu0p005_s20261104,64,0.005,20261104,5.6400,2.06917881e-01,2.53458152e+00,1.26729076e-02,1.01570846e+01,1.87326156e+04
n064_nu0p005_s20261104,64,0.005,20261104,5.6600,2.06501088e-01,2.53730060e+00,1.26865030e-02,1.01282525e+01,1.88134129e+04
n064_nu0p005_s20261104,64,0.005,20261104,5.6800,2.06083080e-01,2.53993456e+00,1.26996728e-02,1.00910693e+01,1.88931283e+04
n064_nu0p005_s20261104,64,0.005,20261104,5.7000,2.05663870e-01,2.54248315e+00,1.27124158e-02,1.00459962e+01,1.89717976e+04
n064_nu0p005_s20261104,64,0.005,20261104,5.7200,2.05243472e-01,2.54494610e+00,1.27247305e-02,9.99352112e+00,1.90494554e+04
n064_nu0p005_s20261104,64,0.005,20261104,5.7400,2.04821901e-01,2.54732312e+00,1.27366156e-02,9.93415214e+00,1.91261338e+04
n064_nu0p005_s20261104,64,0.005,20261104,5.7600,2.04399169e-01,2.54961392e+00,1.27480696e-02,9.86840994e+00,1.92018620e+04
n064_nu0p005_s20261104,64,0.005,20261104,5.7800,2.03975290e-01,2.55181819e+00,1.27590909e-02,9.81120167e+00,1.92766656e+04
n064_nu0p005_s20261104,64,0.005,20261104,5.8000,2.03550279e-01,2.55393562e+00,1.27696781e-02,9.77822799e+00,1.93505655e+04
n064_nu0p005_s20261104,64,0.005,20261104,5.8200,2.03124148e-01,2.55596588e+00,1.27798294e-02,9.84721697e+00,1.94235777e+04
n064_nu0p005_s20261104,64,0.005,20261104,5.8400,2.02696911e-01,2.55790864e+00,1.27895432e-02,9.93298447e+00,1.94957127e+04
n064_nu0p005_s20261104,64,0.005,20261104,5.8600,2.02268580e-01,2.55976355e+00,1.27988178e-02,1.00114448e+01,1.95669756e+04
n064_nu0p005_s20261104,64,0.005,20261104,5.8800,2.01839169e-01,2.56153027e+00,1.28076514e-02,1.00826169e+01,1.96373653e+04
n064_nu0p005_s20261104,64,0.005,20261104,5.9000,2.01408690e-01,2.56320844e+00,1.28160422e-02,1.01465488e+01,1.97068752e+04
n064_nu0p005_s20261104,64,0.005,20261104,5.9200,2.00977155e-01,2.56479770e+00,1.28239885e-02,1.02033143e+01,1.97754929e+04
n064_nu0p005_s20261104,64,0.005,20261104,5.9400,2.00544577e-01,2.56629768e+00,1.28314884e-02,1.02530099e+01,1.98432009e+04
n064_nu0p005_s20261104,64,0.005,20261104,5.9600,2.00110968e-01,2.56770802e+00,1.28385401e-02,1.02957519e+01,1.99099763e+04
n064_nu0p005_s20261104,64,0.005,20261104,5.9800,1.99676339e-01,2.56902835e+00,1.28451418e-02,1.03316734e+01,1.99757919e+04
n064_nu0p005_s20261104,64,0.005,20261104,6.0000,1.99240702e-01,2.57025833e+00,1.28512917e-02,1.03609206e+01,2.00406167e+04
n064_nu0p005_s20261106,64,0.005,20261106,0.0000,2.80345175e-01,1.06212316e+00,5.31061579e-03,2.81849175e+00,3.58248939e+03
n064_nu0p005_s20261106,64,0.005,20261106,0.0200,2.80119084e-01,1.05736040e+00,5.28680201e-03,2.81144324e+00,3.40184831e+03
n064_nu0p005_s20261106,64,0.005,20261106,0.0400,2.79894751e-01,1.05287281e+00,5.26436407e-03,2.80048114e+00,3.23650241e+03
n064_nu0p005_s20261106,64,0.005,20261106,0.0600,2.79672143e-01,1.04865098e+00,5.24325491e-03,2.78362247e+00,3.08491810e+03
n064_nu0p005_s20261106,64,0.005,20261106,0.0800,2.79451219e-01,1.04468600e+00,5.22343002e-03,2.76165638e+00,2.94573134e+03
n064_nu0p005_s20261106,64,0.005,20261106,0.1000,2.79231932e-01,1.04096922e+00,5.20484610e-03,2.73540953e+00,2.81773273e+03
n064_nu0p005_s20261106,64,0.005,20261106,0.1200,2.79014228e-01,1.03749202e+00,5.18746012e-03,2.71617133e+00,2.69985809e+03
n064_nu0p005_s20261106,64,0.005,20261106,0.1400,2.78798042e-01,1.03424575e+00,5.17122877e-03,2.69485164e+00,2.59117731e+03
n064_nu0p005_s20261106,64,0.005,20261106,0.1600,2.78583300e-01,1.03122162e+00,5.15610809e-03,2.66858637e+00,2.49087722e+03
n064_nu0p005_s20261106,64,0.005,20261106,0.1800,2.78369923e-01,1.02841064e+00,5.14205322e-03,2.63825488e+00,2.39823853e+03
n064_nu0p005_s20261106,64,0.005,20261106,0.2000,2.78157821e-01,1.02580369e+00,5.12901846e-03,2.60475729e+00,2.31261133e+03
n064_nu0p005_s20261106,64,0.005,20261106,0.2200,2.77946904e-01,1.02339152e+00,5.11695759e-03,2.60146165e+00,2.23339473e+03
n064_nu0p005_s20261106,64,0.005,20261106,0.2400,2.77737076e-01,1.02116491e+00,5.10582454e-03,2.60330109e+00,2.16002510e+03
n064_nu0p005_s20261106,64,0.005,20261106,0.2600,2.77528243e-01,1.01911489e+00,5.09557447e-03,2.60374541e+00,2.09197417e+03
n064_nu0p005_s20261106,64,0.005,20261106,0.2800,2.77320313e-01,1.01723299e+00,5.08616493e-03,2.60282178e+00,2.02875430e+03
n064_nu0p005_s20261106,64,0.005,20261106,0.3000,2.77113198e-01,1.01551141e+00,5.07755703e-03,2.60055736e+00,1.96992644e+03
n064_nu0p005_s20261106,64,0.005,20261106,0.3200,2.76906816e-01,1.01394326e+00,5.06971631e-03,2.59697902e+00,1.91510586e+03
n064_nu0p005_s20261106,64,0.005,20261106,0.3400,2.76701094e-01,1.01252263e+00,5.06261315e-03,2.59211342e+00,1.86396248e+03
n064_nu0p005_s20261106,64,0.005,20261106,0.3600,2.76495964e-01,1.01124457e+00,5.05622284e-03,2.58598742e+00,1.81621550e+03
n064_nu0p005_s20261106,64,0.005,20261106,0.3800,2.76291370e-01,1.01010503e+00,5.05052516e-03,2.57862869e+00,1.77162381e+03
n064_nu0p005_s20261106,64,0.005,20261106,0.4000,2.76087259e-01,1.00910076e+00,5.04550381e-03,2.57006650e+00,1.72997528e+03
n064_nu0p005_s20261106,64,0.005,20261106,0.4200,2.75883590e-01,1.00822913e+00,5.04114565e-03,2.56033270e+00,1.69107737e+03
n064_nu0p005_s20261106,64,0.005,20261106,0.4400,2.75680324e-01,1.00748800e+00,5.03743999e-03,2.54946248e+00,1.65475066e+03
n064_nu0p005_s20261106,64,0.005,20261106,0.4600,2.75477429e-01,1.00687558e+00,5.03437792e-03,2.53749517e+00,1.62082536e+03
n064_nu0p005_s20261106,64,0.005,20261106,0.4800,2.75274875e-01,1.00639034e+00,5.03195168e-03,2.52447467e+00,1.58914015e+03
n064_nu0p005_s20261106,64,0.005,20261106,0.5000,2.75072637e-01,1.00603084e+00,5.03015418e-03,2.51044958e+00,1.55954228e+03
n064_nu0p005_s20261106,64,0.005,20261106,0.5200,2.74870691e-01,1.00579571e+00,5.02897856e-03,2.49624568e+00,1.53188796e+03
n064_nu0p005_s20261106,64,0.005,20261106,0.5400,2.74669013e-01,1.00568358e+00,5.02841790e-03,2.48486172e+00,1.50604300e+03
n064_nu0p005_s20261106,64,0.005,20261106,0.5600,2.74467582e-01,1.00569299e+00,5.02846497e-03,2.47239910e+00,1.48188322e+03
n064_nu0p005_s20261106,64,0.005,20261106,0.5800,2.74266374e-01,1.00582244e+00,5.02911222e-03,2.46430419e+00,1.45929507e+03
n064_nu0p005_s20261106,64,0.005,20261106,0.6000,2.74065368e-01,1.00607034e+00,5.03035172e-03,2.45606984e+00,1.43817605e+03
n064_nu0p005_s20261106,64,0.005,20261106,0.6200,2.73864540e-01,1.00643506e+00,5.03217528e-03,2.44681271e+00,1.41843490e+03
n064_nu0p005_s20261106,64,0.005,20261106,0.6400,2.73663867e-01,1.00691493e+00,5.03457464e-03,2.43655033e+00,1.39999114e+03
n064_nu0p005_s20261106,64,0.005,20261106,0.6600,2.73463327e-01,1.00750831e+00,5.03754154e-03,2.42530239e+00,1.38277400e+03
n064_nu0p005_s20261106,64,0.005,20261106,0.6800,2.73262896e-01,1.00821360e+00,5.04106800e-03,2.41309036e+00,1.36672078e+03
n064_nu0p005_s20261106,64,0.005,20261106,0.7000,2.73062553e-01,1.00902927e+00,5.04514636e-03,2.39993718e+00,1.35177512e+03
n064_nu0p005_s20261106,64,0.005,20261106,0.7200,2.72862275e-01,1.00995390e+00,5.04976950e-03,2.38586681e+00,1.33788543e+03
n064_nu0p005_s20261106,64,0.005,20261106,0.7400,2.72662041e-01,1.01098618e+00,5.05493091e-03,2.37090409e+00,1.32500384e+03
n064_nu0p005_s20261106,64,0.005,20261106,0.7600,2.72461832e-01,1.01212495e+00,5.06062475e-03,2.35507468e+00,1.31308562e+03
n064_nu0p005_s20261106,64,0.005,20261106,0.7800,2.72261628e-01,1.01336918e+00,5.06684592e-03,2.33840535e+00,1.30208882e+03
n064_nu0p005_s20261106,64,0.005,20261106,0.8000,2.72061411e-01,1.01471801e+00,5.07359004e-03,2.32092441e+00,1.29197392e+03
n064_nu0p005_s20261106,64,0.005,20261106,0.8200,2.71861162e-01,1.01617068e+00,5.08085338e-03,2.30266236e+00,1.28270312e+03
n064_nu0p005_s20261106,64,0.005,20261106,0.8400,2.71660864e-01,1.01772655e+00,5.08863275e-03,2.28365268e+00,1.27423949e+03
n064_nu0p005_s20261106,64,0.005,20261106,0.8600,2.71460501e-01,1.01938507e+00,5.09692537e-03,2.27393467e+00,1.26654605e+03
n064_nu0p005_s20261106,64,0.005,20261106,0.8800,2.71260055e-01,1.02114574e+00,5.10572869e-03,2.27334725e+00,1.25958526e+03
n064_nu0p005_s20261106,64,0.005,20261106,0.9000,2.71059507e-01,1.02300806e+00,5.11504031e-03,2.27003372e+00,1.25331908e+03
n064_nu0p005_s20261106,64,0.005,20261106,0.9200,2.70858840e-01,1.02497156e+00,5.12485780e-03,2.26424042e+00,1.24770979e+03
n064_nu0p005_s20261106,64,0.005,20261106,0.9400,2.70658034e-01,1.02703572e+00,5.13517862e-03,2.26767945e+00,1.24272128e+03
n064_nu0p005_s20261106,64,0.005,20261106,0.9600,2.70457068e-01,1.02920002e+00,5.14600008e-03,2.27081599e+00,1.23832060e+03
n064_nu0p005_s20261106,64,0.005,20261106,0.9800,2.70255922e-01,1.03146385e+00,5.15731925e-03,2.26872330e+00,1.23447919e+03
n064_nu0p005_s20261106,64,0.005,20261106,1.0000,2.70054571e-01,1.03382658e+00,5.16913292e-03,2.26194466e+00,1.23117360e+03
n064_nu0p005_s20261106,64,0.005,20261106,1.0200,2.69852993e-01,1.03628753e+00,5.18143763e-03,2.26374740e+00,1.22838545e+03
n064_nu0p005_s20261106,64,0.005,20261106,1.0400,2.69651162e-01,1.03884592e+00,5.19422958e-03,2.27068902e+00,1.22610084e+03
n064_nu0p005_s20261106,64,0.005,20261106,1.0600,2.69449054e-01,1.04150094e+00,5.20750471e-03,2.27304586e+00,1.22430937e+03
n064_nu0p005_s20261106,64,0.005,20261106,1.0800,2.69246641e-01,1.04425174e+00,5.22125870e-03,2.29235536e+00,1.22300297e+03
n064_nu0p005_s20261106,64,0.005,20261106,1.1000,2.69043897e-01,1.04709741e+00,5.23548707e-03,2.30902000e+00,1.22217482e+03
n064_nu0p005_s20261106,64,0.005,20261106,1.1200,2.68840797e-01,1.05003703e+00,5.25018517e-03,2.31927774e+00,1.22181847e+03
n064_nu0p005_s20261106,64,0.005,20261106,1.1400,2.68637314e-01,1.05306967e+00,5.26534837e-03,2.32348844e+00,1.22192695e+03
n064_nu0p005_s20261106,64,0.005,20261106,1.1600,2.68433423e-01,1.05619441e+00,5.28097205e-03,2.32990804e+00,1.22249200e+03
n064_nu0p005_s20261106,64,0.005,20261106,1.1800,2.68229101e-01,1.05941034e+00,5.29705169e-03,2.34703812e+00,1.22350336e+03
n064_nu0p005_s20261106,64,0.005,20261106,1.2000,2.68024323e-01,1.06271659e+00,5.31358295e-03,2.35831998e+00,1.22494800e+03
n064_nu0p005_s20261106,64,0.005,20261106,1.2200,2.67819070e-01,1.06611233e+00,5.33056163e-03,2.36402117e+00,1.22680968e+03
n064_nu0p005_s20261106,64,0.005,20261106,1.2400,2.67613321e-01,1.06959675e+00,5.34798377e-03,2.36450569e+00,1.22906880e+03
n064_nu0p005_s20261106,64,0.005,20261106,1.2600,2.67407057e-01,1.07316912e+00,5.36584562e-03,2.37294844e+00,1.23170286e+03
n064_nu0p005_s20261106,64,0.005,20261106,1.2800,2.67200264e-01,1.07682874e+00,5.38414370e-03,2.38616781e+00,1.23468738e+03
n064_nu0p005_s20261106,64,0.005,20261106,1.3000,2.66992926e-01,1.08057497e+00,5.40287483e-03,2.39508558e+00,1.23799740e+03
n064_nu0p005_s20261106,64,0.005,20261106,1.3200,2.66785030e-01,1.08440724e+00,5.42203622e-03,2.39997719e+00,1.24160918e+03
n064_nu0p005_s20261106,64,0.005,20261106,1.3400,2.66576566e-01,1.08832509e+00,5.44162545e-03,2.40116872e+00,1.24550186e+03
n064_nu0p005_s20261106,64,0.005,20261106,1.3600,2.66367524e-01,1.09232812e+00,5.46164060e-03,2.39902567e+00,1.24965877e+03
n064_nu0p005_s20261106,64,0.005,20261106,1.3800,2.66157896e-01,1.09641605e+00,5.48208025e-03,2.40716833e+00,1.25406822e+03
n064_nu0p005_s20261106,64,0.005,20261106,1.4000,2.65947676e-01,1.10058869e+00,5.50294346e-03,2.41881895e+00,1.25872356e+03
n064_nu0p005_s20261106,64,0.005,20261106,1.4200,2.65736858e-01,1.10484596e+00,5.52422980e-03,2.42773917e+00,1.26362261e+03
n064_nu0p005_s20261106,64,0.005,20261106,1.4400,2.65525439e-01,1.10918786e+00,5.54593928e-03,2.43409597e+00,1.26876660e+03
n064_nu0p005_s20261106,64,0.005,20261106,1.4600,2.65313415e-01,1.11361446e+00,5.56807230e-03,2.44824610e+00,1.27415885e+03
n064_nu0p005_s20261106,64,0.005,20261106,1.4800,2.65100783e-01,1.11812591e+00,5.59062955e-03,2.46427693e+00,1.27980335e+03
n064_nu0p005_s20261106,64,0.005,20261106,1.5000,2.64887541e-01,1.12272239e+00,5.61361193e-03,2.47551446e+00,1.28570354e+03
n064_nu0p005_s20261106,64,0.005,20261106,1.5200,2.64673688e-01,1.12740409e+00,5.63702045e-03,2.48221952e+00,1.29186136e+03
n064_nu0p005_s20261106,64,0.005,20261106,1.5400,2.64459221e-01,1.13217123e+00,5.66085615e-03,2.48732492e+00,1.29827666e+03
n064_nu0p005_s20261106,64,0.005,20261106,1.5600,2.64244140e-01,1.13702400e+00,5.68512000e-03,2.50893647e+00,1.30494697e+03
n064_nu0p005_s20261106,64,0.005,20261106,1.5800,2.64028440e-01,1.14196257e+00,5.70981283e-03,2.52621132e+00,1.31186756e+03
n064_nu0p005_s20261106,64,0.005,20261106,1.6000,2.63812121e-01,1.14698706e+00,5.73493529e-03,2.53906155e+00,1.31903177e+03
n064_nu0p005_s20261106,64,0.005,20261106,1.6200,2.63595179e-01,1.15209755e+00,5.76048775e-03,2.55232425e+00,1.32643149e+03
n064_nu0p005_s20261106,64,0.005,20261106,1.6400,2.63377611e-01,1.15729407e+00,5.78647035e-03,2.56806473e+00,1.33405779e+03
n064_nu0p005_s20261106,64,0.005,20261106,1.6600,2.63159412e-01,1.16257658e+00,5.81288290e-03,2.57949040e+00,1.34190152e+03
n064_nu0p005_s20261106,64,0.005,20261106,1.6800,2.62940579e-01,1.16794499e+00,5.83972496e-03,2.59571488e+00,1.34995407e+03
n064_nu0p005_s20261106,64,0.005,20261106,1.7000,2.62721104e-01,1.17339916e+00,5.86699580e-03,2.61564456e+00,1.35820797e+03
n064_nu0p005_s20261106,64,0.005,20261106,1.7200,2.62500983e-01,1.17893889e+00,5.89469443e-03,2.63127085e+00,1.36665751e+03
n064_nu0p005_s20261106,64,0.005,20261106,1.7400,2.62280209e-01,1.18456393e+00,5.92281964e-03,2.64255236e+00,1.37529936e+03
n064_nu0p005_s20261106,64,0.005,20261106,1.7600,2.62058774e-01,1.19027401e+00,5.95137004e-03,2.65092384e+00,1.38413298e+03
n064_nu0p005_s20261106,64,0.005,20261106,1.7800,2.61836670e-01,1.19606882e+00,5.98034408e-03,2.66601422e+00,1.39316107e+03
n064_nu0p005_s20261106,64,0.005,20261106,1.8000,2.61613889e-01,1.20194801e+00,6.00974006e-03,2.67681148e+00,1.40238987e+03
n064_nu0p005_s20261106,64,0.005,20261106,1.8200,2.61390422e-01,1.20791124e+00,6.03955620e-03,2.71208663e+00,1.41182940e+03
n064_nu0p005_s20261106,64,0.005,20261106,1.8400,2.61166260e-01,1.21395813e+00,6.06979063e-03,2.74256794e+00,1.42149358e+03
n064_nu0p005_s20261106,64,0.005,20261106,1.8600,2.60941394e-01,1.22008828e+00,6.10044139e-03,2.76784942e+00,1.43140031e+03
n064_nu0p005_s20261106,64,0.005,20261106,1.8800,2.60715813e-01,1.22630129e+00,6.13150647e-03,2.79205427e+00,1.44157141e+03
n064_nu0p005_s20261106,64,0.005,20261106,1.9000,2.60489508e-01,1.23259676e+00,6.16298380e-03,2.82115877e+00,1.45203259e+03
n064_nu0p005_s20261106,64,0.005,20261106,1.9200,2.60262469e-01,1.23897425e+00,6.19487124e-03,2.84492496e+00,1.46281320e+03
n064_nu0p005_s20261106,64,0.005,20261106,1.9400,2.60034685e-01,1.24543332e+00,6.22716658e-03,2.86334330e+00,1.47394603e+03
n064_nu0p005_s20261106,64,0.005,20261106,1.9600,2.59806146e-01,1.25197350e+00,6.25986751e-03,2.87797341e+00,1.48546696e+03
n064_nu0p005_s20261106,64,0.005,20261106,1.9800,2.59576841e-01,1.25859433e+00,6.29297166e-03,2.90710724e+00,1.49741459e+03
n064_nu0p005_s20261106,64,0.005,20261106,2.0000,2.59346761e-01,1.26529531e+00,6.32647654e-03,2.93369901e+00,1.50982979e+03
n064_nu0p005_s20261106,64,0.005,20261106,2.0200,2.59115895e-01,1.27207591e+00,6.36037955e-03,2.95479696e+00,1.52275528e+03
n064_nu0p005_s20261106,64,0.005,20261106,2.0400,2.58884232e-01,1.27893559e+00,6.39467797e-03,2.98586332e+00,1.53623510e+03
n064_nu0p005_s20261106,64,0.005,20261106,2.0600,2.58651762e-01,1.28587379e+00,6.42936895e-03,3.01099356e+00,1.55031419e+03
n064_nu0p005_s20261106,64,0.005,20261106,2.0800,2.58418475e-01,1.29288990e+00,6.46444949e-03,3.03024132e+00,1.56503787e+03
n064_nu0p005_s20261106,64,0.005,20261106,2.1000,2.58184361e-01,1.29998330e+00,6.49991648e-03,3.04371278e+00,1.58045139e+03
n064_nu0p005_s20261106,64,0.005,20261106,2.1200,2.57949408e-01,1.30715332e+00,6.53576662e-03,3.06772456e+00,1.59659953e+03
n064_nu0p005_s20261106,64,0.005,20261106,2.1400,2.57713608e-01,1.31439930e+00,6.57199650e-03,3.08680484e+00,1.61352614e+03
n064_nu0p005_s20261106,64,0.005,20261106,2.1600,2.57476949e-01,1.32172050e+00,6.60860251e-03,3.09999957e+00,1.63127374e+03
n064_nu0p005_s20261106,64,0.005,20261106,2.1800,2.57239421e-01,1.32911619e+00,6.64558093e-03,3.10744077e+00,1.64988316e+03
n064_nu0p005_s20261106,64,0.005,20261106,2.2000,2.57001015e-01,1.33658556e+00,6.68292782e-03,3.11754052e+00,1.66939318e+03
n064_nu0p005_s20261106,64,0.005,20261106,2.2200,2.56761720e-01,1.34412782e+00,6.72063910e-03,3.13203045e+00,1.68984022e+03
n064_nu0p005_s20261106,64,0.005,20261106,2.2400,2.56521525e-01,1.35174210e+00,6.75871052e-03,3.14933703e+00,1.71125809e+03
n064_nu0p005_s20261106,64,0.005,20261106,2.2600,2.56280421e-01,1.35942753e+00,6.79713763e-03,3.16637134e+00,1.73367779e+03
n064_nu0p005_s20261106,64,0.005,20261106,2.2800,2.56038397e-01,1.36718316e+00,6.83591582e-03,3.19181683e+00,1.75712747e+03
n064_nu0p005_s20261106,64,0.005,20261106,2.3000,2.55795442e-01,1.37500806e+00,6.87504030e-03,3.21091971e+00,1.78163242e+03
n064_nu0p005_s20261106,64,0.005,20261106,2.3200,2.55551547e-01,1.38290123e+00,6.91450613e-03,3.22907535e+00,1.80721520e+03
n064_nu0p005_s20261106,64,0.005,20261106,2.3400,2.55306700e-01,1.39086164e+00,6.95430819e-03,3.25770589e+00,1.83389590e+03
n064_nu0p005_s20261106,64,0.005,20261106,2.3600,2.55060891e-01,1.39888825e+00,6.99444124e-03,3.28614870e+00,1.86169250e+03
n064_nu0p005_s20261106,64,0.005,20261106,2.3800,2.54814110e-01,1.40697998e+00,7.03489990e-03,3.31439662e+00,1.89062129e+03
n064_nu0p005_s20261106,64,0.005,20261106,2.4000,2.54566345e-01,1.41513574e+00,7.07567870e-03,3.34244553e+00,1.92069743e+03
n064_nu0p005_s20261106,64,0.005,20261106,2.4200,2.54317586e-01,1.42335441e+00,7.11677206e-03,3.37029464e+00,1.95193541e+03
n064_nu0p005_s20261106,64,0.005,20261106,2.4400,2.54067822e-01,1.43163487e+00,7.15817436e-03,3.39794655e+00,1.98434964e+03
n064_nu0p005_s20261106,64,0.005,20261106,2.4600,2.53817043e-01,1.43997598e+00,7.19987989e-03,3.42540734e+00,2.01795489e+03
n064_nu0p005_s20261106,64,0.005,20261106,2.4800,2.53565236e-01,1.44837659e+00,7.24188293e-03,3.45268645e+00,2.05276673e+03
n064_nu0p005_s20261106,64,0.005,20261106,2.5000,2.53312392e-01,1.45683555e+00,7.28417773e-03,3.47979646e+00,2.08880183e+03
n064_nu0p005_s20261106,64,0.005,20261106,2.5200,2.53058500e-01,1.46535170e+00,7.32675850e-03,3.50675280e+00,2.12607815e+03
n064_nu0p005_s20261106,64,0.005,20261106,2.5400,2.52803548e-01,1.47392389e+00,7.36961943e-03,3.53357327e+00,2.16461496e+03
n064_nu0p005_s20261106,64,0.005,20261106,2.5600,2.52547525e-01,1.48255094e+00,7.41275469e-03,3.56027755e+00,2.20443283e+03
n064_nu0p005_s20261106,64,0.005,20261106,2.5800,2.52290421e-01,1.49123168e+00,7.45615842e-03,3.58688658e+00,2.24555343e+03
n064_nu0p005_s20261106,64,0.005,20261106,2.6000,2.52032223e-01,1.49996495e+00,7.49982473e-03,3.61342194e+00,2.28799922e+03
n064_nu0p005_s20261106,64,0.005,20261106,2.6200,2.51772922e-01,1.50874953e+00,7.54374767e-03,3.63990514e+00,2.33179314e+03
n064_nu0p005_s20261106,64,0.005,20261106,2.6400,2.51512505e-01,1.51758425e+00,7.58792123e-03,3.66635693e+00,2.37695822e+03
n064_nu0p005_s20261106,64,0.005,20261106,2.6600,2.51250962e-01,1.52646787e+00,7.63233935e-03,3.69279670e+00,2.42351717e+03
n064_nu0p005_s20261106,64,0.005,20261106,2.6800,2.50988281e-01,1.53539918e+00,7.67699588e-03,3.71943700e+00,2.47149203e+03
n064_nu0p005_s20261106,64,0.005,20261106,2.7000,2.50724450e-01,1.54437692e+00,7.72188461e-03,3.74841662e+00,2.52090384e+03
n064_nu0p005_s20261106,64,0.005,20261106,2.7200,2.50459458e-01,1.55339985e+00,7.76699924e-03,3.77689709e+00,2.57177240e+03
n064_nu0p005_s20261106,64,0.005,20261106,2.7400,2.50193294e-01,1.56246668e+00,7.81233340e-03,3.80490616e+00,2.62411612e+03
n064_nu0p005_s20261106,64,0.005,20261106,2.7600,2.49925946e-01,1.57157613e+00,7.85788065e-03,3.83247446e+00,2.67795199e+03
n064_nu0p005_s20261106,64,0.005,20261106,2.7800,2.49657403e-01,1.58072689e+00,7.90363447e-03,3.85963470e+00,2.73329566e+03
n064_nu0p005_s20261106,64,0.005,20261106,2.8000,2.49387653e-01,1.58991767e+00,7.94958833e-03,3.88642086e+00,2.79016160e+03
n064_nu0p005_s20261106,64,0.005,20261106,2.8200,2.49116685e-01,1.59914712e+00,7.99573560e-03,3.91286724e+00,2.84856342e+03
n064_nu0p005_s20261106,64,0.005,20261106,2.8400,2.48844487e-01,1.60841394e+00,8.04206969e-03,3.93900763e+00,2.90851425e+03
n064_nu0p005_s20261106,64,0.005,20261106,2.8600,2.48571050e-01,1.61771679e+00,8.08858394e-03,3.96487442e+00,2.97002727e+03
n064_nu0p005_s20261106,64,0.005,20261106,2.8800,2.48296360e-01,1.62705435e+00,8.13527176e-03,4.00329393e+00,3.03311618e+03
n064_nu0p005_s20261106,64,0.005,20261106,2.9000,2.48020409e-01,1.63642531e+00,8.18212653e-03,4.03972208e+00,3.09779586e+03
n064_nu0p005_s20261106,64,0.005,20261106,2.9200,2.47743185e-01,1.64582834e+00,8.22914171e-03,4.07375518e+00,3.16408300e+03
n064_nu0p005_s20261106,64,0.005,20261106,2.9400,2.47464678e-01,1.65526216e+00,8.27631079e-03,4.10535674e+00,3.23199671e+03
n064_nu0p005_s20261106,64,0.005,20261106,2.9600,2.47184878e-01,1.66472547e+00,8.32362733e-03,4.14052548e+00,3.30155915e+03
n064_nu0p005_s20261106,64,0.005,20261106,2.9800,2.46903775e-01,1.67421700e+00,8.37108500e-03,4.19412690e+00,3.37279613e+03
n064_nu0p005_s20261106,64,0.005,20261106,3.0000,2.46621360e-01,1.68373550e+00,8.41867751e-03,4.24698251e+00,3.44573766e+03
n064_nu0p005_s20261106,64,0.005,20261106,3.0200,2.46337624e-01,1.69327974e+00,8.46639869e-03,4.29903400e+00,3.52041838e+03
n064_nu0p005_s20261106,64,0.005,20261106,3.0400,2.46052558e-01,1.70284849e+00,8.51424247e-03,4.35022643e+00,3.59687796e+03
n064_nu0p005_s20261106,64,0.005,20261106,3.0600,2.45766153e-01,1.71244057e+00,8.56220287e-03,4.40050852e+00,3.67516138e+03
n064_nu0p005_s20261106,64,0.005,20261106,3.0800,2.45478403e-01,1.72205480e+00,8.61027401e-03,4.45249417e+00,3.75531907e+03
n064_nu0p005_s20261106,64,0.005,20261106,3.1000,2.45189299e-01,1.73169002e+00,8.65845011e-03,4.50549494e+00,3.83740694e+03
n064_nu0p005_s20261106,64,0.005,20261106,3.1200,2.44898833e-01,1.74134509e+00,8.70672546e-03,4.55791145e+00,3.92148633e+03
n064_nu0p005_s20261106,64,0.005,20261106,3.1400,2.44607001e-01,1.75101889e+00,8.75509447e-03,4.60973140e+00,4.00762371e+03
n064_nu0p005_s20261106,64,0.005,20261106,3.1600,2.44313794e-01,1.76071032e+00,8.80355160e-03,4.66094462e+00,4.09589041e+03
n064_nu0p005_s20261106,64,0.005,20261106,3.1800,2.44019207e-01,1.77041827e+00,8.85209136e-03,4.71154277e+00,4.18636208e+03
n064_nu0p005_s20261106,64,0.005,20261106,3.2000,2.43723235e-01,1.78014167e+00,8.90070834e-03,4.76151890e+00,4.27911813e+03
n064_nu0p005_s20261106,64,0.005,20261106,3.2200,2.43425873e-01,1.78987944e+00,8.94939718e-03,4.81086701e+00,4.37424106e+03
n064_nu0p005_s20261106,64,0.005,20261106,3.2400,2.43127115e-01,1.79963051e+00,8.99815253e-03,4.85958167e+00,4.47181570e+03
n064_nu0p005_s20261106,64,0.005,20261106,3.2600,2.42826958e-01,1.80939382e+00,9.04696908e-03,4.90765747e+00,4.57192838e+03
n064_nu0p005_s20261106,64,0.005,20261106,3.2800,2.42525398e-01,1.81916831e+00,9.09584154e-03,4.95508864e+00,4.67466615e+03
n064_nu0p005_s20261106,64,0.005,20261106,3.3000,2.42222431e-01,1.82895293e+00,9.14476463e-03,5.00186857e+00,4.78011591e+03
n064_nu0p005_s20261106,64,0.005,20261106,3.3200,2.41918055e-01,1.83874661e+00,9.19373306e-03,5.04798940e+00,4.88836363e+03
n064_nu0p005_s20261106,64,0.005,20261106,3.3400,2.41612266e-01,1.84854831e+00,9.24274153e-03,5.09344165e+00,4.99949354e+03
n064_nu0p005_s20261106,64,0.005,20261106,3.3600,2.41305063e-01,1.85835695e+00,9.29178476e-03,5.13821385e+00,5.11358751e+03
n064_nu0p005_s20261106,64,0.005,20261106,3.3800,2.40996444e-01,1.86817148e+00,9.34085742e-03,5.18229229e+00,5.23072437e+03
n064_nu0p005_s20261106,64,0.005,20261106,3.4000,2.40686407e-01,1.87799083e+00,9.38995417e-03,5.22566077e+00,5.35097938e+03
n064_nu0p005_s20261106,64,0.005,20261106,3.4200,2.40374952e-01,1.88781394e+00,9.43906968e-03,5.26830044e+00,5.47442384e+03
n064_nu0p005_s20261106,64,0.005,20261106,3.4400,2.40062078e-01,1.89763971e+00,9.48819857e-03,5.31018973e+00,5.60112463e+03
n064_nu0p005_s20261106,64,0.005,20261106,3.4600,2.39747784e-01,1.90746709e+00,9.53733543e-03,5.35130427e+00,5.73114398e+03
n064_nu0p005_s20261106,64,0.005,20261106,3.4800,2.39432072e-01,1.91729498e+00,9.58647488e-03,5.39161694e+00,5.86453917e+03
n064_nu0p005_s20261106,64,0.005,20261106,3.5000,2.39114941e-01,1.92712229e+00,9.63561147e-03,5.43109791e+00,6.00136235e+03
n064_nu0p005_s20261106,64,0.005,20261106,3.5200,2.38796393e-01,1.93694795e+00,9.68473977e-03,5.46971480e+00,6.14166028e+03
n064_nu0p005_s20261106,64,0.005,20261106,3.5400,2.38476429e-01,1.94677086e+00,9.73385432e-03,5.50743273e+00,6.28547415e+03
n064_nu0p005_s20261106,64,0.005,20261106,3.5600,2.38155051e-01,1.95658993e+00,9.78294966e-03,5.54421458e+00,6.43283929e+03
n064_nu0p005_s20261106,64,0.005,20261106,3.5800,2.37832260e-01,1.96640407e+00,9.83202034e-03,5.58002107e+00,6.58378492e+03
n064_nu0p005_s20261106,64,0.005,20261106,3.6000,2.37508060e-01,1.97621217e+00,9.88106087e-03,5.61481098e+00,6.73833377e+03
n064_nu0p005_s20261106,64,0.005,20261106,3.6200,2.37182452e-01,1.98601316e+00,9.93006582e-03,5.65257549e+00,6.89650170e+03
n064_nu0p005_s20261106,64,0.005,20261106,3.6400,2.36855441e-01,1.99580595e+00,9.97902973e-03,5.69671969e+00,7.05829726e+03
n064_nu0p005_s20261106,64,0.005,20261106,3.6600,2.36527028e-01,2.00558943e+00,1.00279472e-02,5.76407538e+00,7.22372119e+03
n064_nu0p005_s20261106,64,0.005,20261106,3.6800,2.36197219e-01,2.01536254e+00,1.00768127e-02,5.83879310e+00,7.39276590e+03
n064_nu0p005_s20261106,64,0.005,20261106,3.7000,2.35866016e-01,2.02512420e+00,1.01256210e-02,5.92433669e+00,7.56541500e+03
n064_nu0p005_s20261106,64,0.005,20261106,3.7200,2.35533424e-01,2.03487332e+00,1.01743666e-02,6.01011194e+00,7.74164275e+03
n064_nu0p005_s20261106,64,0.005,20261106,3.7400,2.35199446e-01,2.04460884e+00,1.02230442e-02,6.09589380e+00,7.92141357e+03
n064_nu0p005_s20261106,64,0.005,20261106,3.7600,2.34864089e-01,2.05432971e+00,1.02716485e-02,6.18144061e+00,8.10468169e+03
n064_nu0p005_s20261106,64,0.005,20261106,3.7800,2.34527355e-01,2.06403485e+00,1.03201742e-02,6.26649498e+00,8.29139075e+03
n064_nu0p005_s20261106,64,0.005,20261106,3.8000,2.34189251e-01,2.07372322e+00,1.03686161e-02,6.35078504e+00,8.48147358e+03
n064_nu0p005_s20261106,64,0.005,20261106,3.8200,2.33849780e-01,2.08339377e+00,1.04169689e-02,6.43402587e+00,8.67485204e+03
n064_nu0p005_s20261106,64,0.005,20261106,3.8400,2.33508949e-01,2.09304547e+00,1.04652273e-02,6.51592135e+00,8.87143697e+03
n064_nu0p005_s20261106,64,0.005,20261106,3.8600,2.33166761e-01,2.10267727e+00,1.05133863e-02,6.59616615e+00,9.07112832e+03
n064_nu0p005_s20261106,64,0.005,20261106,3.8800,2.32823222e-01,2.11228813e+00,1.05614407e-02,6.67444809e+00,9.27381530e+03
n064_nu0p005_s20261106,64,0.005,20261106,3.9000,2.32478338e-01,2.12187704e+00,1.06093852e-02,6.75045064e+00,9.47937673e+03
n064_nu0p005_s20261106,64,0.005,20261106,3.9200,2.32132112e-01,2.13144295e+00,1.06572147e-02,6.82775021e+00,9.68768143e+03
n064_nu0p005_s20261106,64,0.005,20261106,3.9400,2.31784551e-01,2.14098484e+00,1.07049242e-02,6.92490892e+00,9.89858877e+03
n064_nu0p005_s20261106,64,0.005,20261106,3.9600,2.31435659e-01,2.15050166e+00,1.07525083e-02,7.02029013e+00,1.01119492e+04
n064_nu0p005_s20261106,64,0.005,20261106,3.9800,2.31085441e-01,2.15999240e+00,1.07999620e-02,7.11364301e+00,1.03276051e+04
n064_nu0p005_s20261106,64,0.005,20261106,4.0000,2.30733901e-01,2.16945600e+00,1.08472800e-02,7.20472337e+00,1.05453912e+04
n064_nu0p005_s20261106,64,0.005,20261106,4.0200,2.30381045e-01,2.17889142e+00,1.08944571e-02,7.29329535e+00,1.07651358e+04
n064_nu0p005_s20261106,64,0.005,20261106,4.0400,2.30026876e-01,2.18829761e+00,1.09414880e-02,7.37913293e+00,1.09866610e+04
n064_nu0p005_s20261106,64,0.005,20261106,4.0600,2.29671399e-01,2.19767350e+00,1.09883675e-02,7.46202136e+00,1.12097841e+04
n064_nu0p005_s20261106,64,0.005,20261106,4.0800,2.29314618e-01,2.20701802e+00,1.10350901e-02,7.54175840e+00,1.14343181e+04
n064_nu0p005_s20261106,64,0.005,20261106,4.1000,2.28956537e-01,2.21633010e+00,1.10816505e-02,7.63001827e+00,1.16600726e+04
n064_nu0p005_s20261106,64,0.005,20261106,4.1200,2.28597160e-01,2.22560863e+00,1.11280431e-02,7.71938451e+00,1.18868547e+04
n064_nu0p005_s20261106,64,0.005,20261106,4.1400,2.28236489e-01,2.23485251e+00,1.11742626e-02,7.80493163e+00,1.21144698e+04
n064_nu0p005_s20261106,64,0.005,20261106,4.1600,2.27874529e-01,2.24406063e+00,1.12203031e-02,7.88641934e+00,1.23427223e+04
n064_nu0p005_s20261106,64,0.005,20261106,4.1800,2.27511282e-01,2.25323184e+00,1.12661592e-02,7.96362894e+00,1.25714167e+04
n064_nu0p005_s20261106,64,0.005,20261106,4.2000,2.27146752e-01,2.26236501e+00,1.13118251e-02,8.03636456e+00,1.28003577e+04
n064_nu0p005_s20261106,64,0.005,20261106,4.2200,2.26780941e-01,2.27145897e+00,1.13572949e-02,8.10445414e+00,1.30293518e+04
n064_nu0p005_s20261106,64,0.005,20261106,4.2400,2.26413851e-01,2.28051254e+00,1.14025627e-02,8.16775005e+00,1.32582075e+04
n064_nu0p005_s20261106,64,0.005,20261106,4.2600,2.26045486e-01,2.28952454e+00,1.14476227e-02,8.22612954e+00,1.34867359e+04
n064_nu0p005_s20261106,64,0.005,20261106,4.2800,2.25675847e-01,2.29849375e+00,1.14924688e-02,8.27949476e+00,1.37147517e+04
n064_nu0p005_s20261106,64,0.005,20261106,4.3000,2.25304937e-01,2.30741895e+00,1.15370948e-02,8.32777263e+00,1.39420736e+04
n064_nu0p005_s20261106,64,0.005,20261106,4.3200,2.24932758e-01,2.31629891e+00,1.15814945e-02,8.37091443e+00,1.41685248e+04
n064_nu0p005_s20261106,64,0.005,20261106,4.3400,2.24559311e-01,2.32513235e+00,1.16256618e-02,8.40889513e+00,1.43939340e+04
n064_nu0p005_s20261106,64,0.005,20261106,4.3600,2.24184599e-01,2.33391802e+00,1.16695901e-02,8.44171257e+00,1.46181353e+04
n064_nu0p005_s20261106,64,0.005,20261106,4.3800,2.23808623e-01,2.34265461e+00,1.17132731e-02,8.46938645e+00,1.48409689e+04
n064_nu0p005_s20261106,64,0.005,20261106,4.4000,2.23431386e-01,2.35134082e+00,1.17567041e-02,8.49195714e+00,1.50622817e+04
n064_nu0p005_s20261106,64,0.005,20261106,4.4200,2.23052888e-01,2.35997532e+00,1.17998766e-02,8.51205462e+00,1.52819272e+04
n064_nu0p005_s20261106,64,0.005,20261106,4.4400,2.22673132e-01,2.36855675e+00,1.18427837e-02,8.58226864e+00,1.54997663e+04
n064_nu0p005_s20261106,64,0.005,20261106,4.4600,2.22292119e-01,2.37708374e+00,1.18854187e-02,8.67620311e+00,1.57156673e+04
n064_nu0p005_s20261106,64,0.005,20261106,4.4800,2.21909850e-01,2.38555491e+00,1.19277746e-02,8.76402325e+00,1.59295057e+04
n064_nu0p005_s20261106,64,0.005,20261106,4.5000,2.21526329e-01,2.39396884e+00,1.19698442e-02,8.84240537e+00,1.61411651e+04
n064_nu0p005_s20261106,64,0.005,20261106,4.5200,2.21141555e-01,2.40232410e+00,1.20116205e-02,8.96430730e+00,1.63505366e+04
n064_nu0p005_s20261106,64,0.005,20261106,4.5400,2.20755531e-01,2.41061923e+00,1.20530961e-02,9.08956376e+00,1.65575192e+04
n064_nu0p005_s20261106,64,0.005,20261106,4.5600,2.20368259e-01,2.41885273e+00,1.20942637e-02,9.21127686e+00,1.67620195e+04
n064_nu0p005_s20261106,64,0.005,20261106,4.5800,2.19979740e-01,2.42702312e+00,1.21351156e-02,9.32930719e+00,1.69639518e+04
n064_nu0p005_s20261106,64,0.005,20261106,4.6000,2.19589976e-01,2.43512885e+00,1.21756443e-02,9.44353287e+00,1.71632380e+04
n064_nu0p005_s20261106,64,0.005,20261106,4.6200,2.19198969e-01,2.44316837e+00,1.22158419e-02,9.55384984e+00,1.73598072e+04
n064_nu0p005_s20261106,64,0.005,20261106,4.6400,2.18806722e-01,2.45114011e+00,1.22557005e-02,9.66017200e+00,1.75535958e+04
n064_nu0p005_s20261106,64,0.005,20261106,4.6600,2.18413235e-01,2.45904245e+00,1.22952122e-02,9.76243124e+00,1.77445474e+04
n064_nu0p005_s20261106,64,0.005,20261106,4.6800,2.18018512e-01,2.46687376e+00,1.23343688e-02,9.86057734e+00,1.79326121e+04
n064_nu0p005_s20261106,64,0.005,20261106,4.7000,2.17622554e-01,2.47463241e+00,1.23731620e-02,9.95457769e+00,1.81177467e+04
n064_nu0p005_s20261106,64,0.005,20261106,4.7200,2.17225364e-01,2.48231671e+00,1.24115835e-02,1.00444170e+01,1.82999144e+04
n064_nu0p005_s20261106,64,0.005,20261106,4.7400,2.16826946e-01,2.48992496e+00,1.24496248e-02,1.01300967e+01,1.84790844e+04
n064_nu0p005_s20261106,64,0.005,20261106,4.7600,2.16427300e-01,2.49745547e+00,1.24872773e-02,1.02116343e+01,1.86552317e+04
n064_nu0p005_s20261106,64,0.005,20261106,4.7800,2.16026432e-01,2.50490649e+00,1.25245325e-02,1.02890631e+01,1.88283366e+04
n064_nu0p005_s20261106,64,0.005,20261106,4.8000,2.15624343e-01,2.51227629e+00,1.25613814e-02,1.03624305e+01,1.89983849e+04
n064_nu0p005_s20261106,64,0.005,20261106,4.8200,2.15221037e-01,2.51956310e+00,1.25978155e-02,1.04317977e+01,1.91653671e+04
n064_nu0p005_s20261106,64,0.005,20261106,4.8400,2.14816518e-01,2.52676516e+00,1.26338258e-02,1.04972385e+01,1.93292780e+04
n064_nu0p005_s20261106,64,0.005,20261106,4.8600,2.14410790e-01,2.53388070e+00,1.26694035e-02,1.05588379e+01,1.94901166e+04
n064_nu0p005_s20261106,64,0.005,20261106,4.8800,2.14003858e-01,2.54090794e+00,1.27045397e-02,1.06166907e+01,1.96478857e+04
n064_nu0p005_s20261106,64,0.005,20261106,4.9000,2.13595724e-01,2.54784509e+00,1.27392254e-02,1.06709006e+01,1.98025912e+04
n064_nu0p005_s20261106,64,0.005,20261106,4.9200,2.13186395e-01,2.55469038e+00,1.27734519e-02,1.07215781e+01,1.99542416e+04
n064_nu0p005_s20261106,64,0.005,20261106,4.9400,2.12775876e-01,2.56144203e+00,1.28072102e-02,1.07688392e+01,2.01028481e+04
n064_nu0p005_s20261106,64,0.005,20261106,4.9600,2.12364172e-01,2.56809828e+00,1.28404914e-02,1.08140298e+01,2.02484235e+04
n064_nu0p005_s20261106,64,0.005,20261106,4.9800,2.11951288e-01,2.57465738e+00,1.28732869e-02,1.08602910e+01,2.03909824e+04
n064_nu0p005_s20261106,64,0.005,20261106,5.0000,2.11537232e-01,2.58111757e+00,1.29055879e-02,1.09030669e+01,2.05305405e+04
n064_nu0p005_s20261106,64,0.005,20261106,5.0200,2.11122009e-01,2.58747714e+00,1.29373857e-02,1.09424611e+01,2.06671143e+04
n064_nu0p005_s20261106,64,0.005,20261106,5.0400,2.10705627e-01,2.59373439e+00,1.29686719e-02,1.09785793e+01,2.08007211e+04
n064_nu0p005_s20261106,64,0.005,20261106,5.0600,2.10288092e-01,2.59988763e+00,1.29994381e-02,1.10115270e+01,2.09313787e+04
n064_nu0p005_s20261106,64,0.005,20261106,5.0800,2.09869413e-01,2.60593520e+00,1.30296760e-02,1.10414088e+01,2.10591053e+04
n064_nu0p005_s20261106,64,0.005,20261106,5.1000,2.09449597e-01,2.61187548e+00,1.30593774e-02,1.10683266e+01,2.11839199e+04
n064_nu0p005_s20261106,64,0.005,20261106,5.1200,2.09028653e-01,2.61770687e+00,1.30885343e-02,1.10923785e+01,2.13058419e+04
n064_nu0p005_s20261106,64,0.005,20261106,5.1400,2.08606589e-01,2.62342781e+00,1.31171391e-02,1.11136573e+01,2.14248918e+04
n064_nu0p005_s20261106,64,0.005,20261106,5.1600,2.08183416e-01,2.62903678e+00,1.31451839e-02,1.11322500e+01,2.15410914e+04
n064_nu0p005_s20261106,64,0.005,20261106,5.1800,2.07759142e-01,2.63453229e+00,1.31726614e-02,1.11482362e+01,2.16544639e+04
n064_nu0p005_s20261106,64,0.005,20261106,5.2000,2.07333778e-01,2.63991288e+00,1.31995644e-02,1.11616875e+01,2.17650345e+04
n064_nu0p005_s20261106,64,0.005,20261106,5.2200,2.06907334e-01,2.64517717e+00,1.32258859e-02,1.11726670e+01,2.18728310e+04
n064_nu0p005_s20261106,64,0.005,20261106,5.2400,2.06479822e-01,2.65032379e+00,1.32516190e-02,1.11812283e+01,2.19778836e+04
n064_nu0p005_s20261106,64,0.005,20261106,5.2600,2.06051251e-01,2.65535143e+00,1.32767572e-02,1.11874160e+01,2.20802259e+04
n064_nu0p005_s20261106,64,0.005,20261106,5.2800,2.05621635e-01,2.66025883e+00,1.33012941e-02,1.11912648e+01,2.21798947e+04
n064_nu0p005_s20261106,64,0.005,20261106,5.3000,2.05190985e-01,2.66504478e+00,1.33252239e-02,1.11927999e+01,2.22769303e+04
n064_nu0p005_s20261106,64,0.005,20261106,5.3200,2.04759314e-01,2.66970812e+00,1.33485406e-02,1.11920373e+01,2.23713769e+04
n064_nu0p005_s20261106,64,0.005,20261106,5.3400,2.04326635e-01,2.67424774e+00,1.33712387e-02,1.11889842e+01,2.24632820e+04
n064_nu0p005_s20261106,64,0.005,20261106,5.3600,2.03892961e-01,2.67866259e+00,1.33933130e-02,1.11836398e+01,2.25526968e+04
n064_nu0p005_s20261106,64,0.005,20261106,5.3800,2.03458306e-01,2.68295168e+00,1.34147584e-02,1.11759958e+01,2.26396753e+04
n064_nu0p005_s20261106,64,0.005,20261106,5.4000,2.03022685e-01,2.68711407e+00,1.34355704e-02,1.11660373e+01,2.27242748e+04
n064_nu0p005_s20261106,64,0.005,20261106,5.4200,2.02586111e-01,2.69114888e+00,1.34557444e-02,1.11537445e+01,2.28065544e+04
n064_nu0p005_s20261106,64,0.005,20261106,5.4400,2.02148600e-01,2.69505529e+00,1.34752764e-02,1.11390931e+01,2.28865753e+04
n064_nu0p005_s20261106,64,0.005,20261106,5.4600,2.01710167e-01,2.69883253e+00,1.34941627e-02,1.11220558e+01,2.29643996e+04
n064_nu0p005_s20261106,64,0.005,20261106,5.4800,2.01270828e-01,2.70247991e+00,1.35123995e-02,1.11026041e+01,2.30400898e+04
n064_nu0p005_s20261106,64,0.005,20261106,5.5000,2.00830599e-01,2.70599677e+00,1.35299839e-02,1.10807088e+01,2.31137082e+04
n064_nu0p005_s20261106,64,0.005,20261106,5.5200,2.00389497e-01,2.70938255e+00,1.35469128e-02,1.10563418e+01,2.31853160e+04
n064_nu0p005_s20261106,64,0.005,20261106,5.5400,1.99947539e-01,2.71263673e+00,1.35631836e-02,1.10294774e+01,2.32549728e+04
n064_nu0p005_s20261106,64,0.005,20261106,5.5600,1.99504741e-01,2.71575884e+00,1.35787942e-02,1.10000933e+01,2.33227357e+04
n064_nu0p005_s20261106,64,0.005,20261106,5.5800,1.99061121e-01,2.71874850e+00,1.35937425e-02,1.09681719e+01,2.33886592e+04
n064_nu0p005_s20261106,64,0.005,20261106,5.6000,1.98616698e-01,2.72160537e+00,1.36080268e-02,1.09337016e+01,2.34527939e+04
n064_nu0p005_s20261106,64,0.005,20261106,5.6200,1.98171488e-01,2.72432918e+00,1.36216459e-02,1.08966770e+01,2.35151869e+04
n064_nu0p005_s20261106,64,0.005,20261106,5.6400,1.97725511e-01,2.72691972e+00,1.36345986e-02,1.08571005e+01,2.35758808e+04
n064_nu0p005_s20261106,64,0.005,20261106,5.6600,1.97278785e-01,2.72937684e+00,1.36468842e-02,1.08149827e+01,2.36349138e+04
n064_nu0p005_s20261106,64,0.005,20261106,5.6800,1.96831329e-01,2.73170046e+00,1.36585023e-02,1.07703426e+01,2.36923196e+04
n064_nu0p005_s20261106,64,0.005,20261106,5.7000,1.96383162e-01,2.73389054e+00,1.36694527e-02,1.07232084e+01,2.37481267e+04
n064_nu0p005_s20261106,64,0.005,20261106,5.7200,1.95934304e-01,2.73594711e+00,1.36797356e-02,1.06736174e+01,2.38023594e+04
n064_nu0p005_s20261106,64,0.005,20261106,5.7400,1.95484773e-01,2.73787026e+00,1.36893513e-02,1.06216163e+01,2.38550370e+04
n064_nu0p005_s20261106,64,0.005,20261106,5.7600,1.95034590e-01,2.73966013e+00,1.36983007e-02,1.05672607e+01,2.39061744e+04
n064_nu0p005_s20261106,64,0.005,20261106,5.7800,1.94583773e-01,2.74131691e+00,1.37065846e-02,1.05124618e+01,2.39557822e+04
n064_nu0p005_s20261106,64,0.005,20261106,5.8000,1.94132344e-01,2.74284087e+00,1.37142043e-02,1.04607482e+01,2.40038672e+04
n064_nu0p005_s20261106,64,0.005,20261106,5.8200,1.93680321e-01,2.74423229e+00,1.37211614e-02,1.03907534e+01,2.40504323e+04
n064_nu0p005_s20261106,64,0.005,20261106,5.8400,1.93227726e-01,2.74549154e+00,1.37274577e-02,1.03277060e+01,2.40954771e+04
n064_nu0p005_s20261106,64,0.005,20261106,5.8600,1.92774577e-01,2.74661903e+00,1.37330952e-02,1.02714443e+01,2.41389981e+04
n064_nu0p005_s20261106,64,0.005,20261106,5.8800,1.92320895e-01,2.74761522e+00,1.37380761e-02,1.02223878e+01,2.41809894e+04
n064_nu0p005_s20261106,64,0.005,20261106,5.9000,1.91866700e-01,2.74848061e+00,1.37424030e-02,1.01717103e+01,2.42214425e+04
n064_nu0p005_s20261106,64,0.005,20261106,5.9200,1.91412013e-01,2.74921576e+00,1.37460788e-02,1.01194574e+01,2.42603470e+04
n064_nu0p005_s20261106,64,0.005,20261106,5.9400,1.90956853e-01,2.74982128e+00,1.37491064e-02,1.00656766e+01,2.42976907e+04
n064_nu0p005_s20261106,64,0.005,20261106,5.9600,1.90501240e-01,2.75029782e+00,1.37514891e-02,1.00104173e+01,2.43334600e+04
n064_nu0p005_s20261106,64,0.005,20261106,5.9800,1.90045195e-01,2.75064607e+00,1.37532304e-02,9.95373049e+00,2.43676402e+04
n064_nu0p005_s20261106,64,0.005,20261106,6.0000,1.89588736e-01,2.75086679e+00,1.37543339e-02,9.98064915e+00,2.44002157e+04
n064_nu0p005_s20261108,64,0.005,20261108,0.0000,2.81943953e-01,1.03082276e+00,5.15411380e-03,2.65401322e+00,3.20213923e+03
n064_nu0p005_s20261108,64,0.005,20261108,0.0200,2.81744472e-01,1.02673384e+00,5.13366922e-03,2.64134225e+00,3.04066458e+03
n064_nu0p005_s20261108,64,0.005,20261108,0.0400,2.81546538e-01,1.02289735e+00,5.11448677e-03,2.62651023e+00,2.89299033e+03
n064_nu0p005_s20261108,64,0.005,20261108,0.0600,2.81350126e-01,1.01930427e+00,5.09652133e-03,2.61082464e+00,2.75772936e+03
n064_nu0p005_s20261108,64,0.005,20261108,0.0800,2.81155197e-01,1.01594563e+00,5.07972817e-03,2.59900224e+00,2.63364202e+03
n064_nu0p005_s20261108,64,0.005,20261108,0.1000,2.80961710e-01,1.01281255e+00,5.06406274e-03,2.59247401e+00,2.51961900e+03
n064_nu0p005_s20261108,64,0.005,20261108,0.1200,2.80769613e-01,1.00989617e+00,5.04948084e-03,2.58640261e+00,2.41466555e+03
n064_nu0p005_s20261108,64,0.005,20261108,0.1400,2.80578847e-01,1.00718777e+00,5.03593884e-03,2.57807096e+00,2.31788895e+03
n064_nu0p005_s20261108,64,0.005,20261108,0.1600,2.80389347e-01,1.00467883e+00,5.02339416e-03,2.56762289e+00,2.22849025e+03
n064_nu0p005_s20261108,64,0.005,20261108,0.1800,2.80201043e-01,1.00236116e+00,5.01180581e-03,2.55521135e+00,2.14575983e+03
n064_nu0p005_s20261108,64,0.005,20261108,0.2000,2.80013862e-01,1.00022698e+00,5.00113488e-03,2.55390536e+00,2.06907465e+03
n064_nu0p005_s20261108,64,0.005,20261108,0.2200,2.79827725e-01,9.98269008e-01,4.99134504e-03,2.55455195e+00,1.99789450e+03
n064_nu0p005_s20261108,64,0.005,20261108,0.2400,2.79642554e-01,9.96480541e-01,4.98240270e-03,2.55071100e+00,1.93175465e+03
n064_nu0p005_s20261108,64,0.005,20261108,0.2600,2.79458268e-01,9.94855411e-01,4.97427706e-03,2.54283330e+00,1.87025446e+03
n064_nu0p005_s20261108,64,0.005,20261108,0.2800,2.79274790e-01,9.93387971e-01,4.96693986e-03,2.53140435e+00,1.81304301e+03
n064_nu0p005_s20261108,64,0.005,20261108,0.3000,2.79092039e-01,9.92073016e-01,4.96036508e-03,2.51692961e+00,1.75980450e+03
n064_nu0p005_s20261108,64,0.005,20261108,0.3200,2.78909940e-01,9.90905719e-01,4.95452860e-03,2.49991918e+00,1.71024641e+03
n064_nu0p005_s20261108,64,0.005,20261108,0.3400,2.78728415e-01,9.89881584e-01,4.94940792e-03,2.48743283e+00,1.66409234e+03
n064_nu0p005_s20261108,64,0.005,20261108,0.3600,2.78547394e-01,9.88996417e-01,4.94498209e-03,2.47511453e+00,1.62108020e+03
n064_nu0p005_s20261108,64,0.005,20261108,0.3800,2.78366807e-01,9.88246333e-01,4.94123166e-03,2.46103891e+00,1.58096433e+03
n064_nu0p005_s20261108,64,0.005,20261108,0.4000,2.78186588e-01,9.87627772e-01,4.93813886e-03,2.44958031e+00,1.54351932e+03
n064_nu0p005_s20261108,64,0.005,20261108,0.4200,2.78006676e-01,9.87137518e-01,4.93568759e-03,2.43909973e+00,1.50854315e+03
n064_nu0p005_s20261108,64,0.005,20261108,0.4400,2.77827013e-01,9.86772707e-01,4.93386353e-03,2.43585235e+00,1.47585781e+03
n064_nu0p005_s20261108,64,0.005,20261108,0.4600,2.77647547e-01,9.86530803e-01,4.93265401e-03,2.43063279e+00,1.44530715e+03
n064_nu0p005_s20261108,64,0.005,20261108,0.4800,2.77468228e-01,9.86409568e-01,4.93204784e-03,2.42364150e+00,1.41675254e+03
n064_nu0p005_s20261108,64,0.005,20261108,0.5000,2.77289013e-01,9.86407011e-01,4.93203506e-03,2.41506217e+00,1.39006789e+03
n064_nu0p005_s20261108,64,0.005,20261108,0.5200,2.77109859e-01,9.86521331e-01,4.93260665e-03,2.40505959e+00,1.36513546e+03
n064_nu0p005_s20261108,64,0.005,20261108,0.5400,2.76930728e-01,9.86750869e-01,4.93375434e-03,2.39377881e+00,1.34184339e+03
n064_nu0p005_s20261108,64,0.005,20261108,0.5600,2.76751586e-01,9.87094076e-01,4.93547038e-03,2.38134546e+00,1.32008532e+03
n064_nu0p005_s20261108,64,0.005,20261108,0.5800,2.76572399e-01,9.87549485e-01,4.93774742e-03,2.36786694e+00,1.29976123e+03
n064_nu0p005_s20261108,64,0.005,20261108,0.6000,2.76393136e-01,9.88115698e-01,4.94057849e-03,2.35343428e+00,1.28077902e+03
n064_nu0p005_s20261108,64,0.005,20261108,0.6200,2.76213768e-01,9.88791379e-01,4.94395689e-03,2.33812425e+00,1.26305551e+03
n064_nu0p005_s20261108,64,0.005,20261108,0.6400,2.76034266e-01,9.89575247e-01,4.94787623e-03,2.32379473e+00,1.24651665e+03
n064_nu0p005_s20261108,64,0.005,20261108,0.6600,2.75854603e-01,9.90466072e-01,4.95233036e-03,2.31083321e+00,1.23109669e+03
n064_nu0p005_s20261108,64,0.005,20261108,0.6800,2.75674753e-01,9.91462670e-01,4.95731335e-03,2.29733330e+00,1.21673665e+03
n064_nu0p005_s20261108,64,0.005,20261108,0.7000,2.75494691e-01,9.92563901e-01,4.96281950e-03,2.28634042e+00,1.20338265e+03
n064_nu0p005_s20261108,64,0.005,20261108,0.7200,2.75314391e-01,9.93768662e-01,4.96884331e-03,2.27857841e+00,1.19098468e+03
n064_nu0p005_s20261108,64,0.005,20261108,0.7400,2.75133829e-01,9.95075900e-01,4.97537950e-03,2.27014022e+00,1.17949585e+03
n064_nu0p005_s20261108,64,0.005,20261108,0.7600,2.74952982e-01,9.96484612e-01,4.98242306e-03,2.26103020e+00,1.16887246e+03
n064_nu0p005_s20261108,64,0.005,20261108,0.7800,2.74771828e-01,9.97993856e-01,4.98996928e-03,2.25125488e+00,1.15907439e+03
n064_nu0p005_s20261108,64,0.005,20261108,0.8000,2.74590345e-01,9.99602758e-01,4.99801379e-03,2.24082338e+00,1.15006562e+03
n064_nu0p005_s20261108,64,0.005,20261108,0.8200,2.74408511e-01,1.00131052e+00,5.00655260e-03,2.22974777e+00,1.14181438e+03
n064_nu0p005_s20261108,64,0.005,20261108,0.8400,2.74226307e-01,1.00311641e+00,5.01558207e-03,2.21804342e+00,1.13429281e+03
n064_nu0p005_s20261108,64,0.005,20261108,0.8600,2.74043714e-01,1.00501979e+00,5.02509895e-03,2.20572927e+00,1.12747593e+03
n064_nu0p005_s20261108,64,0.005,20261108,0.8800,2.73860713e-01,1.00702005e+00,5.03510026e-03,2.19546229e+00,1.12134017e+03
n064_nu0p005_s20261108,64,0.005,20261108,0.9000,2.73677287e-01,1.00911666e+00,5.04558331e-03,2.19285418e+00,1.11586154e+03
n064_nu0p005_s20261108,64,0.005,20261108,0.9200,2.73493420e-01,1.01130912e+00,5.05654559e-03,2.19538176e+00,1.11101401e+03
n064_nu0p005_s20261108,64,0.005,20261108,0.9400,2.73309097e-01,1.01359695e+00,5.06798476e-03,2.20118307e+00,1.10676820e+03
n064_nu0p005_s20261108,64,0.005,20261108,0.9600,2.73124301e-01,1.01597973e+00,5.07989866e-03,2.20621039e+00,1.10309085e+03
n064_nu0p005_s20261108,64,0.005,20261108,0.9800,2.72939021e-01,1.01845705e+00,5.09228523e-03,2.21058524e+00,1.09994503e+03
n064_nu0p005_s20261108,64,0.005,20261108,1.0000,2.72753242e-01,1.02102853e+00,5.10514263e-03,2.21441039e+00,1.09729124e+03
n064_nu0p005_s20261108,64,0.005,20261108,1.0200,2.72566953e-01,1.02369384e+00,5.11846920e-03,2.21776899e+00,1.09508909e+03
n064_nu0p005_s20261108,64,0.005,20261108,1.0400,2.72380141e-01,1.02645271e+00,5.13226353e-03,2.22144390e+00,1.09329939e+03
n064_nu0p005_s20261108,64,0.005,20261108,1.0600,2.72192795e-01,1.02930490e+00,5.14652448e-03,2.22859279e+00,1.09188622e+03
n064_nu0p005_s20261108,64,0.005,20261108,1.0800,2.72004905e-01,1.03225024e+00,5.16125120e-03,2.23449103e+00,1.09081866e+03
n064_nu0p005_s20261108,64,0.005,20261108,1.1000,2.71816461e-01,1.03528862e+00,5.17644311e-03,2.23980642e+00,1.09007184e+03
n064_nu0p005_s20261108,64,0.005,20261108,1.1200,2.71627452e-01,1.03841998e+00,5.19209990e-03,2.24670564e+00,1.08962723e+03
n064_nu0p005_s20261108,64,0.005,20261108,1.1400,2.71437871e-01,1.04164429e+00,5.20822146e-03,2.25273058e+00,1.08947202e+03
n064_nu0p005_s20261108,64,0.005,20261108,1.1600,2.71247707e-01,1.04496156e+00,5.22480781e-03,2.26069213e+00,1.08959764e+03
n064_nu0p005_s20261108,64,0.005,20261108,1.1800,2.71056951e-01,1.04837181e+00,5.24185907e-03,2.27429287e+00,1.08999793e+03
n064_nu0p005_s20261108,64,0.005,20261108,1.2000,2.70865595e-01,1.05187507e+00,5.25937535e-03,2.28643457e+00,1.09066686e+03
n064_nu0p005_s20261108,64,0.005,20261108,1.2200,2.70673629e-01,1.05547135e+00,5.27735674e-03,2.29724896e+00,1.09159657e+03
n064_nu0p005_s20261108,64,0.005,20261108,1.2400,2.70481045e-01,1.05916064e+00,5.29580322e-03,2.30686579e+00,1.09277563e+03
n064_nu0p005_s20261108,64,0.005,20261108,1.2600,2.70287831e-01,1.06294293e+00,5.31471467e-03,2.31541063e+00,1.09418812e+03
n064_nu0p005_s20261108,64,0.005,20261108,1.2800,2.70093980e-01,1.06681817e+00,5.33409083e-03,2.32300288e+00,1.09581335e+03
n064_nu0p005_s20261108,64,0.005,20261108,1.3000,2.69899480e-01,1.07078626e+00,5.35393132e-03,2.32975417e+00,1.09762645e+03
n064_nu0p005_s20261108,64,0.005,20261108,1.3200,2.69704321e-01,1.07484712e+00,5.37423562e-03,2.33576700e+00,1.09959960e+03
n064_nu0p005_s20261108,64,0.005,20261108,1.3400,2.69508492e-01,1.07900063e+00,5.39500314e-03,2.34113376e+00,1.10170372e+03
n064_nu0p005_s20261108,64,0.005,20261108,1.3600,2.69311983e-01,1.08324664e+00,5.41623318e-03,2.34593603e+00,1.10391047e+03
n064_nu0p005_s20261108,64,0.005,20261108,1.3800,2.69114780e-01,1.08758499e+00,5.43792494e-03,2.35024420e+00,1.10619419e+03
n064_nu0p005_s20261108,64,0.005,20261108,1.4000,2.68916874e-01,1.09201552e+00,5.46007761e-03,2.35794352e+00,1.10853368e+03
n064_nu0p005_s20261108,64,0.005,20261108,1.4200,2.68718250e-01,1.09653805e+00,5.48269027e-03,2.36707229e+00,1.11091361e+03
n064_nu0p005_s20261108,64,0.005,20261108,1.4400,2.68518896e-01,1.10115239e+00,5.50576195e-03,2.37469638e+00,1.11332550e+03
n064_nu0p005_s20261108,64,0.005,20261108,1.4600,2.68318799e-01,1.10585832e+00,5.52929161e-03,2.38094312e+00,1.11576816e+03
n064_nu0p005_s20261108,64,0.005,20261108,1.4800,2.68117945e-01,1.11065563e+00,5.55327813e-03,2.38593529e+00,1.11824780e+03
n064_nu0p005_s20261108,64,0.005,20261108,1.5000,2.67916322e-01,1.11554405e+00,5.57772026e-03,2.38979020e+00,1.12077778e+03
n064_nu0p005_s20261108,64,0.005,20261108,1.5200,2.67713914e-01,1.12052334e+00,5.60261668e-03,2.40215861e+00,1.12337808e+03
n064_nu0p005_s20261108,64,0.005,20261108,1.5400,2.67510708e-01,1.12559318e+00,5.62796592e-03,2.41613983e+00,1.12607470e+03
n064_nu0p005_s20261108,64,0.005,20261108,1.5600,2.67306690e-01,1.13075328e+00,5.65376639e-03,2.42838029e+00,1.12889899e+03
n064_nu0p005_s20261108,64,0.005,20261108,1.5800,2.67101845e-01,1.13600327e+00,5.68001635e-03,2.43898993e+00,1.13188707e+03
n064_nu0p005_s20261108,64,0.005,20261108,1.6000,2.66896158e-01,1.14134279e+00,5.70671393e-03,2.44807854e+00,1.13507920e+03
n064_nu0p005_s20261108,64,0.005,20261108,1.6200,2.66689616e-01,1.14677141e+00,5.73385707e-03,2.46197951e+00,1.13851938e+03
n064_nu0p005_s20261108,64,0.005,20261108,1.6400,2.66482204e-01,1.15228871e+00,5.76144357e-03,2.47444167e+00,1.14225495e+03
n064_nu0p005_s20261108,64,0.005,20261108,1.6600,2.66273908e-01,1.15789420e+00,5.78947102e-03,2.48548016e+00,1.14633626e+03
n064_nu0p005_s20261108,64,0.005,20261108,1.6800,2.66064714e-01,1.16358736e+00,5.81793681e-03,2.49516627e+00,1.15081637e+03
n064_nu0p005_s20261108,64,0.005,20261108,1.7000,2.65854607e-01,1.16936762e+00,5.84683810e-03,2.50357307e+00,1.15575074e+03
n064_nu0p005_s20261108,64,0.005,20261108,1.7200,2.65643575e-01,1.17523436e+00,5.87617182e-03,2.51782845e+00,1.16119697e+03
n064_nu0p005_s20261108,64,0.005,20261108,1.7400,2.65431602e-01,1.18118692e+00,5.90593460e-03,2.53387773e+00,1.16721434e+03
n064_nu0p005_s20261108,64,0.005,20261108,1.7600,2.65218678e-01,1.18722456e+00,5.93612278e-03,2.54886616e+00,1.17386345e+03
n064_nu0p005_s20261108,64,0.005,20261108,1.7800,2.65004787e-01,1.19334648e+00,5.96673239e-03,2.56278662e+00,1.18120568e+03
n064_nu0p005_s20261108,64,0.005,20261108,1.8000,2.64789917e-01,1.19955182e+00,5.99775912e-03,2.57563225e+00,1.18930264e+03
n064_nu0p005_s20261108,64,0.005,20261108,1.8200,2.64574057e-01,1.20583966e+00,6.02919831e-03,2.58739742e+00,1.19821559e+03
n064_nu0p005_s20261108,64,0.005,20261108,1.8400,2.64357195e-01,1.21220899e+00,6.06104496e-03,2.60086900e+00,1.20800481e+03
n064_nu0p005_s20261108,64,0.005,20261108,1.8600,2.64139318e-01,1.21865874e+00,6.09329371e-03,2.61860393e+00,1.21872902e+03
n064_nu0p005_s20261108,64,0.005,20261108,1.8800,2.63920417e-01,1.22518777e+00,6.12593887e-03,2.63493316e+00,1.23044476e+03
n064_nu0p005_s20261108,64,0.005,20261108,1.9000,2.63700480e-01,1.23179488e+00,6.15897441e-03,2.65940336e+00,1.24320594e+03
n064_nu0p005_s20261108,64,0.005,20261108,1.9200,2.63479500e-01,1.23847880e+00,6.19239402e-03,2.68390696e+00,1.25706330e+03
n064_nu0p005_s20261108,64,0.005,20261108,1.9400,2.63257466e-01,1.24523822e+00,6.22619111e-03,2.70755919e+00,1.27206411e+03
n064_nu0p005_s20261108,64,0.005,20261108,1.9600,2.63034371e-01,1.25207177e+00,6.26035885e-03,2.73034074e+00,1.28825178e+03
n064_nu0p005_s20261108,64,0.005,20261108,1.9800,2.62810207e-01,1.25897805e+00,6.29489023e-03,2.75223397e+00,1.30566560e+03
n064_nu0p005_s20261108,64,0.005,20261108,2.0000,2.62584969e-01,1.26595561e+00,6.32977807e-03,2.77322357e+00,1.32434056e+03
n064_nu0p005_s20261108,64,0.005,20261108,2.0200,2.62358652e-01,1.27300301e+00,6.36501504e-03,2.79329704e+00,1.34430708e+03
n064_nu0p005_s20261108,64,0.005,20261108,2.0400,2.62131249e-01,1.28011875e+00,6.40059377e-03,2.81491358e+00,1.36559088e+03
n064_nu0p005_s20261108,64,0.005,20261108,2.0600,2.61902760e-01,1.28730136e+00,6.43650679e-03,2.83818205e+00,1.38821282e+03
n064_nu0p005_s20261108,64,0.005,20261108,2.0800,2.61673180e-01,1.29454932e+00,6.47274662e-03,2.86019446e+00,1.41218877e+03
n064_nu0p005_s20261108,64,0.005,20261108,2.1000,2.61442508e-01,1.30186116e+00,6.50930579e-03,2.88092545e+00,1.43752947e+03
n064_nu0p005_s20261108,64,0.005,20261108,2.1200,2.61210745e-01,1.30923537e+00,6.54617683e-03,2.90035264e+00,1.46424052e+03
n064_nu0p005_s20261108,64,0.005,20261108,2.1400,2.60977890e-01,1.31667046e+00,6.58335229e-03,2.91845725e+00,1.49232235e+03
n064_nu0p005_s20261108,64,0.005,20261108,2.1600,2.60743945e-01,1.32416496e+00,6.62082478e-03,2.93607850e+00,1.52177030e+03
n064_nu0p005_s20261108,64,0.005,20261108,2.1800,2.60508912e-01,1.33171739e+00,6.65858694e-03,2.95520568e+00,1.55257475e+03
n064_nu0p005_s20261108,64,0.005,20261108,2.2000,2.60272794e-01,1.33932630e+00,6.69663150e-03,2.97286955e+00,1.58472138e+03
n064_nu0p005_s20261108,64,0.005,20261108,2.2200,2.60035595e-01,1.34699024e+00,6.73495118e-03,2.98903687e+00,1.61819146e+03
n064_nu0p005_s20261108,64,0.005,20261108,2.2400,2.59797320e-01,1.35470776e+00,6.77353882e-03,3.00367843e+00,1.65296227e+03
n064_nu0p005_s20261108,64,0.005,20261108,2.2600,2.59557972e-01,1.36247745e+00,6.81238727e-03,3.01677015e+00,1.68900756e+03
n064_nu0p005_s20261108,64,0.005,20261108,2.2800,2.59317559e-01,1.37029789e+00,6.85148947e-03,3.02829402e+00,1.72629810e+03
n064_nu0p005_s20261108,64,0.005,20261108,2.3000,2.59076086e-01,1.37816768e+00,6.89083840e-03,3.05006552e+00,1.76480226e+03
n064_nu0p005_s20261108,64,0.005,20261108,2.3200,2.58833561e-01,1.38608542e+00,6.93042710e-03,3.07841249e+00,1.80448658e+03
n064_nu0p005_s20261108,64,0.005,20261108,2.3400,2.58589989e-01,1.39404974e+00,6.97024870e-03,3.10656881e+00,1.84531642e+03
n064_nu0p005_s20261108,64,0.005,20261108,2.3600,2.58345378e-01,1.40205928e+00,7.01029639e-03,3.13430790e+00,1.88725652e+03
n064_nu0p005_s20261108,64,0.005,20261108,2.3800,2.58099737e-01,1.41011269e+00,7.05056343e-03,3.16140414e+00,1.93027158e+03
n064_nu0p005_s20261108,64,0.005,20261108,2.4000,2.57853071e-01,1.41820864e+00,7.09104320e-03,3.18785174e+00,1.97432673e+03
n064_nu0p005_s20261108,64,0.005,20261108,2.4200,2.57605391e-01,1.42634583e+00,7.13172915e-03,3.21364462e+00,2.01938802e+03
n064_nu0p005_s20261108,64,0.005,20261108,2.4400,2.57356703e-01,1.43452297e+00,7.17261484e-03,3.23877614e+00,2.06542276e+03
n064_nu0p005_s20261108,64,0.005,20261108,2.4600,2.57107016e-01,1.44273879e+00,7.21369394e-03,3.26323899e+00,2.11239986e+03
n064_nu0p005_s20261108,64,0.005,20261108,2.4800,2.56856339e-01,1.45099205e+00,7.25496026e-03,3.28702509e+00,2.16029008e+03
n064_nu0p005_s20261108,64,0.005,20261108,2.5000,2.56604678e-01,1.45928154e+00,7.29640771e-03,3.31012556e+00,2.20906617e+03
n064_nu0p005_s20261108,64,0.005,20261108,2.5200,2.56352043e-01,1.46760607e+00,7.33803036e-03,3.33253072e+00,2.25870305e+03
n064_nu0p005_s20261108,64,0.005,20261108,2.5400,2.56098442e-01,1.47596448e+00,7.37982240e-03,3.35423024e+00,2.30917786e+03
n064_nu0p005_s20261108,64,0.005,20261108,2.5600,2.55843883e-01,1.48435564e+00,7.42177818e-03,3.37521320e+00,2.36047000e+03
n064_nu0p005_s20261108,64,0.005,20261108,2.5800,2.55588373e-01,1.49277844e+00,7.46389219e-03,3.39546836e+00,2.41256117e+03
n064_nu0p005_s20261108,64,0.005,20261108,2.6000,2.55331922e-01,1.50123181e+00,7.50615906e-03,3.42123486e+00,2.46543536e+03
n064_nu0p005_s20261108,64,0.005,20261108,2.6200,2.55074535e-01,1.50971472e+00,7.54857360e-03,3.45497558e+00,2.51907879e+03
n064_nu0p005_s20261108,64,0.005,20261108,2.6400,2.54816222e-01,1.51822615e+00,7.59113075e-03,3.48692455e+00,2.57347994e+03
n064_nu0p005_s20261108,64,0.005,20261108,2.6600,2.54556989e-01,1.52676512e+00,7.63382560e-03,3.51703333e+00,2.62862945e+03
n064_nu0p005_s20261108,64,0.005,20261108,2.6800,2.54296845e-01,1.53533068e+00,7.67665338e-03,3.54526880e+00,2.68452010e+03
n064_nu0p005_s20261108,64,0.005,20261108,2.7000,2.54035795e-01,1.54392190e+00,7.71960949e-03,3.57161194e+00,2.74114675e+03
n064_nu0p005_s20261108,64,0.005,20261108,2.7200,2.53773846e-01,1.55253789e+00,7.76268944e-03,3.59605634e+00,2.79850633e+03
n064_nu0p005_s20261108,64,0.005,20261108,2.7400,2.53511007e-01,1.56117778e+00,7.80588889e-03,3.61860643e+00,2.85659774e+03
n064_nu0p005_s20261108,64,0.005,20261108,2.7600,2.53247282e-01,1.56984072e+00,7.84920362e-03,3.65360895e+00,2.91542189e+03
n064_nu0p005_s20261108,64,0.005,20261108,2.7800,2.52982678e-01,1.57852591e+00,7.89262954e-03,3.69228500e+00,2.97498161e+03
n064_nu0p005_s20261108,64,0.005,20261108,2.8000,2.52717202e-01,1.58723253e+00,7.93616264e-03,3.73981845e+00,3.03528172e+03
n064_nu0p005_s20261108,64,0.005,20261108,2.8200,2.52450859e-01,1.59595981e+00,7.97979907e-03,3.79057494e+00,3.09632902e+03
n064_nu0p005_s20261108,64,0.005,20261108,2.8400,2.52183653e-01,1.60470701e+00,8.02353503e-03,3.83953739e+00,3.15813235e+03
n064_nu0p005_s20261108,64,0.005,20261108,2.8600,2.51915592e-01,1.61347337e+00,8.06736684e-03,3.88651725e+00,3.22070265e+03
n064_nu0p005_s20261108,64,0.005,20261108,2.8800,2.51646679e-01,1.62225818e+00,8.11129088e-03,3.93133920e+00,3.28405311e+03
n064_nu0p005_s20261108,64,0.005,20261108,2.9000,2.51376919e-01,1.63106073e+00,8.15530363e-03,3.97384332e+00,3.34819924e+03
n064_nu0p005_s20261108,64,0.005,20261108,2.9200,2.51106317e-01,1.63988032e+00,8.19940162e-03,4.01388697e+00,3.41315904e+03
n064_nu0p005_s20261108,64,0.005,20261108,2.9400,2.50834877e-01,1.64871629e+00,8.24358146e-03,4.05134615e+00,3.47895317e+03
n064_nu0p005_s20261108,64,0.005,20261108,2.9600,2.50562602e-01,1.65756796e+00,8.28783979e-03,4.08642437e+00,3.54560508e+03
n064_nu0p005_s20261108,64,0.005,20261108,2.9800,2.50289497e-01,1.66643467e+00,8.33217334e-03,4.12171628e+00,3.61314120e+03
n064_nu0p005_s20261108,64,0.005,20261108,3.0000,2.50015564e-01,1.67531577e+00,8.37657884e-03,4.15458257e+00,3.68159104e+03
n064_nu0p005_s20261108,64,0.005,20261108,3.0200,2.49740806e-01,1.68421062e+00,8.42105309e-03,4.18496805e+00,3.75098733e+03
n064_nu0p005_s20261108,64,0.005,20261108,3.0400,2.49465226e-01,1.69311858e+00,8.46559291e-03,4.21282980e+00,3.82136611e+03
n064_nu0p005_s20261108,64,0.005,20261108,3.0600,2.49188826e-01,1.70203903e+00,8.51019515e-03,4.23813589e+00,3.89276675e+03
n064_nu0p005_s20261108,64,0.005,20261108,3.0800,2.48911608e-01,1.71097133e+00,8.55485666e-03,4.26086383e+00,3.96523195e+03
n064_nu0p005_s20261108,64,0.005,20261108,3.1000,2.48633574e-01,1.71991487e+00,8.59957435e-03,4.28099889e+00,4.03880767e+03
n064_nu0p005_s20261108,64,0.005,20261108,3.1200,2.48354725e-01,1.72886902e+00,8.64434510e-03,4.29853231e+00,4.11354301e+03
n064_nu0p005_s20261108,64,0.005,20261108,3.1400,2.48075062e-01,1.73783316e+00,8.68916581e-03,4.34086692e+00,4.18949004e+03
n064_nu0p005_s20261108,64,0.005,20261108,3.1600,2.47794585e-01,1.74680668e+00,8.73403339e-03,4.40769333e+00,4.26670357e+03
n064_nu0p005_s20261108,64,0.005,20261108,3.1800,2.47513295e-01,1.75578895e+00,8.77894473e-03,4.47214750e+00,4.34524085e+03
n064_nu0p005_s20261108,64,0.005,20261108,3.2000,2.47231191e-01,1.76477935e+00,8.82389673e-03,4.53399085e+00,4.42516128e+03
n064_nu0p005_s20261108,64,0.005,20261108,3.2200,2.46948273e-01,1.77377725e+00,8.86888627e-03,4.59300383e+00,4.50652601e+03
n064_nu0p005_s20261108,64,0.005,20261108,3.2400,2.46664540e-01,1.78278205e+00,8.91391023e-03,4.64898850e+00,4.58939756e+03
n064_nu0p005_s20261108,64,0.005,20261108,3.2600,2.46379992e-01,1.79179309e+00,8.95896545e-03,4.70177077e+00,4.67383941e+03
n064_nu0p005_s20261108,64,0.005,20261108,3.2800,2.46094625e-01,1.80080975e+00,9.00404877e-03,4.75120203e+00,4.75991551e+03
n064_nu0p005_s20261108,64,0.005,20261108,3.3000,2.45808439e-01,1.80983141e+00,9.04915703e-03,4.79716027e+00,4.84768992e+03
n064_nu0p005_s20261108,64,0.005,20261108,3.3200,2.45521431e-01,1.81885741e+00,9.09428703e-03,4.83955056e+00,4.93722627e+03
n064_nu0p005_s20261108,64,0.005,20261108,3.3400,2.45233599e-01,1.82788711e+00,9.13943557e-03,4.88032819e+00,5.02858736e+03
n064_nu0p005_s20261108,64,0.005,20261108,3.3600,2.44944939e-01,1.83691989e+00,9.18459943e-03,4.92209475e+00,5.12183471e+03
n064_nu0p005_s20261108,64,0.005,20261108,3.3800,2.44655448e-01,1.84595508e+00,9.22977538e-03,4.96078488e+00,5.21702818e+03
n064_nu0p005_s20261108,64,0.005,20261108,3.4000,2.44365123e-01,1.85499204e+00,9.27496020e-03,4.99637095e+00,5.31422551e+03
n064_nu0p005_s20261108,64,0.005,20261108,3.4200,2.44073959e-01,1.86403013e+00,9.32015065e-03,5.02883951e+00,5.41348203e+03
n064_nu0p005_s20261108,64,0.005,20261108,3.4400,2.43781952e-01,1.87306870e+00,9.36534352e-03,5.05818939e+00,5.51485026e+03
n064_nu0p005_s20261108,64,0.005,20261108,3.4600,2.43489099e-01,1.88210711e+00,9.41053557e-03,5.08442965e+00,5.61837972e+03
n064_nu0p005_s20261108,64,0.005,20261108,3.4800,2.43195393e-01,1.89114472e+00,9.45572361e-03,5.10757756e+00,5.72411661e+03
n064_nu0p005_s20261108,64,0.005,20261108,3.5000,2.42900829e-01,1.90018089e+00,9.50090447e-03,5.12765655e+00,5.83210368e+03
n064_nu0p005_s20261108,64,0.005,20261108,3.5200,2.42605403e-01,1.90921500e+00,9.54607499e-03,5.14469436e+00,5.94238005e+03
n064_nu0p005_s20261108,64,0.005,20261108,3.5400,2.42309109e-01,1.91824642e+00,9.59123208e-03,5.15872128e+00,6.05498120e+03
n064_nu0p005_s20261108,64,0.005,20261108,3.5600,2.42011941e-01,1.92727453e+00,9.63637265e-03,5.18856103e+00,6.16993891e+03
n064_nu0p005_s20261108,64,0.005,20261108,3.5800,2.41713892e-01,1.93629874e+00,9.68149370e-03,5.23546510e+00,6.28728128e+03
n064_nu0p005_s20261108,64,0.005,20261108,3.6000,2.41414957e-01,1.94531846e+00,9.72659229e-03,5.27920588e+00,6.40703285e+03
n064_nu0p005_s20261108,64,0.005,20261108,3.6200,2.41115129e-01,1.95433310e+00,9.77166551e-03,5.31969836e+00,6.52921469e+03
n064_nu0p005_s20261108,64,0.005,20261108,3.6400,2.40814401e-01,1.96334211e+00,9.81671057e-03,5.35687094e+00,6.65384459e+03
n064_nu0p005_s20261108,64,0.005,20261108,3.6600,2.40512767e-01,1.97234494e+00,9.86172471e-03,5.39066468e+00,6.78093723e+03
n064_nu0p005_s20261108,64,0.005,20261108,3.6800,2.40210218e-01,1.98134106e+00,9.90670529e-03,5.43513036e+00,6.91050436e+03
n064_nu0p005_s20261108,64,0.005,20261108,3.7000,2.39906749e-01,1.99032995e+00,9.95164974e-03,5.49614846e+00,7.04255505e+03
n064_nu0p005_s20261108,64,0.005,20261108,3.7200,2.39602350e-01,1.99931112e+00,9.99655558e-03,5.55402673e+00,7.17709586e+03
n064_nu0p005_s20261108,64,0.005,20261108,3.7400,2.39297016e-01,2.00828408e+00,1.00414204e-02,5.60872228e+00,7.31413100e+03
n064_nu0p005_s20261108,64,0.005,20261108,3.7600,2.38990738e-01,2.01724839e+00,1.00862420e-02,5.66020906e+00,7.45366254e+03
n064_nu0p005_s20261108,64,0.005,20261108,3.7800,2.38683508e-01,2.02620359e+00,1.01310180e-02,5.70847593e+00,7.59569046e+03
n064_nu0p005_s20261108,64,0.005,20261108,3.8000,2.38375318e-01,2.03514926e+00,1.01757463e-02,5.76079566e+00,7.74021274e+03
n064_nu0p005_s20261108,64,0.005,20261108,3.8200,2.38066160e-01,2.04408499e+00,1.02204250e-02,5.81863948e+00,7.88722540e+03
n064_nu0p005_s20261108,64,0.005,20261108,3.8400,2.37756024e-01,2.05301038e+00,1.02650519e-02,5.87409118e+00,8.03672240e+03
n064_nu0p005_s20261108,64,0.005,20261108,3.8600,2.37444903e-01,2.06192503e+00,1.03096252e-02,5.93138394e+00,8.18869564e+03
n064_nu0p005_s20261108,64,0.005,20261108,3.8800,2.37132788e-01,2.07082858e+00,1.03541429e-02,6.00093764e+00,8.34313474e+03
n064_nu0p005_s20261108,64,0.005,20261108,3.9000,2.36819669e-01,2.07972066e+00,1.03986033e-02,6.07035735e+00,8.50002690e+03
n064_nu0p005_s20261108,64,0.005,20261108,3.9200,2.36505537e-01,2.08860090e+00,1.04430045e-02,6.13944308e+00,8.65935667e+03
n064_nu0p005_s20261108,64,0.005,20261108,3.9400,2.36190383e-01,2.09746894e+00,1.04873447e-02,6.20797310e+00,8.82110565e+03
n064_nu0p005_s20261108,64,0.005,20261108,3.9600,2.35874197e-01,2.10632442e+00,1.05316221e-02,6.27570325e+00,8.98525229e+03
n064_nu0p005_s20261108,64,0.005,20261108,3.9800,2.35556968e-01,2.11516695e+00,1.05758348e-02,6.34236635e+00,9.15177153e+03
n064_nu0p005_s20261108,64,0.005,20261108,4.0000,2.35238687e-01,2.12399618e+00,1.06199809e-02,6.40767180e+00,9.32063455e+03
n064_nu0p005_s20261108,64,0.005,20261108,4.0200,2.34919343e-01,2.13281170e+00,1.06640585e-02,6.47130524e+00,9.49180845e+03
n064_nu0p005_s20261108,64,0.005,20261108,4.0400,2.34598924e-01,2.14161312e+00,1.07080656e-02,6.53292846e+00,9.66525603e+03
n064_nu0p005_s20261108,64,0.005,20261108,4.0600,2.34277421e-01,2.15040001e+00,1.07520000e-02,6.59217948e+00,9.84093552e+03
n064_nu0p005_s20261108,64,0.005,20261108,4.0800,2.33954821e-01,2.15917192e+00,1.07958596e-02,6.64877804e+00,1.00188004e+04
n064_nu0p005_s20261108,64,0.005,20261108,4.1000,2.33631112e-01,2.16792839e+00,1.08396419e-02,6.75164943e+00,1.01987991e+04
n064_nu0p005_s20261108,64,0.005,20261108,4.1200,2.33306283e-01,2.17666891e+00,1.08833446e-02,6.85620163e+00,1.03808751e+04
n064_nu0p005_s20261108,64,0.005,20261108,4.1400,2.32980321e-01,2.18539295e+00,1.09269648e-02,6.96227414e+00,1.05649666e+04
n064_nu0p005_s20261108,64,0.005,20261108,4.1600,2.32653213e-01,2.19409996e+00,1.09704998e-02,7.06968191e+00,1.07510067e+04
n064_nu0p005_s20261108,64,0.005,20261108,4.1800,2.32324946e-01,2.20278931e+00,1.10139466e-02,7.17821382e+00,1.09389233e+04
n064_nu0p005_s20261108,64,0.005,20261108,4.2000,2.31995506e-01,2.21146038e+00,1.10573019e-02,7.28763130e+00,1.11286391e+04
n064_nu0p005_s20261108,64,0.005,20261108,4.2200,2.31664881e-01,2.22011248e+00,1.11005624e-02,7.39766696e+00,1.13200717e+04
n064_nu0p005_s20261108,64,0.005,20261108,4.2400,2.31333055e-01,2.22874487e+00,1.11437244e-02,7.50802326e+00,1.15131337e+04
n064_nu0p005_s20261108,64,0.005,20261108,4.2600,2.31000014e-01,2.23735680e+00,1.11867840e-02,7.61837142e+00,1.17077332e+04
n064_nu0p005_s20261108,64,0.005,20261108,4.2800,2.30665743e-01,2.24594743e+00,1.12297372e-02,7.72835044e+00,1.19037737e+04
n064_nu0p005_s20261108,64,0.005,20261108,4.3000,2.30330227e-01,2.25451590e+00,1.12725795e-02,7.83756640e+00,1.21011542e+04
n064_nu0p005_s20261108,64,0.005,20261108,4.3200,2.29993452e-01,2.26306130e+00,1.13153065e-02,7.94559200e+00,1.22997700e+04
n064_nu0p005_s20261108,64,0.005,20261108,4.3400,2.29655400e-01,2.27158266e+00,1.13579133e-02,8.05196648e+00,1.24995127e+04
n064_nu0p005_s20261108,64,0.005,20261108,4.3600,2.29316057e-01,2.28007897e+00,1.14003949e-02,8.15619604e+00,1.27002708e+04
n064_nu0p005_s20261108,64,0.005,20261108,4.3800,2.28975405e-01,2.28854916e+00,1.14427458e-02,8.25775459e+00,1.29019296e+04
n064_nu0p005_s20261108,64,0.005,20261108,4.4000,2.28633430e-01,2.29699212e+00,1.14849606e-02,8.35608517e+00,1.31043725e+04
n064_nu0p005_s20261108,64,0.005,20261108,4.4200,2.28290113e-01,2.30540669e+00,1.15270334e-02,8.45060197e+00,1.33074805e+04
n064_nu0p005_s20261108,64,0.005,20261108,4.4400,2.27945439e-01,2.31379165e+00,1.15689582e-02,8.54069295e+00,1.35111336e+04
n064_nu0p005_s20261108,64,0.005,20261108,4.4600,2.27599391e-01,2.32214574e+00,1.16107287e-02,8.63322375e+00,1.37152105e+04
n064_nu0p005_s20261108,64,0.005,20261108,4.4800,2.27251952e-01,2.33046766e+00,1.16523383e-02,8.73460009e+00,1.39195898e+04
n064_nu0p005_s20261108,64,0.005,20261108,4.5000,2.26903105e-01,2.33875604e+00,1.16937802e-02,8.83145462e+00,1.41241498e+04
n064_nu0p005_s20261108,64,0.005,20261108,4.5200,2.26552833e-01,2.34700950e+00,1.17350475e-02,8.92312095e+00,1.43287697e+04
n064_nu0p005_s20261108,64,0.005,20261108,4.5400,2.26201118e-01,2.35522658e+00,1.17761329e-02,9.00891431e+00,1.45333295e+04
n064_nu0p005_s20261108,64,0.005,20261108,4.5600,2.25847946e-01,2.36340580e+00,1.18170290e-02,9.08813686e+00,1.47377107e+04
n064_nu0p005_s20261108,64,0.005,20261108,4.5800,2.25493298e-01,2.37154563e+00,1.18577281e-02,9.16008382e+00,1.49417966e+04
n064_nu0p005_s20261108,64,0.005,20261108,4.6000,2.25137158e-01,2.37964449e+00,1.18982225e-02,9.22405030e+00,1.51454726e+04
n064_nu0p005_s20261108,64,0.005,20261108,4.6200,2.24779509e-01,2.38770079e+00,1.19385039e-02,9.27933886e+00,1.53486266e+04
n064_nu0p005_s20261108,64,0.005,20261108,4.6400,2.24420336e-01,2.39571287e+00,1.19785643e-02,9.32526777e+00,1.55511490e+04
n064_nu0p005_s20261108,64,0.005,20261108,4.6600,2.24059622e-01,2.40367906e+00,1.20183953e-02,9.36117972e+00,1.57529330e+04
n064_nu0p005_s20261108,64,0.005,20261108,4.6800,2.23697352e-01,2.41159765e+00,1.20579882e-02,9.40447054e+00,1.59538746e+04
n064_nu0p005_s20261108,64,0.005,20261108,4.7000,2.23333510e-01,2.41946689e+00,1.20973345e-02,9.47518560e+00,1.61538728e+04
n064_nu0p005_s20261108,64,0.005,20261108,4.7200,2.22968082e-01,2.42728503e+00,1.21364251e-02,9.55471061e+00,1.63528292e+04
n064_nu0p005_s20261108,64,0.005,20261108,4.7400,2.22601052e-01,2.43505026e+00,1.21752513e-02,9.63564862e+00,1.65506484e+04
n064_nu0p005_s20261108,64,0.005,20261108,4.7600,2.22232406e-01,2.44276076e+00,1.22138038e-02,9.71282833e+00,1.67472379e+04
n064_nu0p005_s20261108,64,0.005,20261108,4.7800,2.21862130e-01,2.45041470e+00,1.22520735e-02,9.78615957e+00,1.69425077e+04
n064_nu0p005_s20261108,64,0.005,20261108,4.8000,2.21490212e-01,2.45801021e+00,1.22900510e-02,9.85556685e+00,1.71363706e+04
n064_nu0p005_s20261108,64,0.005,20261108,4.8200,2.21116637e-01,2.46554542e+00,1.23277271e-02,9.92098970e+00,1.73287423e+04
n064_nu0p005_s20261108,64,0.005,20261108,4.8400,2.20741393e-01,2.47301845e+00,1.23650923e-02,1.00297601e+01,1.75195410e+04
n064_nu0p005_s20261108,64,0.005,20261108,4.8600,2.20364468e-01,2.48042739e+00,1.24021369e-02,1.01527909e+01,1.77086879e+04
n064_nu0p005_s20261108,64,0.005,20261108,4.8800,2.19985852e-01,2.48777032e+00,1.24388516e-02,1.02677333e+01,1.78961070e+04
n064_nu0p005_s20261108,64,0.005,20261108,4.9000,2.19605531e-01,2.49504533e+00,1.24752267e-02,1.03738961e+01,1.80817255e+04
n064_nu0p005_s20261108,64,0.005,20261108,4.9200,2.19223497e-01,2.50225050e+00,1.25112525e-02,1.04706299e+01,1.82654739e+04
n064_nu0p005_s20261108,64,0.005,20261108,4.9400,2.18839739e-01,2.50938388e+00,1.25469194e-02,1.05573356e+01,1.84472858e+04
n064_nu0p005_s20261108,64,0.005,20261108,4.9600,2.18454248e-01,2.51644356e+00,1.25822178e-02,1.06601090e+01,1.86270987e+04
n064_nu0p005_s20261108,64,0.005,20261108,4.9800,2.18067014e-01,2.52342759e+00,1.26171380e-02,1.07606140e+01,1.88048534e+04
n064_nu0p005_s20261108,64,0.005,20261108,5.0000,2.17678030e-01,2.53033405e+00,1.26516702e-02,1.08511061e+01,1.89804946e+04
n064_nu0p005_s20261108,64,0.005,20261108,5.0200,2.17287286e-01,2.53716100e+00,1.26858050e-02,1.09310721e+01,1.91539705e+04
n064_nu0p005_s20261108,64,0.005,20261108,5.0400,2.16894777e-01,2.54390652e+00,1.27195326e-02,1.10000707e+01,1.93252332e+04
n064_nu0p005_s20261108,64,0.005,20261108,5.0600,2.16500495e-01,2.55056868e+00,1.27528434e-02,1.10577381e+01,1.94942380e+04
n064_nu0p005_s20261108,64,0.005,20261108,5.0800,2.16104433e-01,2.55714557e+00,1.27857279e-02,1.11037928e+01,1.96609437e+04
n064_nu0p005_s20261108,64,0.005,20261108,5.1000,2.15706587e-01,2.56363528e+00,1.28181764e-02,1.11380390e+01,1.98253121e+04
n064_nu0p005_s20261108,64,0.005,20261108,5.1200,2.15306950e-01,2.57003589e+00,1.28501795e-02,1.11603675e+01,1.99873078e+04
n064_nu0p005_s20261108,64,0.005,20261108,5.1400,2.14905517e-01,2.57634552e+00,1.28817276e-02,1.11915882e+01,2.01468980e+04
n064_nu0p005_s20261108,64,0.005,20261108,5.1600,2.14502286e-01,2.58256228e+00,1.29128114e-02,1.12482487e+01,2.03040521e+04
n064_nu0p005_s20261108,64,0.005,20261108,5.1800,2.14097251e-01,2.58868428e+00,1.29434214e-02,1.12932997e+01,2.04587418e+04
n064_nu0p005_s20261108,64,0.005,20261108,5.2000,2.13690409e-01,2.59470967e+00,1.29735484e-02,1.13266654e+01,2.06109403e+04
n064_nu0p005_s20261108,64,0.005,20261108,5.2200,2.13281758e-01,2.60063659e+00,1.30031830e-02,1.13483570e+01,2.07606229e+04
n064_nu0p005_s20261108,64,0.005,20261108,5.2400,2.12871295e-01,2.60646320e+00,1.30323160e-02,1.13584694e+01,2.09077662e+04
n064_nu0p005_s20261108,64,0.005,20261108,5.2600,2.12459019e-01,2.61218766e+00,1.30609383e-02,1.13571770e+01,2.10523484e+04
n064_nu0p005_s20261108,64,0.005,20261108,5.2800,2.12044928e-01,2.61780816e+00,1.30890408e-02,1.13447273e+01,2.11943495e+04
n064_nu0p005_s20261108,64,0.005,20261108,5.3000,2.11629021e-01,2.62332291e+00,1.31166146e-02,1.13214337e+01,2.13337509e+04
n064_nu0p005_s20261108,64,0.005,20261108,5.3200,2.11211299e-01,2.62873012e+00,1.31436506e-02,1.12876672e+01,2.14705356e+04
n064_nu0p005_s20261108,64,0.005,20261108,5.3400,2.10791762e-01,2.63402803e+00,1.31701401e-02,1.12438472e+01,2.16046886e+04
n064_nu0p005_s20261108,64,0.005,20261108,5.3600,2.10370410e-01,2.63921489e+00,1.31960744e-02,1.11970249e+01,2.17361965e+04
n064_nu0p005_s20261108,64,0.005,20261108,5.3800,2.09947245e-01,2.64428898e+00,1.32214449e-02,1.11985714e+01,2.18650476e+04
n064_nu0p005_s20261108,64,0.005,20261108,5.4000,2.09522270e-01,2.64924860e+00,1.32462430e-02,1.11897672e+01,2.19912324e+04
n064_nu0p005_s20261108,64,0.005,20261108,5.4200,2.09095486e-01,2.65409208e+00,1.32704604e-02,1.11710146e+01,2.21147428e+04
n064_nu0p005_s20261108,64,0.005,20261108,5.4400,2.08666898e-01,2.65881776e+00,1.32940888e-02,1.11427568e+01,2.22355727e+04
n064_nu0p005_s20261108,64,0.005,20261108,5.4600,2.08236509e-01,2.66342402e+00,1.33171201e-02,1.11054672e+01,2.23537176e+04
n064_nu0p005_s20261108,64,0.005,20261108,5.4800,2.07804325e-01,2.66790929e+00,1.33395464e-02,1.10596394e+01,2.24691744e+04
n064_nu0p005_s20261108,64,0.005,20261108,5.5000,2.07370351e-01,2.67227200e+00,1.33613600e-02,1.10274964e+01,2.25819413e+04
n064_nu0p005_s20261108,64,0.005,20261108,5.5200,2.06934593e-01,2.67651065e+00,1.33825533e-02,1.10059610e+01,2.26920176e+04
n064_nu0p005_s20261108,64,0.005,20261108,5.5400,2.06497059e-01,2.68062377e+00,1.34031189e-02,1.10563545e+01,2.27994037e+04
n064_nu0p005_s20261108,64,0.005,20261108,5.5600,2.06057757e-01,2.68460993e+00,1.34230497e-02,1.11529686e+01,2.29041003e+04
n064_nu0p005_s20261108,64,0.005,20261108,5.5800,2.05616695e-01,2.68846776e+00,1.34423388e-02,1.12362905e+01,2.30061091e+04
n064_nu0p005_s20261108,64,0.005,20261108,5.6000,2.05173884e-01,2.69219594e+00,1.34609797e-02,1.13065728e+01,2.31054321e+04
n064_nu0p005_s20261108,64,0.005,20261108,5.6200,2.04729335e-01,2.69579322e+00,1.34789661e-02,1.13641318e+01,2.32020719e+04
n064_nu0p005_s20261108,64,0.005,20261108,5.6400,2.04283060e-01,2.69925839e+00,1.34962920e-02,1.14286372e+01,2.32960314e+04
n064_nu0p005_s20261108,64,0.005,20261108,5.6600,2.03835071e-01,2.70259035e+00,1.35129517e-02,1.14847616e+01,2.33873145e+04
n064_nu0p005_s20261108,64,0.005,20261108,5.6800,2.03385383e-01,2.70578802e+00,1.35289401e-02,1.15294689e+01,2.34759257e+04
n064_nu0p005_s20261108,64,0.005,20261108,5.7000,2.02934011e-01,2.70885045e+00,1.35442522e-02,1.15631620e+01,2.35618707e+04
n064_nu0p005_s20261108,64,0.005,20261108,5.7200,2.02480971e-01,2.71177673e+00,1.35588837e-02,1.15862591e+01,2.36451567e+04
n064_nu0p005_s20261108,64,0.005,20261108,5.7400,2.02026280e-01,2.71456606e+00,1.35728303e-02,1.15991856e+01,2.37257928e+04
n064_nu0p005_s20261108,64,0.005,20261108,5.7600,2.01569958e-01,2.71721773e+00,1.35860886e-02,1.16023654e+01,2.38037903e+04
n064_nu0p005_s20261108,64,0.005,20261108,5.7800,2.01112024e-01,2.71973109e+00,1.35986555e-02,1.15962149e+01,2.38791632e+04
n064_nu0p005_s20261108,64,0.005,20261108,5.8000,2.00652498e-01,2.72210563e+00,1.36105281e-02,1.15811374e+01,2.39519283e+04
n064_nu0p005_s20261108,64,0.005,20261108,5.8200,2.00191404e-01,2.72434090e+00,1.36217045e-02,1.15575186e+01,2.40221061e+04
n064_nu0p005_s20261108,64,0.005,20261108,5.8400,1.99728764e-01,2.72643656e+00,1.36321828e-02,1.15257243e+01,2.40897208e+04
n064_nu0p005_s20261108,64,0.005,20261108,5.8600,1.99264602e-01,2.72839237e+00,1.36419618e-02,1.14860979e+01,2.41548003e+04
n064_nu0p005_s20261108,64,0.005,20261108,5.8800,1.98798945e-01,2.73020817e+00,1.36510409e-02,1.14591401e+01,2.42173767e+04
n064_nu0p005_s20261108,64,0.005,20261108,5.9000,1.98331819e-01,2.73188394e+00,1.36594197e-02,1.14362102e+01,2.42774863e+04
n064_nu0p005_s20261108,64,0.005,20261108,5.9200,1.97863251e-01,2.73341970e+00,1.36670985e-02,1.14062787e+01,2.43351695e+04
n064_nu0p005_s20261108,64,0.005,20261108,5.9400,1.97393271e-01,2.73481560e+00,1.36740780e-02,1.13696283e+01,2.43904707e+04
n064_nu0p005_s20261108,64,0.005,20261108,5.9600,1.96921908e-01,2.73607189e+00,1.36803594e-02,1.13591408e+01,2.44434380e+04
n064_nu0p005_s20261108,64,0.005,20261108,5.9800,1.96449194e-01,2.73718888e+00,1.36859444e-02,1.13632582e+01,2.44941230e+04
n064_nu0p005_s20261108,64,0.005,20261108,6.0000,1.95975159e-01,2.73816700e+00,1.36908350e-02,1.13614897e+01,2.45425804e+04
n096_nu0p005_s20261101,96,0.005,20261101,0.0000,2.78086342e-01,9.36401823e-01,4.68200911e-03,2.65268857e+00,1.85901949e+03
n096_nu0p005_s20261101,96,0.005,20261101,0.0200,2.77908543e-01,9.33909933e-01,4.66954966e-03,2.64684816e+00,1.75854437e+03
n096_nu0p005_s20261101,96,0.005,20261101,0.0400,2.77731468e-01,9.31593306e-01,4.65796653e-03,2.63977923e+00,1.66727196e+03
n096_nu0p005_s20261101,96,0.005,20261101,0.0600,2.77555091e-01,9.29446398e-01,4.64723199e-03,2.63152346e+00,1.58414518e+03
n096_nu0p005_s20261101,96,0.005,20261101,0.0800,2.77379384e-01,9.27464000e-01,4.63732000e-03,2.62212525e+00,1.50827192e+03
n096_nu0p005_s20261101,96,0.005,20261101,0.1000,2.77204317e-01,9.25641140e-01,4.62820570e-03,2.61163117e+00,1.43889178e+03
n096_nu0p005_s20261101,96,0.005,20261101,0.1200,2.77029857e-01,9.23972983e-01,4.61986491e-03,2.60008960e+00,1.37534276e+03
n096_nu0p005_s20261101,96,0.005,20261101,0.1400,2.76855971e-01,9.22454784e-01,4.61227392e-03,2.58755050e+00,1.31703608e+03
n096_nu0p005_s20261101,96,0.005,20261101,0.1600,2.76682621e-01,9.21081900e-01,4.60540950e-03,2.57406530e+00,1.26344334e+03
n096_nu0p005_s20261101,96,0.005,20261101,0.1800,2.76509768e-01,9.19849835e-01,4.59924918e-03,2.55968677e+00,1.21409350e+03
n096_nu0p005_s20261101,96,0.005,20261101,0.2000,2.76337375e-01,9.18754301e-01,4.59377150e-03,2.54446893e+00,1.16857320e+03
n096_nu0p005_s20261101,96,0.005,20261101,0.2200,2.76165400e-01,9.17791244e-01,4.58895622e-03,2.52846674e+00,1.12652411e+03
n096_nu0p005_s20261101,96,0.005,20261101,0.2400,2.75993806e-01,9.16956858e-01,4.58478429e-03,2.51173581e+00,1.08763507e+03
n096_nu0p005_s20261101,96,0.005,20261101,0.2600,2.75822552e-01,9.16247575e-01,4.58123787e-03,2.49616221e+00,1.05163111e+03
n096_nu0p005_s20261101,96,0.005,20261101,0.2800,2.75651601e-01,9.15660059e-01,4.57830029e-03,2.48429636e+00,1.01826345e+03
n096_nu0p005_s20261101,96,0.005,20261101,0.3000,2.75480916e-01,9.15191222e-01,4.57595611e-03,2.47229697e+00,9.87303713e+02
n096_nu0p005_s20261101,96,0.005,20261101,0.3200,2.75310461e-01,9.14838259e-01,4.57419130e-03,2.45970595e+00,9.58542499e+02
n096_nu0p005_s20261101,96,0.005,20261101,0.3400,2.75140204e-01,9.14598687e-01,4.57299344e-03,2.44654418e+00,9.31790810e+02
n096_nu0p005_s20261101,96,0.005,20261101,0.3600,2.74970115e-01,9.14470380e-01,4.57235190e-03,2.43283215e+00,9.06881702e+02
n096_nu0p005_s20261101,96,0.005,20261101,0.3800,2.74800163e-01,9.14451576e-01,4.57225788e-03,2.41859014e+00,8.83670594e+02
n096_nu0p005_s20261101,96,0.005,20261101,0.4000,2.74630323e-01,9.14540855e-01,4.57270428e-03,2.41047522e+00,8.62033691e+02
n096_nu0p005_s20261101,96,0.005,20261101,0.4200,2.74460570e-01,9.14737086e-01,4.57368543e-03,2.40497541e+00,8.41864960e+02
n096_nu0p005_s20261101,96,0.005,20261101,0.4400,2.74290880e-01,9.15039354e-01,4.57519677e-03,2.39784383e+00,8.23072390e+02
n096_nu0p005_s20261101,96,0.005,20261101,0.4600,2.74121231e-01,9.15446880e-01,4.57723440e-03,2.38908833e+00,8.05574270e+02
n096_nu0p005_s20261101,96,0.005,20261101,0.4800,2.73951600e-01,9.15958941e-01,4.57979471e-03,2.37873462e+00,7.89295976e+02
n096_nu0p005_s20261101,96,0.005,20261101,0.5000,2.73781965e-01,9.16574805e-01,4.58287403e-03,2.36682476e+00,7.74167583e+02
n096_nu0p005_s20261101,96,0.005,20261101,0.5200,2.73612304e-01,9.17293687e-01,4.58646844e-03,2.35341526e+00,7.60122372e+02
n096_nu0p005_s20261101,96,0.005,20261101,0.5400,2.73442593e-01,9.18114725e-01,4.59057363e-03,2.33857513e+00,7.47096172e+02
n096_nu0p005_s20261101,96,0.005,20261101,0.5600,2.73272808e-01,9.19036979e-01,4.59518489e-03,2.32914470e+00,7.35027339e+02
n096_nu0p005_s20261101,96,0.005,20261101,0.5800,2.73102927e-01,9.20059444e-01,4.60029722e-03,2.32083268e+00,7.23857137e+02
n096_nu0p005_s20261101,96,0.005,20261101,0.6000,2.72932923e-01,9.21181078e-01,4.60590539e-03,2.31091335e+00,7.13530236e+02
n096_nu0p005_s20261101,96,0.005,20261101,0.6200,2.72762775e-01,9.22400834e-01,4.61200417e-03,2.29942194e+00,7.03995123e+02
n096_nu0p005_s20261101,96,0.005,20261101,0.6400,2.72592457e-01,9.23717689e-01,4.61858844e-03,2.28640984e+00,6.95204274e+02
n096_nu0p005_s20261101,96,0.005,20261101,0.6600,2.72421947e-01,9.25130677e-01,4.62565338e-03,2.27194224e+00,6.87114069e+02
n096_nu0p005_s20261101,96,0.005,20261101,0.6800,2.72251221e-01,9.26638909e-01,4.63319455e-03,2.25609565e+00,6.79684521e+02
n096_nu0p005_s20261101,96,0.005,20261101,0.7000,2.72080260e-01,9.28241591e-01,4.64120796e-03,2.23895553e+00,6.72878960e+02
n096_nu0p005_s20261101,96,0.005,20261101,0.7200,2.71909041e-01,9.29938032e-01,4.64969016e-03,2.22437950e+00,6.66663750e+02
n096_nu0p005_s20261101,96,0.005,20261101,0.7400,2.71737547e-01,9.31727647e-01,4.65863824e-03,2.21302069e+00,6.61008085e+02
n096_nu0p005_s20261101,96,0.005,20261101,0.7600,2.71565757e-01,9.33609957e-01,4.66804978e-03,2.20012919e+00,6.55883821e+02
n096_nu0p005_s20261101,96,0.005,20261101,0.7800,2.71393657e-01,9.35584582e-01,4.67792291e-03,2.18577699e+00,6.51265299e+02
n096_nu0p005_s20261101,96,0.005,20261101,0.8000,2.71221230e-01,9.37651238e-01,4.68825619e-03,2.17194561e+00,6.47129168e+02
n096_nu0p005_s20261101,96,0.005,20261101,0.8200,2.71048461e-01,9.39809724e-01,4.69904862e-03,2.15776773e+00,6.43454220e+02
n096_nu0p005_s20261101,96,0.005,20261101,0.8400,2.70875336e-01,9.42059911e-01,4.71029955e-03,2.14231972e+00,6.40221289e+02
n096_nu0p005_s20261101,96,0.005,20261101,0.8600,2.70701842e-01,9.44401736e-01,4.72200868e-03,2.12567213e+00,6.37413236e+02
n096_nu0p005_s20261101,96,0.005,20261101,0.8800,2.70527968e-01,9.46835189e-01,4.73417595e-03,2.10790209e+00,6.35014985e+02
n096_nu0p005_s20261101,96,0.005,20261101,0.9000,2.70353701e-01,9.49360302e-01,4.74680151e-03,2.09084991e+00,6.33013541e+02
n096_nu0p005_s20261101,96,0.005,20261101,0.9200,2.70179031e-01,9.51977140e-01,4.75988570e-03,2.07821868e+00,6.31397925e+02
n096_nu0p005_s20261101,96,0.005,20261101,0.9400,2.70003946e-01,9.54685790e-01,4.77342895e-03,2.06423257e+00,6.30158971e+02
n096_nu0p005_s20261101,96,0.005,20261101,0.9600,2.69828436e-01,9.57486355e-01,4.78743178e-03,2.04896149e+00,6.29288992e+02
n096_nu0p005_s20261101,96,0.005,20261101,0.9800,2.69652491e-01,9.60378943e-01,4.80189472e-03,2.03248390e+00,6.28781365e+02
n096_nu0p005_s20261101,96,0.005,20261101,1.0000,2.69476099e-01,9.63363664e-01,4.81681832e-03,2.01488448e+00,6.28630121e+02
n096_nu0p005_s20261101,96,0.005,20261101,1.0200,2.69299251e-01,9.66440622e-01,4.83220311e-03,1.99625205e+00,6.28829602e+02
n096_nu0p005_s20261101,96,0.005,20261101,1.0400,2.69121936e-01,9.69609909e-01,4.84804955e-03,1.97667770e+00,6.29374210e+02
n096_nu0p005_s20261101,96,0.005,20261101,1.0600,2.68944142e-01,9.72871609e-01,4.86435804e-03,1.96676621e+00,6.30258228e+02
n096_nu0p005_s20261101,96,0.005,20261101,1.0800,2.68765859e-01,9.76225788e-01,4.88112894e-03,1.96237977e+00,6.31475664e+02
n096_nu0p005_s20261101,96,0.005,20261101,1.1000,2.68587075e-01,9.79672498e-01,4.89836249e-03,1.95744917e+00,6.33020072e+02
n096_nu0p005_s20261101,96,0.005,20261101,1.1200,2.68407778e-01,9.83211779e-01,4.91605890e-03,1.95200910e+00,6.34884379e+02
n096_nu0p005_s20261101,96,0.005,20261101,1.1400,2.68227957e-01,9.86843656e-01,4.93421828e-03,1.94908567e+00,6.37060762e+02
n096_nu0p005_s20261101,96,0.005,20261101,1.1600,2.68047599e-01,9.90568145e-01,4.95284073e-03,1.94695583e+00,6.39540676e+02
n096_nu0p005_s20261101,96,0.005,20261101,1.1800,2.67866691e-01,9.94385254e-01,4.97192627e-03,1.94416549e+00,6.42315084e+02
n096_nu0p005_s20261101,96,0.005,20261101,1.2000,2.67685222e-01,9.98294985e-01,4.99147492e-03,1.94075958e+00,6.45374911e+02
n096_nu0p005_s20261101,96,0.005,20261101,1.2200,2.67503179e-01,1.00229734e+00,5.01148668e-03,1.93678691e+00,6.48711630e+02
n096_nu0p005_s20261101,96,0.005,20261101,1.2400,2.67320548e-01,1.00639230e+00,5.03196152e-03,1.94093324e+00,6.52317877e+02
n096_nu0p005_s20261101,96,0.005,20261101,1.2600,2.67137317e-01,1.01057988e+00,5.05289941e-03,1.95709839e+00,6.56187964e+02
n096_nu0p005_s20261101,96,0.005,20261101,1.2800,2.66953474e-01,1.01486006e+00,5.07430032e-03,1.97120182e+00,6.60318205e+02
n096_nu0p005_s20261101,96,0.005,20261101,1.3000,2.66769004e-01,1.01923284e+00,5.09616420e-03,1.98327045e+00,6.64707030e+02
n096_nu0p005_s20261101,96,0.005,20261101,1.3200,2.66583895e-01,1.02369820e+00,5.11849099e-03,1.99336275e+00,6.69354910e+02
n096_nu0p005_s20261101,96,0.005,20261101,1.3400,2.66398135e-01,1.02825612e+00,5.14128062e-03,2.00283615e+00,6.74264170e+02
n096_nu0p005_s20261101,96,0.005,20261101,1.3600,2.66211710e-01,1.03290659e+00,5.16453297e-03,2.02217012e+00,6.79438723e+02
n096_nu0p005_s20261101,96,0.005,20261101,1.3800,2.66024608e-01,1.03764958e+00,5.18824792e-03,2.04299670e+00,6.84883785e+02
n096_nu0p005_s20261101,96,0.005,20261101,1.4000,2.65836815e-01,1.04248506e+00,5.21242532e-03,2.06210019e+00,6.90605569e+02
n096_nu0p005_s20261101,96,0.005,20261101,1.4200,2.65648321e-01,1.04741300e+00,5.23706499e-03,2.07949671e+00,6.96610943e+02
n096_nu0p005_s20261101,96,0.005,20261101,1.4400,2.65459111e-01,1.05243334e+00,5.26216672e-03,2.09522269e+00,7.02907042e+02
n096_nu0p005_s20261101,96,0.005,20261101,1.4600,2.65269174e-01,1.05754605e+00,5.28773026e-03,2.11350664e+00,7.09500841e+02
n096_nu0p005_s20261101,96,0.005,20261101,1.4800,2.65078498e-01,1.06275107e+00,5.31375535e-03,2.14001861e+00,7.16398736e+02
n096_nu0p005_s20261101,96,0.005,20261101,1.5000,2.64887071e-01,1.06804834e+00,5.34024168e-03,2.16486582e+00,7.23606177e+02
n096_nu0p005_s20261101,96,0.005,20261101,1.5200,2.64694880e-01,1.07343778e+00,5.36718891e-03,2.18797342e+00,7.31127442e+02
n096_nu0p005_s20261101,96,0.005,20261101,1.5400,2.64501915e-01,1.07891934e+00,5.39459668e-03,2.20987184e+00,7.38965607e+02
n096_nu0p005_s20261101,96,0.005,20261101,1.5600,2.64308163e-01,1.08449291e+00,5.42246456e-03,2.23020983e+00,7.47122742e+02
n096_nu0p005_s20261101,96,0.005,20261101,1.5800,2.64113614e-01,1.09015842e+00,5.45079211e-03,2.24870565e+00,7.55600328e+02
n096_nu0p005_s20261101,96,0.005,20261101,1.6000,2.63918256e-01,1.09591576e+00,5.47957882e-03,2.26536705e+00,7.64399835e+02
n096_nu0p005_s20261101,96,0.005,20261101,1.6200,2.63722080e-01,1.10176483e+00,5.50882415e-03,2.28022851e+00,7.73523397e+02
n096_nu0p005_s20261101,96,0.005,20261101,1.6400,2.63525073e-01,1.10770550e+00,5.53852750e-03,2.29374645e+00,7.82974465e+02
n096_nu0p005_s20261101,96,0.005,20261101,1.6600,2.63327227e-01,1.11373765e+00,5.56868824e-03,2.32043441e+00,7.92758371e+02
n096_nu0p005_s20261101,96,0.005,20261101,1.6800,2.63128531e-01,1.11986113e+00,5.59930565e-03,2.34541476e+00,8.02882717e+02
n096_nu0p005_s20261101,96,0.005,20261101,1.7000,2.62928975e-01,1.12607579e+00,5.63037896e-03,2.36866662e+00,8.13357555e+02
n096_nu0p005_s20261101,96,0.005,20261101,1.7200,2.62728550e-01,1.13238146e+00,5.66190732e-03,2.39019023e+00,8.24195346e+02
n096_nu0p005_s20261101,96,0.005,20261101,1.7400,2.62527248e-01,1.13877796e+00,5.69388978e-03,2.41000709e+00,8.35410726e+02
n096_nu0p005_s20261101,96,0.005,20261101,1.7600,2.62325059e-01,1.14526506e+00,5.72632532e-03,2.42815933e+00,8.47020113e+02
n096_nu0p005_s20261101,96,0.005,20261101,1.7800,2.62121974e-01,1.15184256e+00,5.75921280e-03,2.44471655e+00,8.59041229e+02
n096_nu0p005_s20261101,96,0.005,20261101,1.8000,2.61917986e-01,1.15851019e+00,5.79255095e-03,2.46046082e+00,8.71492593e+02
n096_nu0p005_s20261101,96,0.005,20261101,1.8200,2.61713087e-01,1.16526768e+00,5.82633839e-03,2.47474258e+00,8.84393069e+02
n096_nu0p005_s20261101,96,0.005,20261101,1.8400,2.61507270e-01,1.17211472e+00,5.86057359e-03,2.49064572e+00,8.97761527e+02
n096_nu0p005_s20261101,96,0.005,20261101,1.8600,2.61300526e-01,1.17905098e+00,5.89525488e-03,2.51680047e+00,9.11616664e+02
n096_nu0p005_s20261101,96,0.005,20261101,1.8800,2.61092849e-01,1.18607609e+00,5.93038043e-03,2.54175777e+00,9.25977030e+02
n096_nu0p005_s20261101,96,0.005,20261101,1.9000,2.60884232e-01,1.19318965e+00,5.96594826e-03,2.56504381e+00,9.40861273e+02
n096_nu0p005_s20261101,96,0.005,20261101,1.9200,2.60674669e-01,1.20039124e+00,6.00195620e-03,2.58667929e+00,9.56288593e+02
n096_nu0p005_s20261101,96,0.005,20261101,1.9400,2.60464154e-01,1.20768039e+00,6.03840194e-03,2.60669953e+00,9.72279374e+02
n096_nu0p005_s20261101,96,0.005,20261101,1.9600,2.60252680e-01,1.21505660e+00,6.07528298e-03,2.62515310e+00,9.88855955e+02
n096_nu0p005_s20261101,96,0.005,20261101,1.9800,2.60040242e-01,1.22251933e+00,6.11259665e-03,2.64210006e+00,1.00604347e+03
n096_nu0p005_s20261101,96,0.005,20261101,2.0000,2.59826835e-01,1.23006802e+00,6.15034008e-03,2.65760968e+00,1.02387066e+03
n096_nu0p005_s20261101,96,0.005,20261101,2.0200,2.59612453e-01,1.23770205e+00,6.18851025e-03,2.67231884e+00,1.04237064e+03
n096_nu0p005_s20261101,96,0.005,20261101,2.0400,2.59397092e-01,1.24542078e+00,6.22710390e-03,2.69072502e+00,1.06158146e+03
n096_nu0p005_s20261101,96,0.005,20261101,2.0600,2.59180747e-01,1.25322353e+00,6.26611763e-03,2.71384948e+00,1.08154647e+03
n096_nu0p005_s20261101,96,0.005,20261101,2.0800,2.58963412e-01,1.26110956e+00,6.30554779e-03,2.73805456e+00,1.10231441e+03
n096_nu0p005_s20261101,96,0.005,20261101,2.1000,2.58745085e-01,1.26907811e+00,6.34539056e-03,2.76321186e+00,1.12393923e+03
n096_nu0p005_s20261101,96,0.005,20261101,2.1200,2.58525760e-01,1.27712838e+00,6.38564189e-03,2.79001327e+00,1.14647960e+03
n096_nu0p005_s20261101,96,0.005,20261101,2.1400,2.58305434e-01,1.28525951e+00,6.42629753e-03,2.81486326e+00,1.16999816e+03
n096_nu0p005_s20261101,96,0.005,20261101,2.1600,2.58084102e-01,1.29347060e+00,6.46735298e-03,2.83772516e+00,1.19456054e+03
n096_nu0p005_s20261101,96,0.005,20261101,2.1800,2.57861762e-01,1.30176071e+00,6.50880356e-03,2.86232725e+00,1.22023429e+03
n096_nu0p005_s20261101,96,0.005,20261101,2.2000,2.57638408e-01,1.31012887e+00,6.55064434e-03,2.88723628e+00,1.24708761e+03
n096_nu0p005_s20261101,96,0.005,20261101,2.2200,2.57414039e-01,1.31857404e+00,6.59287018e-03,2.91166088e+00,1.27518819e+03
n096_nu0p005_s20261101,96,0.005,20261101,2.2400,2.57188650e-01,1.32709514e+00,6.63547572e-03,2.93486903e+00,1.30460199e+03
n096_nu0p005_s20261101,96,0.005,20261101,2.2600,2.56962239e-01,1.33569108e+00,6.67845540e-03,2.95690751e+00,1.33539224e+03
n096_nu0p005_s20261101,96,0.005,20261101,2.2800,2.56734801e-01,1.34436069e+00,6.72180345e-03,2.97783454e+00,1.36761852e+03
n096_nu0p005_s20261101,96,0.005,20261101,2.3000,2.56506334e-01,1.35310278e+00,6.76551392e-03,3.01753931e+00,1.40133615e+03
n096_nu0p005_s20261101,96,0.005,20261101,2.3200,2.56276834e-01,1.36191614e+00,6.80958069e-03,3.06014678e+00,1.43659564e+03
n096_nu0p005_s20261101,96,0.005,20261101,2.3400,2.56046299e-01,1.37079949e+00,6.85399746e-03,3.10188879e+00,1.47344252e+03
n096_nu0p005_s20261101,96,0.005,20261101,2.3600,2.55814725e-01,1.37975156e+00,6.89875780e-03,3.14275152e+00,1.51191725e+03
n096_nu0p005_s20261101,96,0.005,20261101,2.3800,2.55582110e-01,1.38877103e+00,6.94385515e-03,3.18273151e+00,1.55205532e+03
n096_nu0p005_s20261101,96,0.005,20261101,2.4000,2.55348451e-01,1.39785656e+00,6.98928282e-03,3.22183553e+00,1.59388753e+03
n096_nu0p005_s20261101,96,0.005,20261101,2.4200,2.55113744e-01,1.40700681e+00,7.03503405e-03,3.26008023e+00,1.63744028e+03
n096_nu0p005_s20261101,96,0.005,20261101,2.4400,2.54877987e-01,1.41622039e+00,7.08110195e-03,3.29749176e+00,1.68273599e+03
n096_nu0p005_s20261101,96,0.005,20261101,2.4600,2.54641176e-01,1.42549592e+00,7.12747960e-03,3.33507499e+00,1.72979344e+03
n096_nu0p005_s20261101,96,0.005,20261101,2.4800,2.54403309e-01,1.43483200e+00,7.17415998e-03,3.37262713e+00,1.77862819e+03
n096_nu0p005_s20261101,96,0.005,20261101,2.5000,2.54164383e-01,1.44422721e+00,7.22113603e-03,3.40952714e+00,1.82925287e+03
n096_nu0p005_s20261101,96,0.005,20261101,2.5200,2.53924394e-01,1.45368013e+00,7.26840066e-03,3.44582631e+00,1.88167751e+03
n096_nu0p005_s20261101,96,0.005,20261101,2.5400,2.53683340e-01,1.46318934e+00,7.31594671e-03,3.48158232e+00,1.93590968e+03
n096_nu0p005_s20261101,96,0.005,20261101,2.5600,2.53441218e-01,1.47275340e+00,7.36376701e-03,3.51685849e+00,1.99195471e+03
n096_nu0p005_s20261101,96,0.005,20261101,2.5800,2.53198024e-01,1.48237087e+00,7.41185435e-03,3.55172304e+00,2.04981578e+03
n096_nu0p005_s20261101,96,0.005,20261101,2.6000,2.52953754e-01,1.49204030e+00,7.46020149e-03,3.58624831e+00,2.10949400e+03
n096_nu0p005_s20261101,96,0.005,20261101,2.6200,2.52708406e-01,1.50176024e+00,7.50880118e-03,3.62051007e+00,2.17098844e+03
n096_nu0p005_s20261101,96,0.005,20261101,2.6400,2.52461976e-01,1.51152923e+00,7.55764614e-03,3.65924545e+00,2.23429628e+03
n096_nu0p005_s20261101,96,0.005,20261101,2.6600,2.52214460e-01,1.52134582e+00,7.60672910e-03,3.69973271e+00,2.29941281e+03
n096_nu0p005_s20261101,96,0.005,20261101,2.6800,2.51965855e-01,1.53120855e+00,7.65604277e-03,3.74080992e+00,2.36633163e+03
n096_nu0p005_s20261101,96,0.005,20261101,2.7000,2.51716156e-01,1.54111597e+00,7.70557985e-03,3.78253094e+00,2.43504482e+03
n096_nu0p005_s20261101,96,0.005,20261101,2.7200,2.51465360e-01,1.55106662e+00,7.75533308e-03,3.82494881e+00,2.50554320e+03
n096_nu0p005_s20261101,96,0.005,20261101,2.7400,2.51213462e-01,1.56105904e+00,7.80529518e-03,3.86811568e+00,2.57781668e+03
n096_nu0p005_s20261101,96,0.005,20261101,2.7600,2.50960458e-01,1.57109179e+00,7.85545893e-03,3.91208280e+00,2.65185466e+03
n096_nu0p005_s20261101,96,0.005,20261101,2.7800,2.50706343e-01,1.58116343e+00,7.90581713e-03,3.95886750e+00,2.72764651e+03
n096_nu0p005_s20261101,96,0.005,20261101,2.8000,2.50451114e-01,1.59127253e+00,7.95636263e-03,4.01607202e+00,2.80518214e+03
n096_nu0p005_s20261101,96,0.005,20261101,2.8200,2.50194764e-01,1.60141767e+00,8.00708834e-03,4.07341101e+00,2.88445260e+03
n096_nu0p005_s20261101,96,0.005,20261101,2.8400,2.49937290e-01,1.61159745e+00,8.05798724e-03,4.13094649e+00,2.96545071e+03
n096_nu0p005_s20261101,96,0.005,20261101,2.8600,2.49678685e-01,1.62181048e+00,8.10905239e-03,4.18874420e+00,3.04817175e+03
n096_nu0p005_s20261101,96,0.005,20261101,2.8800,2.49418946e-01,1.63205539e+00,8.16027696e-03,4.24687308e+00,3.13261416e+03
n096_nu0p005_s20261101,96,0.005,20261101,2.9000,2.49158067e-01,1.64233084e+00,8.21165422e-03,4.30540477e+00,3.21878017e+03
n096_nu0p005_s20261101,96,0.005,20261101,2.9200,2.48896042e-01,1.65263551e+00,8.26317753e-03,4.36441300e+00,3.30667653e+03
n096_nu0p005_s20261101,96,0.005,20261101,2.9400,2.48632866e-01,1.66296808e+00,8.31484041e-03,4.42397304e+00,3.39631507e+03
n096_nu0p005_s20261101,96,0.005,20261101,2.9600,2.48368534e-01,1.67332730e+00,8.36663650e-03,4.48416109e+00,3.48771336e+03
n096_nu0p005_s20261101,96,0.005,20261101,2.9800,2.48103039e-01,1.68371192e+00,8.41855958e-03,4.54505365e+00,3.58089523e+03
n096_nu0p005_s20261101,96,0.005,20261101,3.0000,2.47836377e-01,1.69412072e+00,8.47060358e-03,4.60672687e+00,3.67589128e+03
n096_nu0p005_s20261101,96,0.005,20261101,3.0200,2.47568541e-01,1.70455251e+00,8.52276257e-03,4.66925599e+00,3.77273930e+03
n096_nu0p005_s20261101,96,0.005,20261101,3.0400,2.47299526e-01,1.71500616e+00,8.57503081e-03,4.73271467e+00,3.87148474e+03
n096_nu0p005_s20261101,96,0.005,20261101,3.0600,2.47029326e-01,1.72548054e+00,8.62740269e-03,4.79717440e+00,3.97218100e+03
n096_nu0p005_s20261101,96,0.005,20261101,3.0800,2.46757936e-01,1.73597456e+00,8.67987278e-03,4.86344311e+00,4.07488976e+03
n096_nu0p005_s20261101,96,0.005,20261101,3.1000,2.46485348e-01,1.74648716e+00,8.73243579e-03,4.93113723e+00,4.17968124e+03
n096_nu0p005_s20261101,96,0.005,20261101,3.1200,2.46211559e-01,1.75701733e+00,8.78508664e-03,4.99987769e+00,4.28663441e+03
n096_nu0p005_s20261101,96,0.005,20261101,3.1400,2.45936561e-01,1.76756408e+00,8.83782038e-03,5.06970388e+00,4.39583715e+03
n096_nu0p005_s20261101,96,0.005,20261101,3.1600,2.45660348e-01,1.77812644e+00,8.89063222e-03,5.14064955e+00,4.50738642e+03
n096_nu0p005_s20261101,96,0.005,20261101,3.1800,2.45382916e-01,1.78870351e+00,8.94351756e-03,5.21274240e+00,4.62138825e+03
n096_nu0p005_s20261101,96,0.005,20261101,3.2000,2.45104259e-01,1.79929439e+00,8.99647193e-03,5.28600363e+00,4.73795783e+03
n096_nu0p005_s20261101,96,0.005,20261101,3.2200,2.44824370e-01,1.80989821e+00,9.04949104e-03,5.36044760e+00,4.85721942e+03
n096_nu0p005_s20261101,96,0.005,20261101,3.2400,2.44543244e-01,1.82051415e+00,9.10257073e-03,5.43608147e+00,4.97930624e+03
n096_nu0p005_s20261101,96,0.005,20261101,3.2600,2.44260875e-01,1.83114140e+00,9.15570700e-03,5.51290488e+00,5.10436028e+03
n096_nu0p005_s20261101,96,0.005,20261101,3.2800,2.43977258e-01,1.84177920e+00,9.20889598e-03,5.59090968e+00,5.23253198e+03
n096_nu0p005_s20261101,96,0.005,20261101,3.3000,2.43692387e-01,1.85242679e+00,9.26213393e-03,5.67007959e+00,5.36397985e+03
n096_nu0p005_s20261101,96,0.005,20261101,3.3200,2.43406257e-01,1.86308345e+00,9.31541726e-03,5.75171712e+00,5.49887000e+03
n096_nu0p005_s20261101,96,0.005,20261101,3.3400,2.43118862e-01,1.87374849e+00,9.36874247e-03,5.83531950e+00,5.63737552e+03
n096_nu0p005_s20261101,96,0.005,20261101,3.3600,2.42830197e-01,1.88442124e+00,9.42210618e-03,5.92041448e+00,5.77967579e+03
n096_nu0p005_s20261101,96,0.005,20261101,3.3800,2.42540256e-01,1.89510102e+00,9.47550511e-03,6.00697758e+00,5.92595568e+03
n096_nu0p005_s20261101,96,0.005,20261101,3.4000,2.42249034e-01,1.90578721e+00,9.52893606e-03,6.09497467e+00,6.07640463e+03
n096_nu0p005_s20261101,96,0.005,20261101,3.4200,2.41956525e-01,1.91647918e+00,9.58239592e-03,6.18436141e+00,6.23121565e+03
n096_nu0p005_s20261101,96,0.005,20261101,3.4400,2.41662725e-01,1.92717632e+00,9.63588162e-03,6.27508262e+00,6.39058423e+03
n096_nu0p005_s20261101,96,0.005,20261101,3.4600,2.41367628e-01,1.93787804e+00,9.68939018e-03,6.36707167e+00,6.55470714e+03
n096_nu0p005_s20261101,96,0.005,20261101,3.4800,2.41071228e-01,1.94858373e+00,9.74291863e-03,6.46024980e+00,6.72378120e+03
n096_nu0p005_s20261101,96,0.005,20261101,3.5000,2.40773521e-01,1.95929281e+00,9.79646405e-03,6.56536542e+00,6.89800191e+03
n096_nu0p005_s20261101,96,0.005,20261101,3.5200,2.40474500e-01,1.97000470e+00,9.85002352e-03,6.67466555e+00,7.07756208e+03
n096_nu0p005_s20261101,96,0.005,20261101,3.5400,2.40174161e-01,1.98071883e+00,9.90359414e-03,6.78564686e+00,7.26265039e+03
n096_nu0p005_s20261101,96,0.005,20261101,3.5600,2.39872497e-01,1.99143460e+00,9.95717299e-03,6.89812377e+00,7.45344985e+03
n096_nu0p005_s20261101,96,0.005,20261101,3.5800,2.39569504e-01,2.00215143e+00,1.00107571e-02,7.01188050e+00,7.65013626e+03
n096_nu0p005_s20261101,96,0.005,20261101,3.6000,2.39265176e-01,2.01286872e+00,1.00643436e-02,7.12666929e+00,7.85287667e+03
n096_nu0p005_s20261101,96,0.005,20261101,3.6200,2.38959506e-01,2.02358588e+00,1.01179294e-02,7.24220871e+00,8.06182773e+03
n096_nu0p005_s20261101,96,0.005,20261101,3.6400,2.38652488e-01,2.03430229e+00,1.01715115e-02,7.35818211e+00,8.27713411e+03
n096_nu0p005_s20261101,96,0.005,20261101,3.6600,2.38344118e-01,2.04501733e+00,1.02250866e-02,7.47423630e+00,8.49892689e+03
n096_nu0p005_s20261101,96,0.005,20261101,3.6800,2.38034387e-01,2.05573035e+00,1.02786517e-02,7.58998048e+00,8.72732197e+03
n096_nu0p005_s20261101,96,0.005,20261101,3.7000,2.37723291e-01,2.06644069e+00,1.03322034e-02,7.70498547e+00,8.96241856e+03
n096_nu0p005_s20261101,96,0.005,20261101,3.7200,2.37410821e-01,2.07714768e+00,1.03857384e-02,7.81878339e+00,9.20429765e+03
n096_nu0p005_s20261101,96,0.005,20261101,3.7400,2.37096972e-01,2.08785062e+00,1.04392531e-02,7.93086771e+00,9.45302067e+03
n096_nu0p005_s20261101,96,0.005,20261101,3.7600,2.36781736e-01,2.09854878e+00,1.04927439e-02,8.04069394e+00,9.70862818e+03
n096_nu0p005_s20261101,96,0.005,20261101,3.7800,2.36465106e-01,2.10924143e+00,1.05462072e-02,8.14768078e+00,9.97113870e+03
n096_nu0p005_s20261101,96,0.005,20261101,3.8000,2.36147074e-01,2.11992780e+00,1.05996390e-02,8.26302744e+00,1.02405477e+04
n096_nu0p005_s20261101,96,0.005,20261101,3.8200,2.35827633e-01,2.13060707e+00,1.06530354e-02,8.37762727e+00,1.05168266e+04
n096_nu0p005_s20261101,96,0.005,20261101,3.8400,2.35506773e-01,2.14127844e+00,1.07063922e-02,8.48822812e+00,1.07999224e+04
n096_nu0p005_s20261101,96,0.005,20261101,3.8600,2.35184487e-01,2.15194103e+00,1.07597052e-02,8.59404292e+00,1.10897566e+04
n096_nu0p005_s20261101,96,0.005,20261101,3.8800,2.34860766e-01,2.16259398e+00,1.08129699e-02,8.69424868e+00,1.13862255e+04
n096_nu0p005_s20261101,96,0.005,20261101,3.9000,2.34535601e-01,2.17323634e+00,1.08661817e-02,8.78799246e+00,1.16891995e+04
n096_nu0p005_s20261101,96,0.005,20261101,3.9200,2.34208983e-01,2.18386718e+00,1.09193359e-02,8.87439863e+00,1.19985232e+04
n096_nu0p005_s20261101,96,0.005,20261101,3.9400,2.33880901e-01,2.19448551e+00,1.09724276e-02,8.96834197e+00,1.23140158e+04
n096_nu0p005_s20261101,96,0.005,20261101,3.9600,2.33551345e-01,2.20509030e+00,1.10254515e-02,9.12333514e+00,1.26354715e+04
n096_nu0p005_s20261101,96,0.005,20261101,3.9800,2.33220306e-01,2.21568049e+00,1.10784025e-02,9.27705911e+00,1.29626596e+04
n096_nu0p005_s20261101,96,0.005,20261101,4.0000,2.32887772e-01,2.22625499e+00,1.11312749e-02,9.42884266e+00,1.32953258e+04
n096_nu0p005_s20261101,96,0.005,20261101,4.0200,2.32553732e-01,2.23681265e+00,1.11840632e-02,9.57797472e+00,1.36331927e+04
n096_nu0p005_s20261101,96,0.005,20261101,4.0400,2.32218176e-01,2.24735230e+00,1.12367615e-02,9.73018248e+00,1.39759610e+04
n096_nu0p005_s20261101,96,0.005,20261101,4.0600,2.31881090e-01,2.25787273e+00,1.12893636e-02,9.88884106e+00,1.43233107e+04
n096_nu0p005_s20261101,96,0.005,20261101,4.0800,2.31542464e-01,2.26837267e+00,1.13418633e-02,1.00429308e+01,1.46749025e+04
n096_nu0p005_s20261101,96,0.005,20261101,4.1000,2.31202284e-01,2.27885082e+00,1.13942541e-02,1.01914942e+01,1.50303796e+04
n096_nu0p005_s20261101,96,0.005,20261101,4.1200,2.30860539e-01,2.28930584e+00,1.14465292e-02,1.03335534e+01,1.53893690e+04
n096_nu0p005_s20261101,96,0.005,20261101,4.1400,2.30517214e-01,2.29973634e+00,1.14986817e-02,1.04681219e+01,1.57514834e+04
n096_nu0p005_s20261101,96,0.005,20261101,4.1600,2.30172297e-01,2.31014088e+00,1.15507044e-02,1.05942165e+01,1.61163233e+04
n096_nu0p005_s20261101,96,0.005,20261101,4.1800,2.29825773e-01,2.32051799e+00,1.16025899e-02,1.07108722e+01,1.64834789e+04
n096_nu0p005_s20261101,96,0.005,20261101,4.2000,2.29477631e-01,2.33086614e+00,1.16543307e-02,1.08171561e+01,1.68525324e+04
n096_nu0p005_s20261101,96,0.005,20261101,4.2200,2.29127854e-01,2.34118376e+00,1.17059188e-02,1.09121833e+01,1.72230597e+04
n096_nu0p005_s20261101,96,0.005,20261101,4.2400,2.28776429e-01,2.35146925e+00,1.17573462e-02,1.09951328e+01,1.75946331e+04
n096_nu0p005_s20261101,96,0.005,20261101,4.2600,2.28423342e-01,2.36172093e+00,1.18086047e-02,1.10786880e+01,1.79668230e+04
n096_nu0p005_s20261101,96,0.005,20261101,4.2800,2.28068578e-01,2.37193712e+00,1.18596856e-02,1.11634366e+01,1.83392003e+04
n096_nu0p005_s20261101,96,0.005,20261101,4.3000,2.27712122e-01,2.38211607e+00,1.19105803e-02,1.12333353e+01,1.87113386e+04
n096_nu0p005_s20261101,96,0.005,20261101,4.3200,2.27353961e-01,2.39225598e+00,1.19612799e-02,1.12876591e+01,1.90828158e+04
n096_nu0p005_s20261101,96,0.005,20261101,4.3400,2.26994078e-01,2.40235504e+00,1.20117752e-02,1.13258284e+01,1.94532164e+04
n096_nu0p005_s20261101,96,0.005,20261101,4.3600,2.26632460e-01,2.41241137e+00,1.20620568e-02,1.13474240e+01,1.98221333e+04
n096_nu0p005_s20261101,96,0.005,20261101,4.3800,2.26269092e-01,2.42242308e+00,1.21121154e-02,1.14380677e+01,2.01891693e+04
n096_nu0p005_s20261101,96,0.005,20261101,4.4000,2.25903960e-01,2.43238822e+00,1.21619411e-02,1.16133738e+01,2.05539388e+04
n096_nu0p005_s20261101,96,0.005,20261101,4.4200,2.25537049e-01,2.44230484e+00,1.22115242e-02,1.17799018e+01,2.09160687e+04
n096_nu0p005_s20261101,96,0.005,20261101,4.4400,2.25168347e-01,2.45217094e+00,1.22608547e-02,1.19367985e+01,2.12752006e+04
n096_nu0p005_s20261101,96,0.005,20261101,4.4600,2.24797838e-01,2.46198448e+00,1.23099224e-02,1.20832867e+01,2.16309906e+04
n096_nu0p005_s20261101,96,0.005,20261101,4.4800,2.24425510e-01,2.47174345e+00,1.23587172e-02,1.22186775e+01,2.19831109e+04
n096_nu0p005_s20261101,96,0.005,20261101,4.5000,2.24051351e-01,2.48144576e+00,1.24072288e-02,1.23423818e+01,2.23312501e+04
n096_nu0p005_s20261101,96,0.005,20261101,4.5200,2.23675347e-01,2.49108935e+00,1.24554468e-02,1.24539189e+01,2.26751135e+04
n096_nu0p005_s20261101,96,0.005,20261101,4.5400,2.23297488e-01,2.50067213e+00,1.25033606e-02,1.25549107e+01,2.30144234e+04
n096_nu0p005_s20261101,96,0.005,20261101,4.5600,2.22917761e-01,2.51019199e+00,1.25509600e-02,1.26590864e+01,2.33489191e+04
n096_nu0p005_s20261101,96,0.005,20261101,4.5800,2.22536157e-01,2.51964685e+00,1.25982343e-02,1.27488433e+01,2.36783567e+04
n096_nu0p005_s20261101,96,0.005,20261101,4.6000,2.22152666e-01,2.52903460e+00,1.26451730e-02,1.28240823e+01,2.40025087e+04
n096_nu0p005_s20261101,96,0.005,20261101,4.6200,2.21767279e-01,2.53835314e+00,1.26917657e-02,1.28848506e+01,2.43211635e+04
n096_nu0p005_s20261101,96,0.005,20261101,4.6400,2.21379987e-01,2.54760037e+00,1.27380019e-02,1.29313334e+01,2.46341253e+04
n096_nu0p005_s20261101,96,0.005,20261101,4.6600,2.20990782e-01,2.55677422e+00,1.27838711e-02,1.29638429e+01,2.49412132e+04
n096_nu0p005_s20261101,96,0.005,20261101,4.6800,2.20599659e-01,2.56587259e+00,1.28293629e-02,1.29828024e+01,2.52422607e+04
n096_nu0p005_s20261101,96,0.005,20261101,4.7000,2.20206611e-01,2.57489343e+00,1.28744672e-02,1.29887291e+01,2.55371153e+04
n096_nu0p005_s20261101,96,0.005,20261101,4.7200,2.19811634e-01,2.58383469e+00,1.29191735e-02,1.29822146e+01,2.58256385e+04
n096_nu0p005_s20261101,96,0.005,20261101,4.7400,2.19414722e-01,2.59269435e+00,1.29634717e-02,1.29639044e+01,2.61077048e+04
n096_nu0p005_s20261101,96,0.005,20261101,4.7600,2.19015874e-01,2.60147038e+00,1.30073519e-02,1.29344774e+01,2.63832021e+04
n096_nu0p005_s20261101,96,0.005,20261101,4.7800,2.18615086e-01,2.61016080e+00,1.30508040e-02,1.28946260e+01,2.66520317e+04
n096_nu0p005_s20261101,96,0.005,20261101,4.8000,2.18212357e-01,2.61876363e+00,1.30938182e-02,1.28450379e+01,2.69141079e+04
n096_nu0p005_s20261101,96,0.005,20261101,4.8200,2.17807687e-01,2.62727694e+00,1.31363847e-02,1.28031060e+01,2.71693589e+04
n096_nu0p005_s20261101,96,0.005,20261101,4.8400,2.17401076e-01,2.63569879e+00,1.31784939e-02,1.28148876e+01,2.74177263e+04
n096_nu0p005_s20261101,96,0.005,20261101,4.8600,2.16992525e-01,2.64402729e+00,1.32201364e-02,1.28150613e+01,2.76591657e+04
n096_nu0p005_s20261101,96,0.005,20261101,4.8800,2.16582036e-01,2.65226056e+00,1.32613028e-02,1.29078049e+01,2.78936471e+04
n096_nu0p005_s20261101,96,0.005,20261101,4.9000,2.16169612e-01,2.66039675e+00,1.33019837e-02,1.29887905e+01,2.81211541e+04
n096_nu0p005_s20261101,96,0.005,20261101,4.9200,2.15755257e-01,2.66843403e+00,1.33421702e-02,1.30580657e+01,2.83416846e+04
n096_nu0p005_s20261101,96,0.005,20261101,4.9400,2.15338974e-01,2.67637061e+00,1.33818530e-02,1.31158703e+01,2.85552502e+04
n096_nu0p005_s20261101,96,0.005,20261101,4.9600,2.14920770e-01,2.68420470e+00,1.34210235e-02,1.31624730e+01,2.87618756e+04
n096_nu0p005_s20261101,96,0.005,20261101,4.9800,2.14500651e-01,2.69193455e+00,1.34596728e-02,1.31981619e+01,2.89615979e+04
n096_nu0p005_s20261101,96,0.005,20261101,5.0000,2.14078623e-01,2.69955843e+00,1.34977921e-02,1.32232362e+01,2.91544660e+04
