family,i,j,r_center,q_center,pdf
DNS96_t4,0,48,-2.9508,1.7705,7.53251065e-03
DNS96_t4,0,49,-2.9508,1.8689,7.53251065e-03
DNS96_t4,0,51,-2.9508,2.0656,7.53251065e-03
DNS96_t4,0,58,-2.9508,2.7541,7.53251065e-03
DNS96_t4,1,47,-2.8525,1.6721,7.53251065e-03
DNS96_t4,1,49,-2.8525,1.8689,7.53251065e-03
DNS96_t4,1,51,-2.8525,2.0656,7.53251065e-03
DNS96_t4,1,52,-2.8525,2.1639,7.53251065e-03
DNS96_t4,1,59,-2.8525,2.8525,7.53251065e-03
DNS96_t4,1,60,-2.8525,2.9508,7.53251065e-03
DNS96_t4,2,45,-2.7541,1.4754,7.53251065e-03
DNS96_t4,2,52,-2.7541,2.1639,7.53251065e-03
DNS96_t4,2,53,-2.7541,2.2623,7.53251065e-03
DNS96_t4,3,50,-2.6557,1.9672,7.53251065e-03
DNS96_t4,3,52,-2.6557,2.1639,7.53251065e-03
DNS96_t4,3,53,-2.6557,2.2623,7.53251065e-03
DNS96_t4,3,58,-2.6557,2.7541,7.53251065e-03
DNS96_t4,4,35,-2.5574,0.4918,7.53251065e-03
DNS96_t4,4,41,-2.5574,1.0820,7.53251065e-03
DNS96_t4,4,48,-2.5574,1.7705,7.53251065e-03
DNS96_t4,4,50,-2.5574,1.9672,1.50650213e-02
DNS96_t4,4,51,-2.5574,2.0656,7.53251065e-03
DNS96_t4,4,52,-2.5574,2.1639,7.53251065e-03
DNS96_t4,4,55,-2.5574,2.4590,7.53251065e-03
DNS96_t4,4,58,-2.5574,2.7541,7.53251065e-03
DNS96_t4,5,41,-2.4590,1.0820,7.53251065e-03
DNS96_t4,5,46,-2.4590,1.5738,7.53251065e-03
DNS96_t4,5,48,-2.4590,1.7705,7.53251065e-03
DNS96_t4,5,50,-2.4590,1.9672,7.53251065e-03
DNS96_t4,5,51,-2.4590,2.0656,7.53251065e-03
DNS96_t4,5,53,-2.4590,2.2623,7.53251065e-03
DNS96_t4,5,57,-2.4590,2.6557,7.53251065e-03
DNS96_t4,5,58,-2.4590,2.7541,7.53251065e-03
DNS96_t4,6,35,-2.3607,0.4918,7.53251065e-03
DNS96_t4,6,37,-2.3607,0.6885,7.53251065e-03
DNS96_t4,6,41,-2.3607,1.0820,7.53251065e-03
DNS96_t4,6,42,-2.3607,1.1803,7.53251065e-03
DNS96_t4,6,49,-2.3607,1.8689,7.53251065e-03
DNS96_t4,6,50,-2.3607,1.9672,7.53251065e-03
DNS96_t4,6,52,-2.3607,2.1639,1.50650213e-02
DNS96_t4,7,37,-2.2623,0.6885,7.53251065e-03
DNS96_t4,7,42,-2.2623,1.1803,7.53251065e-03
DNS96_t4,7,46,-2.2623,1.5738,7.53251065e-03
DNS96_t4,7,47,-2.2623,1.6721,7.53251065e-03
DNS96_t4,7,48,-2.2623,1.7705,1.50650213e-02
DNS96_t4,7,51,-2.2623,2.0656,7.53251065e-03
DNS96_t4,7,59,-2.2623,2.8525,7.53251065e-03
DNS96_t4,8,39,-2.1639,0.8852,1.50650213e-02
DNS96_t4,8,43,-2.1639,1.2787,1.50650213e-02
DNS96_t4,8,48,-2.1639,1.7705,7.53251065e-03
DNS96_t4,8,51,-2.1639,2.0656,1.50650213e-02
DNS96_t4,8,57,-2.1639,2.6557,7.53251065e-03
DNS96_t4,8,59,-2.1639,2.8525,7.53251065e-03
DNS96_t4,8,60,-2.1639,2.9508,7.53251065e-03
DNS96_t4,9,39,-2.0656,0.8852,7.53251065e-03
DNS96_t4,9,40,-2.0656,0.9836,7.53251065e-03
DNS96_t4,9,43,-2.0656,1.2787,7.53251065e-03
DNS96_t4,9,46,-2.0656,1.5738,7.53251065e-03
DNS96_t4,9,52,-2.0656,2.1639,1.50650213e-02
DNS96_t4,9,56,-2.0656,2.5574,7.53251065e-03
DNS96_t4,9,57,-2.0656,2.6557,7.53251065e-03
DNS96_t4,9,58,-2.0656,2.7541,7.53251065e-03
DNS96_t4,10,39,-1.9672,0.8852,7.53251065e-03
DNS96_t4,10,43,-1.9672,1.2787,1.50650213e-02
DNS96_t4,10,44,-1.9672,1.3770,7.53251065e-03
DNS96_t4,10,47,-1.9672,1.6721,7.53251065e-03
DNS96_t4,10,48,-1.9672,1.7705,7.53251065e-03
DNS96_t4,10,50,-1.9672,1.9672,7.53251065e-03
DNS96_t4,10,51,-1.9672,2.0656,7.53251065e-03
DNS96_t4,10,52,-1.9672,2.1639,7.53251065e-03
DNS96_t4,10,56,-1.9672,2.5574,7.53251065e-03
DNS96_t4,11,40,-1.8689,0.9836,7.53251065e-03
DNS96_t4,11,41,-1.8689,1.0820,7.53251065e-03
DNS96_t4,11,51,-1.8689,2.0656,7.53251065e-03
DNS96_t4,11,53,-1.8689,2.2623,7.53251065e-03
DNS96_t4,12,29,-1.7705,-0.0984,7.53251065e-03
DNS96_t4,12,42,-1.7705,1.1803,2.25975319e-02
DNS96_t4,12,43,-1.7705,1.2787,7.53251065e-03
DNS96_t4,12,44,-1.7705,1.3770,7.53251065e-03
DNS96_t4,12,45,-1.7705,1.4754,7.53251065e-03
DNS96_t4,12,46,-1.7705,1.5738,7.53251065e-03
DNS96_t4,12,49,-1.7705,1.8689,7.53251065e-03
DNS96_t4,12,51,-1.7705,2.0656,1.50650213e-02
DNS96_t4,12,58,-1.7705,2.7541,7.53251065e-03
DNS96_t4,13,30,-1.6721,0.0000,7.53251065e-03
DNS96_t4,13,31,-1.6721,0.0984,7.53251065e-03
DNS96_t4,13,34,-1.6721,0.3934,7.53251065e-03
DNS96_t4,13,39,-1.6721,0.8852,7.53251065e-03
DNS96_t4,13,40,-1.6721,0.9836,1.50650213e-02
DNS96_t4,13,42,-1.6721,1.1803,7.53251065e-03
DNS96_t4,13,45,-1.6721,1.4754,7.53251065e-03
DNS96_t4,13,47,-1.6721,1.6721,7.53251065e-03
DNS96_t4,13,50,-1.6721,1.9672,1.50650213e-02
DNS96_t4,13,51,-1.6721,2.0656,1.50650213e-02
DNS96_t4,13,55,-1.6721,2.4590,7.53251065e-03
DNS96_t4,13,56,-1.6721,2.5574,7.53251065e-03
DNS96_t4,13,58,-1.6721,2.7541,7.53251065e-03
DNS96_t4,13,59,-1.6721,2.8525,7.53251065e-03
DNS96_t4,14,33,-1.5738,0.2951,7.53251065e-03
DNS96_t4,14,35,-1.5738,0.4918,7.53251065e-03
DNS96_t4,14,36,-1.5738,0.5902,7.53251065e-03
DNS96_t4,14,39,-1.5738,0.8852,7.53251065e-03
DNS96_t4,14,40,-1.5738,0.9836,7.53251065e-03
DNS96_t4,14,42,-1.5738,1.1803,7.53251065e-03
DNS96_t4,14,43,-1.5738,1.2787,7.53251065e-03
DNS96_t4,14,47,-1.5738,1.6721,7.53251065e-03
DNS96_t4,14,55,-1.5738,2.4590,1.50650213e-02
DNS96_t4,14,57,-1.5738,2.6557,7.53251065e-03
DNS96_t4,15,32,-1.4754,0.1967,7.53251065e-03
DNS96_t4,15,33,-1.4754,0.2951,7.53251065e-03
DNS96_t4,15,36,-1.4754,0.5902,7.53251065e-03
DNS96_t4,15,37,-1.4754,0.6885,7.53251065e-03
DNS96_t4,15,38,-1.4754,0.7869,7.53251065e-03
DNS96_t4,15,40,-1.4754,0.9836,1.50650213e-02
DNS96_t4,15,41,-1.4754,1.0820,1.50650213e-02
DNS96_t4,15,45,-1.4754,1.4754,1.50650213e-02
DNS96_t4,15,47,-1.4754,1.6721,1.50650213e-02
DNS96_t4,15,50,-1.4754,1.9672,7.53251065e-03
DNS96_t4,15,59,-1.4754,2.8525,7.53251065e-03
DNS96_t4,16,20,-1.3770,-0.9836,7.53251065e-03
DNS96_t4,16,30,-1.3770,0.0000,7.53251065e-03
DNS96_t4,16,33,-1.3770,0.2951,7.53251065e-03
DNS96_t4,16,34,-1.3770,0.3934,7.53251065e-03
DNS96_t4,16,35,-1.3770,0.4918,7.53251065e-03
DNS96_t4,16,39,-1.3770,0.8852,7.53251065e-03
DNS96_t4,16,41,-1.3770,1.0820,7.53251065e-03
DNS96_t4,16,44,-1.3770,1.3770,7.53251065e-03
DNS96_t4,16,45,-1.3770,1.4754,7.53251065e-03
DNS96_t4,16,46,-1.3770,1.5738,7.53251065e-03
DNS96_t4,16,49,-1.3770,1.8689,7.53251065e-03
DNS96_t4,16,50,-1.3770,1.9672,7.53251065e-03
DNS96_t4,16,52,-1.3770,2.1639,7.53251065e-03
DNS96_t4,16,53,-1.3770,2.2623,1.50650213e-02
DNS96_t4,16,54,-1.3770,2.3607,1.50650213e-02
DNS96_t4,16,56,-1.3770,2.5574,7.53251065e-03
DNS96_t4,16,59,-1.3770,2.8525,7.53251065e-03
DNS96_t4,17,22,-1.2787,-0.7869,7.53251065e-03
DNS96_t4,17,31,-1.2787,0.0984,7.53251065e-03
DNS96_t4,17,32,-1.2787,0.1967,7.53251065e-03
DNS96_t4,17,34,-1.2787,0.3934,1.50650213e-02
DNS96_t4,17,36,-1.2787,0.5902,7.53251065e-03
DNS96_t4,17,37,-1.2787,0.6885,7.53251065e-03
DNS96_t4,17,38,-1.2787,0.7869,7.53251065e-03
DNS96_t4,17,39,-1.2787,0.8852,7.53251065e-03
DNS96_t4,17,40,-1.2787,0.9836,7.53251065e-03
DNS96_t4,17,41,-1.2787,1.0820,7.53251065e-03
DNS96_t4,17,43,-1.2787,1.2787,7.53251065e-03
DNS96_t4,17,44,-1.2787,1.3770,7.53251065e-03
DNS96_t4,17,46,-1.2787,1.5738,7.53251065e-03
DNS96_t4,17,47,-1.2787,1.6721,7.53251065e-03
DNS96_t4,17,49,-1.2787,1.8689,7.53251065e-03
DNS96_t4,17,50,-1.2787,1.9672,7.53251065e-03
DNS96_t4,17,51,-1.2787,2.0656,1.50650213e-02
DNS96_t4,17,56,-1.2787,2.5574,7.53251065e-03
DNS96_t4,17,59,-1.2787,2.8525,7.53251065e-03
DNS96_t4,17,60,-1.2787,2.9508,7.53251065e-03
DNS96_t4,18,18,-1.1803,-1.1803,7.53251065e-03
DNS96_t4,18,19,-1.1803,-1.0820,7.53251065e-03
DNS96_t4,18,21,-1.1803,-0.8852,7.53251065e-03
DNS96_t4,18,26,-1.1803,-0.3934,7.53251065e-03
DNS96_t4,18,27,-1.1803,-0.2951,7.53251065e-03
DNS96_t4,18,33,-1.1803,0.2951,1.50650213e-02
DNS96_t4,18,35,-1.1803,0.4918,1.50650213e-02
DNS96_t4,18,37,-1.1803,0.6885,7.53251065e-03
DNS96_t4,18,38,-1.1803,0.7869,7.53251065e-03
DNS96_t4,18,41,-1.1803,1.0820,7.53251065e-03
DNS96_t4,18,42,-1.1803,1.1803,7.53251065e-03
DNS96_t4,18,46,-1.1803,1.5738,1.50650213e-02
DNS96_t4,18,47,-1.1803,1.6721,7.53251065e-03
DNS96_t4,18,49,-1.1803,1.8689,7.53251065e-03
DNS96_t4,18,54,-1.1803,2.3607,1.50650213e-02
DNS96_t4,18,58,-1.1803,2.7541,7.53251065e-03
DNS96_t4,19,22,-1.0820,-0.7869,7.53251065e-03
DNS96_t4,19,23,-1.0820,-0.6885,7.53251065e-03
DNS96_t4,19,31,-1.0820,0.0984,1.50650213e-02
DNS96_t4,19,32,-1.0820,0.1967,7.53251065e-03
DNS96_t4,19,34,-1.0820,0.3934,2.25975319e-02
DNS96_t4,19,35,-1.0820,0.4918,1.50650213e-02
DNS96_t4,19,36,-1.0820,0.5902,7.53251065e-03
DNS96_t4,19,39,-1.0820,0.8852,7.53251065e-03
DNS96_t4,19,41,-1.0820,1.0820,1.50650213e-02
DNS96_t4,19,42,-1.0820,1.1803,7.53251065e-03
DNS96_t4,19,45,-1.0820,1.4754,7.53251065e-03
DNS96_t4,19,46,-1.0820,1.5738,7.53251065e-03
DNS96_t4,19,47,-1.0820,1.6721,7.53251065e-03
DNS96_t4,19,49,-1.0820,1.8689,1.50650213e-02
DNS96_t4,19,53,-1.0820,2.2623,1.50650213e-02
DNS96_t4,19,55,-1.0820,2.4590,1.50650213e-02
DNS96_t4,19,57,-1.0820,2.6557,7.53251065e-03
DNS96_t4,19,59,-1.0820,2.8525,7.53251065e-03
DNS96_t4,20,25,-0.9836,-0.4918,7.53251065e-03
DNS96_t4,20,26,-0.9836,-0.3934,1.50650213e-02
DNS96_t4,20,28,-0.9836,-0.1967,7.53251065e-03
DNS96_t4,20,32,-0.9836,0.1967,7.53251065e-03
DNS96_t4,20,34,-0.9836,0.3934,7.53251065e-03
DNS96_t4,20,35,-0.9836,0.4918,2.25975319e-02
DNS96_t4,20,36,-0.9836,0.5902,7.53251065e-03
DNS96_t4,20,38,-0.9836,0.7869,7.53251065e-03
DNS96_t4,20,39,-0.9836,0.8852,3.01300426e-02
DNS96_t4,20,41,-0.9836,1.0820,7.53251065e-03
DNS96_t4,20,43,-0.9836,1.2787,7.53251065e-03
DNS96_t4,20,44,-0.9836,1.3770,7.53251065e-03
DNS96_t4,20,46,-0.9836,1.5738,1.50650213e-02
DNS96_t4,20,48,-0.9836,1.7705,7.53251065e-03
DNS96_t4,20,49,-0.9836,1.8689,7.53251065e-03
DNS96_t4,20,50,-0.9836,1.9672,7.53251065e-03
DNS96_t4,20,53,-0.9836,2.2623,1.50650213e-02
DNS96_t4,20,54,-0.9836,2.3607,7.53251065e-03
DNS96_t4,20,58,-0.9836,2.7541,7.53251065e-03
DNS96_t4,21,18,-0.8852,-1.1803,7.53251065e-03
DNS96_t4,21,21,-0.8852,-0.8852,7.53251065e-03
DNS96_t4,21,24,-0.8852,-0.5902,7.53251065e-03
DNS96_t4,21,26,-0.8852,-0.3934,7.53251065e-03
DNS96_t4,21,27,-0.8852,-0.2951,2.25975319e-02
DNS96_t4,21,28,-0.8852,-0.1967,7.53251065e-03
DNS96_t4,21,29,-0.8852,-0.0984,7.53251065e-03
DNS96_t4,21,30,-0.8852,0.0000,7.53251065e-03
DNS96_t4,21,32,-0.8852,0.1967,7.53251065e-03
DNS96_t4,21,34,-0.8852,0.3934,7.53251065e-03
DNS96_t4,21,36,-0.8852,0.5902,2.25975319e-02
DNS96_t4,21,37,-0.8852,0.6885,1.50650213e-02
DNS96_t4,21,41,-0.8852,1.0820,2.25975319e-02
DNS96_t4,21,42,-0.8852,1.1803,7.53251065e-03
DNS96_t4,21,45,-0.8852,1.4754,1.50650213e-02
DNS96_t4,21,46,-0.8852,1.5738,1.50650213e-02
DNS96_t4,21,48,-0.8852,1.7705,7.53251065e-03
DNS96_t4,21,49,-0.8852,1.8689,7.53251065e-03
DNS96_t4,21,50,-0.8852,1.9672,7.53251065e-03
DNS96_t4,21,51,-0.8852,2.0656,1.50650213e-02
DNS96_t4,21,53,-0.8852,2.2623,1.50650213e-02
DNS96_t4,21,55,-0.8852,2.4590,7.53251065e-03
DNS96_t4,21,57,-0.8852,2.6557,7.53251065e-03
DNS96_t4,21,58,-0.8852,2.7541,7.53251065e-03
DNS96_t4,22,22,-0.7869,-0.7869,7.53251065e-03
DNS96_t4,22,25,-0.7869,-0.4918,7.53251065e-03
DNS96_t4,22,26,-0.7869,-0.3934,1.50650213e-02
DNS96_t4,22,27,-0.7869,-0.2951,7.53251065e-03
DNS96_t4,22,28,-0.7869,-0.1967,7.53251065e-03
DNS96_t4,22,29,-0.7869,-0.0984,7.53251065e-03
DNS96_t4,22,30,-0.7869,0.0000,3.76625532e-02
DNS96_t4,22,32,-0.7869,0.1967,1.50650213e-02
DNS96_t4,22,34,-0.7869,0.3934,1.50650213e-02
DNS96_t4,22,36,-0.7869,0.5902,1.50650213e-02
DNS96_t4,22,39,-0.7869,0.8852,1.50650213e-02
DNS96_t4,22,40,-0.7869,0.9836,7.53251065e-03
DNS96_t4,22,41,-0.7869,1.0820,7.53251065e-03
DNS96_t4,22,45,-0.7869,1.4754,7.53251065e-03
DNS96_t4,22,47,-0.7869,1.6721,7.53251065e-03
DNS96_t4,22,48,-0.7869,1.7705,1.50650213e-02
DNS96_t4,22,50,-0.7869,1.9672,7.53251065e-03
DNS96_t4,22,51,-0.7869,2.0656,7.53251065e-03
DNS96_t4,22,52,-0.7869,2.1639,7.53251065e-03
DNS96_t4,22,53,-0.7869,2.2623,7.53251065e-03
DNS96_t4,22,54,-0.7869,2.3607,7.53251065e-03
DNS96_t4,22,56,-0.7869,2.5574,7.53251065e-03
DNS96_t4,23,17,-0.6885,-1.2787,7.53251065e-03
DNS96_t4,23,21,-0.6885,-0.8852,7.53251065e-03
DNS96_t4,23,23,-0.6885,-0.6885,1.50650213e-02
DNS96_t4,23,24,-0.6885,-0.5902,1.50650213e-02
DNS96_t4,23,27,-0.6885,-0.2951,7.53251065e-03
DNS96_t4,23,28,-0.6885,-0.1967,1.50650213e-02
DNS96_t4,23,29,-0.6885,-0.0984,7.53251065e-03
DNS96_t4,23,30,-0.6885,0.0000,4.51950639e-02
DNS96_t4,23,31,-0.6885,0.0984,2.25975319e-02
DNS96_t4,23,33,-0.6885,0.2951,7.53251065e-03
DNS96_t4,23,34,-0.6885,0.3934,2.25975319e-02
DNS96_t4,23,36,-0.6885,0.5902,1.50650213e-02
DNS96_t4,23,39,-0.6885,0.8852,2.25975319e-02
DNS96_t4,23,40,-0.6885,0.9836,2.25975319e-02
DNS96_t4,23,41,-0.6885,1.0820,3.01300426e-02
DNS96_t4,23,43,-0.6885,1.2787,7.53251065e-03
DNS96_t4,23,45,-0.6885,1.4754,3.01300426e-02
DNS96_t4,23,46,-0.6885,1.5738,1.50650213e-02
DNS96_t4,23,47,-0.6885,1.6721,1.50650213e-02
DNS96_t4,23,48,-0.6885,1.7705,7.53251065e-03
DNS96_t4,23,49,-0.6885,1.8689,1.50650213e-02
DNS96_t4,23,50,-0.6885,1.9672,7.53251065e-03
DNS96_t4,23,51,-0.6885,2.0656,7.53251065e-03
DNS96_t4,23,52,-0.6885,2.1639,7.53251065e-03
DNS96_t4,23,53,-0.6885,2.2623,7.53251065e-03
DNS96_t4,23,54,-0.6885,2.3607,7.53251065e-03
DNS96_t4,23,56,-0.6885,2.5574,1.50650213e-02
DNS96_t4,24,14,-0.5902,-1.5738,7.53251065e-03
DNS96_t4,24,17,-0.5902,-1.2787,7.53251065e-03
DNS96_t4,24,19,-0.5902,-1.0820,7.53251065e-03
DNS96_t4,24,26,-0.5902,-0.3934,1.50650213e-02
DNS96_t4,24,27,-0.5902,-0.2951,7.53251065e-03
DNS96_t4,24,28,-0.5902,-0.1967,1.50650213e-02
DNS96_t4,24,29,-0.5902,-0.0984,7.53251065e-03
DNS96_t4,24,30,-0.5902,0.0000,2.25975319e-02
DNS96_t4,24,31,-0.5902,0.0984,1.50650213e-02
DNS96_t4,24,32,-0.5902,0.1967,7.53251065e-03
DNS96_t4,24,33,-0.5902,0.2951,3.76625532e-02
DNS96_t4,24,34,-0.5902,0.3934,7.53251065e-03
DNS96_t4,24,35,-0.5902,0.4918,7.53251065e-03
DNS96_t4,24,36,-0.5902,0.5902,7.53251065e-03
DNS96_t4,24,37,-0.5902,0.6885,2.25975319e-02
DNS96_t4,24,38,-0.5902,0.7869,7.53251065e-03
DNS96_t4,24,39,-0.5902,0.8852,7.53251065e-03
DNS96_t4,24,40,-0.5902,0.9836,2.25975319e-02
DNS96_t4,24,41,-0.5902,1.0820,3.76625532e-02
DNS96_t4,24,44,-0.5902,1.3770,3.76625532e-02
DNS96_t4,24,45,-0.5902,1.4754,2.25975319e-02
DNS96_t4,24,46,-0.5902,1.5738,1.50650213e-02
DNS96_t4,24,47,-0.5902,1.6721,2.25975319e-02
DNS96_t4,24,48,-0.5902,1.7705,2.25975319e-02
DNS96_t4,24,49,-0.5902,1.8689,1.50650213e-02
DNS96_t4,24,50,-0.5902,1.9672,1.50650213e-02
DNS96_t4,24,51,-0.5902,2.0656,1.50650213e-02
DNS96_t4,24,52,-0.5902,2.1639,2.25975319e-02
DNS96_t4,24,53,-0.5902,2.2623,7.53251065e-03
DNS96_t4,24,54,-0.5902,2.3607,7.53251065e-03
DNS96_t4,24,55,-0.5902,2.4590,7.53251065e-03
DNS96_t4,24,56,-0.5902,2.5574,7.53251065e-03
DNS96_t4,25,19,-0.4918,-1.0820,7.53251065e-03
DNS96_t4,25,20,-0.4918,-0.9836,1.50650213e-02
DNS96_t4,25,22,-0.4918,-0.7869,7.53251065e-03
DNS96_t4,25,23,-0.4918,-0.6885,1.50650213e-02
DNS96_t4,25,24,-0.4918,-0.5902,1.50650213e-02
DNS96_t4,25,26,-0.4918,-0.3934,7.53251065e-03
DNS96_t4,25,27,-0.4918,-0.2951,7.53251065e-03
DNS96_t4,25,28,-0.4918,-0.1967,1.50650213e-02
DNS96_t4,25,29,-0.4918,-0.0984,7.53251065e-03
DNS96_t4,25,31,-0.4918,0.0984,2.25975319e-02
DNS96_t4,25,32,-0.4918,0.1967,2.25975319e-02
DNS96_t4,25,33,-0.4918,0.2951,1.50650213e-02
DNS96_t4,25,34,-0.4918,0.3934,7.53251065e-03
DNS96_t4,25,35,-0.4918,0.4918,2.25975319e-02
DNS96_t4,25,36,-0.4918,0.5902,1.50650213e-02
DNS96_t4,25,37,-0.4918,0.6885,2.25975319e-02
DNS96_t4,25,38,-0.4918,0.7869,7.53251065e-03
DNS96_t4,25,39,-0.4918,0.8852,2.25975319e-02
DNS96_t4,25,40,-0.4918,0.9836,5.27275745e-02
DNS96_t4,25,41,-0.4918,1.0820,7.53251065e-02
DNS96_t4,25,42,-0.4918,1.1803,2.25975319e-02
DNS96_t4,25,43,-0.4918,1.2787,4.51950639e-02
DNS96_t4,25,44,-0.4918,1.3770,9.03901278e-02
DNS96_t4,25,45,-0.4918,1.4754,5.27275745e-02
DNS96_t4,25,46,-0.4918,1.5738,5.27275745e-02
DNS96_t4,25,47,-0.4918,1.6721,3.01300426e-02
DNS96_t4,25,48,-0.4918,1.7705,1.50650213e-02
DNS96_t4,25,49,-0.4918,1.8689,2.25975319e-02
DNS96_t4,25,50,-0.4918,1.9672,2.25975319e-02
DNS96_t4,25,52,-0.4918,2.1639,7.53251065e-03
DNS96_t4,25,53,-0.4918,2.2623,1.50650213e-02
DNS96_t4,25,54,-0.4918,2.3607,1.50650213e-02
DNS96_t4,26,16,-0.3934,-1.3770,7.53251065e-03
DNS96_t4,26,20,-0.3934,-0.9836,7.53251065e-03
DNS96_t4,26,22,-0.3934,-0.7869,7.53251065e-03
DNS96_t4,26,23,-0.3934,-0.6885,1.50650213e-02
DNS96_t4,26,24,-0.3934,-0.5902,2.25975319e-02
DNS96_t4,26,25,-0.3934,-0.4918,1.50650213e-02
DNS96_t4,26,26,-0.3934,-0.3934,7.53251065e-03
DNS96_t4,26,27,-0.3934,-0.2951,7.53251065e-03
DNS96_t4,26,28,-0.3934,-0.1967,7.53251065e-03
DNS96_t4,26,29,-0.3934,-0.0984,2.25975319e-02
DNS96_t4,26,30,-0.3934,0.0000,2.25975319e-02
DNS96_t4,26,31,-0.3934,0.0984,1.50650213e-02
DNS96_t4,26,32,-0.3934,0.1967,2.25975319e-02
DNS96_t4,26,33,-0.3934,0.2951,3.76625532e-02
DNS96_t4,26,34,-0.3934,0.3934,7.53251065e-03
DNS96_t4,26,35,-0.3934,0.4918,3.76625532e-02
DNS96_t4,26,36,-0.3934,0.5902,6.02600852e-02
DNS96_t4,26,37,-0.3934,0.6885,6.02600852e-02
DNS96_t4,26,38,-0.3934,0.7869,4.51950639e-02
DNS96_t4,26,39,-0.3934,0.8852,5.27275745e-02
DNS96_t4,26,40,-0.3934,0.9836,1.05455149e-01
DNS96_t4,26,41,-0.3934,1.0820,1.35585192e-01
DNS96_t4,26,42,-0.3934,1.1803,1.12987660e-01
DNS96_t4,26,43,-0.3934,1.2787,7.53251065e-02
DNS96_t4,26,44,-0.3934,1.3770,1.35585192e-01
DNS96_t4,26,45,-0.3934,1.4754,9.79226384e-02
DNS96_t4,26,46,-0.3934,1.5738,4.51950639e-02
DNS96_t4,26,47,-0.3934,1.6721,3.76625532e-02
DNS96_t4,26,48,-0.3934,1.7705,3.01300426e-02
DNS96_t4,26,49,-0.3934,1.8689,7.53251065e-03
DNS96_t4,26,50,-0.3934,1.9672,1.50650213e-02
DNS96_t4,26,51,-0.3934,2.0656,1.50650213e-02
DNS96_t4,26,52,-0.3934,2.1639,7.53251065e-03
DNS96_t4,26,54,-0.3934,2.3607,7.53251065e-03
DNS96_t4,27,13,-0.2951,-1.6721,7.53251065e-03
DNS96_t4,27,15,-0.2951,-1.4754,7.53251065e-03
DNS96_t4,27,18,-0.2951,-1.1803,1.50650213e-02
DNS96_t4,27,19,-0.2951,-1.0820,7.53251065e-03
DNS96_t4,27,22,-0.2951,-0.7869,7.53251065e-03
DNS96_t4,27,23,-0.2951,-0.6885,1.50650213e-02
DNS96_t4,27,24,-0.2951,-0.5902,2.25975319e-02
DNS96_t4,27,25,-0.2951,-0.4918,7.53251065e-02
DNS96_t4,27,26,-0.2951,-0.3934,2.25975319e-02
DNS96_t4,27,27,-0.2951,-0.2951,1.50650213e-02
DNS96_t4,27,28,-0.2951,-0.1967,1.50650213e-02
DNS96_t4,27,29,-0.2951,-0.0984,7.53251065e-03
DNS96_t4,27,31,-0.2951,0.0984,2.25975319e-02
DNS96_t4,27,32,-0.2951,0.1967,4.51950639e-02
DNS96_t4,27,33,-0.2951,0.2951,6.02600852e-02
DNS96_t4,27,34,-0.2951,0.3934,6.77925958e-02
DNS96_t4,27,35,-0.2951,0.4918,7.53251065e-02
DNS96_t4,27,36,-0.2951,0.5902,1.28052681e-01
DNS96_t4,27,37,-0.2951,0.6885,8.28576171e-02
DNS96_t4,27,38,-0.2951,0.7869,6.02600852e-02
DNS96_t4,27,39,-0.2951,0.8852,1.73247745e-01
DNS96_t4,27,40,-0.2951,0.9836,1.43117702e-01
DNS96_t4,27,41,-0.2951,1.0820,2.18442809e-01
DNS96_t4,27,42,-0.2951,1.1803,2.63637873e-01
DNS96_t4,27,43,-0.2951,1.2787,1.73247745e-01
DNS96_t4,27,44,-0.2951,1.3770,5.27275745e-02
DNS96_t4,27,45,-0.2951,1.4754,3.76625532e-02
DNS96_t4,27,46,-0.2951,1.5738,5.27275745e-02
DNS96_t4,27,47,-0.2951,1.6721,2.25975319e-02
DNS96_t4,27,48,-0.2951,1.7705,1.50650213e-02
DNS96_t4,27,49,-0.2951,1.8689,7.53251065e-03
DNS96_t4,27,50,-0.2951,1.9672,3.76625532e-02
DNS96_t4,27,51,-0.2951,2.0656,7.53251065e-03
DNS96_t4,27,52,-0.2951,2.1639,2.25975319e-02
DNS96_t4,28,15,-0.1967,-1.4754,7.53251065e-03
DNS96_t4,28,16,-0.1967,-1.3770,7.53251065e-03
DNS96_t4,28,18,-0.1967,-1.1803,1.50650213e-02
DNS96_t4,28,19,-0.1967,-1.0820,1.50650213e-02
DNS96_t4,28,20,-0.1967,-0.9836,7.53251065e-03
DNS96_t4,28,21,-0.1967,-0.8852,3.01300426e-02
DNS96_t4,28,22,-0.1967,-0.7869,2.25975319e-02
DNS96_t4,28,23,-0.1967,-0.6885,3.31430469e-01
DNS96_t4,28,24,-0.1967,-0.5902,9.49096342e-01
DNS96_t4,28,25,-0.1967,-0.4918,6.17665873e-01
DNS96_t4,28,26,-0.1967,-0.3934,4.82080681e-01
DNS96_t4,28,27,-0.1967,-0.2951,4.44418128e-01
DNS96_t4,28,28,-0.1967,-0.1967,3.54028000e-01
DNS96_t4,28,29,-0.1967,-0.0984,2.25975319e-01
DNS96_t4,28,30,-0.1967,0.0000,1.35585192e-01
DNS96_t4,28,31,-0.1967,0.0984,1.12987660e-01
DNS96_t4,28,32,-0.1967,0.1967,1.88312766e-01
DNS96_t4,28,33,-0.1967,0.2951,1.88312766e-01
DNS96_t4,28,34,-0.1967,0.3934,2.86235405e-01
DNS96_t4,28,35,-0.1967,0.4918,3.16365447e-01
DNS96_t4,28,36,-0.1967,0.5902,3.16365447e-01
DNS96_t4,28,37,-0.1967,0.6885,3.99223064e-01
DNS96_t4,28,38,-0.1967,0.7869,3.08832937e-01
DNS96_t4,28,39,-0.1967,0.8852,3.84158043e-01
DNS96_t4,28,40,-0.1967,0.9836,3.54028000e-01
DNS96_t4,28,41,-0.1967,1.0820,3.99223064e-01
DNS96_t4,28,42,-0.1967,1.1803,1.28052681e-01
DNS96_t4,28,43,-0.1967,1.2787,3.76625532e-02
DNS96_t4,28,44,-0.1967,1.3770,6.02600852e-02
DNS96_t4,28,45,-0.1967,1.4754,5.27275745e-02
DNS96_t4,28,46,-0.1967,1.5738,2.25975319e-02
DNS96_t4,28,47,-0.1967,1.6721,2.25975319e-02
DNS96_t4,28,48,-0.1967,1.7705,7.53251065e-03
DNS96_t4,28,49,-0.1967,1.8689,2.25975319e-02
DNS96_t4,28,50,-0.1967,1.9672,2.25975319e-02
DNS96_t4,29,10,-0.0984,-1.9672,7.53251065e-03
DNS96_t4,29,13,-0.0984,-1.6721,7.53251065e-03
DNS96_t4,29,15,-0.0984,-1.4754,2.25975319e-02
DNS96_t4,29,17,-0.0984,-1.2787,3.76625532e-02
DNS96_t4,29,18,-0.0984,-1.1803,7.53251065e-03
DNS96_t4,29,19,-0.0984,-1.0820,7.53251065e-03
DNS96_t4,29,20,-0.0984,-0.9836,3.76625532e-02
DNS96_t4,29,22,-0.0984,-0.7869,7.53251065e-03
DNS96_t4,29,23,-0.0984,-0.6885,3.01300426e-02
DNS96_t4,29,24,-0.0984,-0.5902,9.03901278e-02
DNS96_t4,29,25,-0.0984,-0.4918,5.80003320e-01
DNS96_t4,29,26,-0.0984,-0.3934,8.51173703e-01
DNS96_t4,29,27,-0.0984,-0.2951,8.28576171e-01
DNS96_t4,29,28,-0.0984,-0.1967,7.68316086e-01
DNS96_t4,29,29,-0.0984,-0.0984,9.49096342e-01
DNS96_t4,29,30,-0.0984,0.0000,1.16753915e+00
DNS96_t4,29,31,-0.0984,0.0984,1.55169719e+00
DNS96_t4,29,32,-0.0984,0.1967,1.74000996e+00
DNS96_t4,29,33,-0.0984,0.2951,1.76260749e+00
DNS96_t4,29,34,-0.0984,0.3934,1.15247413e+00
DNS96_t4,29,35,-0.0984,0.4918,6.40263405e-01
DNS96_t4,29,36,-0.0984,0.5902,6.25198384e-01
DNS96_t4,29,37,-0.0984,0.6885,6.62860937e-01
DNS96_t4,29,38,-0.0984,0.7869,5.04678213e-01
DNS96_t4,29,39,-0.0984,0.8852,5.34808256e-01
DNS96_t4,29,40,-0.0984,0.9836,2.93767915e-01
DNS96_t4,29,41,-0.0984,1.0820,4.51950639e-02
DNS96_t4,29,42,-0.0984,1.1803,6.02600852e-02
DNS96_t4,29,43,-0.0984,1.2787,3.01300426e-02
DNS96_t4,29,44,-0.0984,1.3770,3.76625532e-02
DNS96_t4,29,45,-0.0984,1.4754,7.53251065e-03
DNS96_t4,29,46,-0.0984,1.5738,2.25975319e-02
DNS96_t4,29,47,-0.0984,1.6721,2.25975319e-02
DNS96_t4,29,48,-0.0984,1.7705,7.53251065e-03
DNS96_t4,29,49,-0.0984,1.8689,1.50650213e-02
DNS96_t4,30,14,0.0000,-1.5738,7.53251065e-03
DNS96_t4,30,16,0.0000,-1.3770,2.25975319e-02
DNS96_t4,30,17,0.0000,-1.2787,2.25975319e-02
DNS96_t4,30,19,0.0000,-1.0820,7.53251065e-03
DNS96_t4,30,20,0.0000,-0.9836,2.25975319e-02
DNS96_t4,30,21,0.0000,-0.8852,4.51950639e-02
DNS96_t4,30,22,0.0000,-0.7869,6.02600852e-02
DNS96_t4,30,23,0.0000,-0.6885,3.01300426e-02
DNS96_t4,30,24,0.0000,-0.5902,1.05455149e-01
DNS96_t4,30,25,0.0000,-0.4918,1.20520170e-01
DNS96_t4,30,26,0.0000,-0.3934,4.59483150e-01
DNS96_t4,30,27,0.0000,-0.2951,1.76260749e+00
DNS96_t4,30,28,0.0000,-0.1967,3.13352443e+00
DNS96_t4,30,29,0.0000,-0.0984,4.89613192e+00
DNS96_t4,30,30,0.0000,0.0000,6.03354103e+00
DNS96_t4,30,31,0.0000,0.0984,3.84911294e+00
DNS96_t4,30,32,0.0000,0.1967,2.82469149e+00
DNS96_t4,30,33,0.0000,0.2951,3.25404460e+00
DNS96_t4,30,34,0.0000,0.3934,3.10339439e+00
DNS96_t4,30,35,0.0000,0.4918,1.86053013e+00
DNS96_t4,30,36,0.0000,0.5902,1.18260417e+00
DNS96_t4,30,37,0.0000,0.6885,7.15588512e-01
DNS96_t4,30,38,0.0000,0.7869,4.89613192e-01
DNS96_t4,30,39,0.0000,0.8852,1.58182724e-01
DNS96_t4,30,40,0.0000,0.9836,6.77925958e-02
DNS96_t4,30,41,0.0000,1.0820,3.01300426e-02
DNS96_t4,30,42,0.0000,1.1803,2.25975319e-02
DNS96_t4,30,43,0.0000,1.2787,3.76625532e-02
DNS96_t4,30,44,0.0000,1.3770,3.01300426e-02
DNS96_t4,30,45,0.0000,1.4754,7.53251065e-03
DNS96_t4,30,46,0.0000,1.5738,1.50650213e-02
DNS96_t4,30,47,0.0000,1.6721,7.53251065e-03
DNS96_t4,31,13,0.0984,-1.6721,7.53251065e-03
DNS96_t4,31,14,0.0984,-1.5738,7.53251065e-03
DNS96_t4,31,15,0.0984,-1.4754,1.50650213e-02
DNS96_t4,31,16,0.0984,-1.3770,7.53251065e-03
DNS96_t4,31,17,0.0984,-1.2787,7.53251065e-03
DNS96_t4,31,18,0.0984,-1.1803,3.76625532e-02
DNS96_t4,31,19,0.0984,-1.0820,2.25975319e-02
DNS96_t4,31,20,0.0984,-0.9836,3.01300426e-02
DNS96_t4,31,21,0.0984,-0.8852,5.27275745e-02
DNS96_t4,31,22,0.0984,-0.7869,9.79226384e-02
DNS96_t4,31,23,0.0984,-0.6885,1.58182724e-01
DNS96_t4,31,24,0.0984,-0.5902,3.61560511e-01
DNS96_t4,31,25,0.0984,-0.4918,1.34831941e+00
DNS96_t4,31,26,0.0984,-0.3934,2.45559847e+00
DNS96_t4,31,27,0.0984,-0.2951,1.93585524e+00
DNS96_t4,31,28,0.0984,-0.1967,1.53663217e+00
DNS96_t4,31,29,0.0984,-0.0984,1.86806264e+00
DNS96_t4,31,30,0.0984,0.0000,2.59871617e+00
DNS96_t4,31,31,0.0984,0.0984,2.94521166e+00
DNS96_t4,31,32,0.0984,0.1967,3.10339439e+00
DNS96_t4,31,33,0.0984,0.2951,2.79456145e+00
DNS96_t4,31,34,0.0984,0.3934,2.07144043e+00
DNS96_t4,31,35,0.0984,0.4918,9.26498810e-01
DNS96_t4,31,36,0.0984,0.5902,5.19743235e-01
DNS96_t4,31,37,0.0984,0.6885,2.33507830e-01
DNS96_t4,31,38,0.0984,0.7869,1.50650213e-02
DNS96_t4,31,39,0.0984,0.8852,3.01300426e-02
DNS96_t4,31,40,0.0984,0.9836,2.25975319e-02
DNS96_t4,31,41,0.0984,1.0820,7.53251065e-03
DNS96_t4,31,42,0.0984,1.1803,1.50650213e-02
DNS96_t4,31,43,0.0984,1.2787,2.25975319e-02
DNS96_t4,32,9,0.1967,-2.0656,7.53251065e-03
DNS96_t4,32,13,0.1967,-1.6721,2.25975319e-02
DNS96_t4,32,14,0.1967,-1.5738,1.50650213e-02
DNS96_t4,32,15,0.1967,-1.4754,1.50650213e-02
DNS96_t4,32,16,0.1967,-1.3770,2.25975319e-02
DNS96_t4,32,17,0.1967,-1.2787,4.51950639e-02
DNS96_t4,32,18,0.1967,-1.1803,3.76625532e-02
DNS96_t4,32,19,0.1967,-1.0820,8.28576171e-02
DNS96_t4,32,20,0.1967,-0.9836,8.28576171e-02
DNS96_t4,32,21,0.1967,-0.8852,1.35585192e-01
DNS96_t4,32,22,0.1967,-0.7869,4.06755575e-01
DNS96_t4,32,23,0.1967,-0.6885,9.03901278e-01
DNS96_t4,32,24,0.1967,-0.5902,1.00182392e+00
DNS96_t4,32,25,0.1967,-0.4918,4.29353107e-01
DNS96_t4,32,26,0.1967,-0.3934,3.91690554e-01
DNS96_t4,32,27,0.1967,-0.2951,2.78702894e-01
DNS96_t4,32,28,0.1967,-0.1967,2.41040341e-01
DNS96_t4,32,29,0.1967,-0.0984,1.43117702e-01
DNS96_t4,32,30,0.1967,0.0000,1.95845277e-01
DNS96_t4,32,31,0.1967,0.0984,2.48572851e-01
DNS96_t4,32,32,0.1967,0.1967,2.78702894e-01
DNS96_t4,32,33,0.1967,0.2951,2.10910298e-01
DNS96_t4,32,34,0.1967,0.3934,1.12987660e-01
DNS96_t4,32,35,0.1967,0.4918,4.51950639e-02
DNS96_t4,32,36,0.1967,0.5902,7.53251065e-03
DNS96_t4,33,11,0.2951,-1.8689,7.53251065e-03
DNS96_t4,33,12,0.2951,-1.7705,2.25975319e-02
DNS96_t4,33,13,0.2951,-1.6721,1.50650213e-02
DNS96_t4,33,14,0.2951,-1.5738,4.51950639e-02
DNS96_t4,33,15,0.2951,-1.4754,1.50650213e-02
DNS96_t4,33,16,0.2951,-1.3770,1.50650213e-02
DNS96_t4,33,17,0.2951,-1.2787,1.50650213e-02
DNS96_t4,33,18,0.2951,-1.1803,6.02600852e-02
DNS96_t4,33,19,0.2951,-1.0820,1.73247745e-01
DNS96_t4,33,20,0.2951,-0.9836,3.46495490e-01
DNS96_t4,33,21,0.2951,-0.8852,6.77925958e-01
DNS96_t4,33,22,0.2951,-0.7869,4.29353107e-01
DNS96_t4,33,23,0.2951,-0.6885,5.27275745e-02
DNS96_t4,34,5,0.3934,-2.4590,7.53251065e-03
DNS96_t4,34,10,0.3934,-1.9672,7.53251065e-03
DNS96_t4,34,13,0.3934,-1.6721,2.25975319e-02
DNS96_t4,34,14,0.3934,-1.5738,2.25975319e-02
DNS96_t4,34,15,0.3934,-1.4754,5.27275745e-02
DNS96_t4,34,16,0.3934,-1.3770,6.02600852e-02
DNS96_t4,34,17,0.3934,-1.2787,1.95845277e-01
DNS96_t4,34,18,0.3934,-1.1803,3.61560511e-01
DNS96_t4,34,19,0.3934,-1.0820,4.36885618e-01
DNS96_t4,34,20,0.3934,-0.9836,2.71170383e-01
DNS96_t4,34,21,0.3934,-0.8852,2.25975319e-02
DNS96_t4,35,9,0.4918,-2.0656,7.53251065e-03
DNS96_t4,35,10,0.4918,-1.9672,2.25975319e-02
DNS96_t4,35,11,0.4918,-1.8689,2.25975319e-02
DNS96_t4,35,12,0.4918,-1.7705,4.51950639e-02
DNS96_t4,35,13,0.4918,-1.6721,3.01300426e-02
DNS96_t4,35,14,0.4918,-1.5738,4.51950639e-02
DNS96_t4,35,15,0.4918,-1.4754,1.12987660e-01
DNS96_t4,35,16,0.4918,-1.3770,2.86235405e-01
DNS96_t4,35,17,0.4918,-1.2787,2.93767915e-01
DNS96_t4,35,18,0.4918,-1.1803,2.25975319e-01
DNS96_t4,35,19,0.4918,-1.0820,2.25975319e-02
DNS96_t4,36,8,0.5902,-2.1639,7.53251065e-03
DNS96_t4,36,9,0.5902,-2.0656,2.25975319e-02
DNS96_t4,36,10,0.5902,-1.9672,3.76625532e-02
DNS96_t4,36,11,0.5902,-1.8689,2.25975319e-02
DNS96_t4,36,12,0.5902,-1.7705,6.77925958e-02
DNS96_t4,36,13,0.5902,-1.6721,1.50650213e-01
DNS96_t4,36,14,0.5902,-1.5738,1.50650213e-01
DNS96_t4,36,15,0.5902,-1.4754,1.58182724e-01
DNS96_t4,36,16,0.5902,-1.3770,1.73247745e-01
DNS96_t4,36,17,0.5902,-1.2787,9.03901278e-02
DNS96_t4,37,8,0.6885,-2.1639,3.01300426e-02
DNS96_t4,37,9,0.6885,-2.0656,3.76625532e-02
DNS96_t4,37,10,0.6885,-1.9672,6.77925958e-02
DNS96_t4,37,11,0.6885,-1.8689,9.79226384e-02
DNS96_t4,37,12,0.6885,-1.7705,9.79226384e-02
DNS96_t4,37,13,0.6885,-1.6721,1.28052681e-01
DNS96_t4,37,14,0.6885,-1.5738,1.43117702e-01
DNS96_t4,37,15,0.6885,-1.4754,1.12987660e-01
DNS96_t4,37,16,0.6885,-1.3770,1.50650213e-02
DNS96_t4,38,4,0.7869,-2.5574,7.53251065e-03
DNS96_t4,38,6,0.7869,-2.3607,7.53251065e-03
DNS96_t4,38,7,0.7869,-2.2623,2.25975319e-02
DNS96_t4,38,8,0.7869,-2.1639,7.53251065e-02
DNS96_t4,38,9,0.7869,-2.0656,3.01300426e-02
DNS96_t4,38,10,0.7869,-1.9672,1.05455149e-01
DNS96_t4,38,11,0.7869,-1.8689,6.77925958e-02
DNS96_t4,38,12,0.7869,-1.7705,1.05455149e-01
DNS96_t4,38,13,0.7869,-1.6721,1.12987660e-01
DNS96_t4,38,14,0.7869,-1.5738,4.51950639e-02
DNS96_t4,39,3,0.8852,-2.6557,7.53251065e-03
DNS96_t4,39,5,0.8852,-2.4590,7.53251065e-03
DNS96_t4,39,6,0.8852,-2.3607,4.51950639e-02
DNS96_t4,39,7,0.8852,-2.2623,5.27275745e-02
DNS96_t4,39,8,0.8852,-2.1639,3.01300426e-02
DNS96_t4,39,9,0.8852,-2.0656,1.20520170e-01
DNS96_t4,39,10,0.8852,-1.9672,3.76625532e-02
DNS96_t4,39,11,0.8852,-1.8689,9.79226384e-02
DNS96_t4,39,12,0.8852,-1.7705,1.35585192e-01
DNS96_t4,39,13,0.8852,-1.6721,7.53251065e-03
DNS96_t4,40,3,0.9836,-2.6557,7.53251065e-03
DNS96_t4,40,4,0.9836,-2.5574,3.76625532e-02
DNS96_t4,40,5,0.9836,-2.4590,3.76625532e-02
DNS96_t4,40,6,0.9836,-2.3607,5.27275745e-02
DNS96_t4,40,7,0.9836,-2.2623,3.01300426e-02
DNS96_t4,40,8,0.9836,-2.1639,3.01300426e-02
DNS96_t4,40,9,0.9836,-2.0656,3.01300426e-02
DNS96_t4,40,10,0.9836,-1.9672,6.77925958e-02
DNS96_t4,40,11,0.9836,-1.8689,7.53251065e-02
DNS96_t4,41,3,1.0820,-2.6557,1.50650213e-02
DNS96_t4,41,4,1.0820,-2.5574,6.02600852e-02
DNS96_t4,41,5,1.0820,-2.4590,3.76625532e-02
DNS96_t4,41,6,1.0820,-2.3607,2.25975319e-02
DNS96_t4,41,7,1.0820,-2.2623,3.76625532e-02
DNS96_t4,41,8,1.0820,-2.1639,3.01300426e-02
DNS96_t4,41,9,1.0820,-2.0656,3.76625532e-02
DNS96_t4,41,10,1.0820,-1.9672,6.02600852e-02
DNS96_t4,42,1,1.1803,-2.8525,7.53251065e-03
DNS96_t4,42,2,1.1803,-2.7541,6.02600852e-02
DNS96_t4,42,3,1.1803,-2.6557,5.27275745e-02
DNS96_t4,42,4,1.1803,-2.5574,1.50650213e-02
DNS96_t4,42,7,1.1803,-2.2623,7.53251065e-03
DNS96_t4,42,8,1.1803,-2.1639,6.02600852e-02
DNS96_t4,42,9,1.1803,-2.0656,2.25975319e-02
DNS96_t4,43,0,1.2787,-2.9508,7.53251065e-03
DNS96_t4,43,1,1.2787,-2.8525,3.01300426e-02
DNS96_t4,43,2,1.2787,-2.7541,3.76625532e-02
DNS96_t4,43,5,1.2787,-2.4590,7.53251065e-03
DNS96_t4,43,6,1.2787,-2.3607,7.53251065e-03
DNS96_t4,43,7,1.2787,-2.2623,7.53251065e-02
DNS96_t4,43,8,1.2787,-2.1639,1.50650213e-02
DNS96_t4,44,0,1.3770,-2.9508,3.76625532e-02
DNS96_t4,44,1,1.3770,-2.8525,2.25975319e-02
DNS96_t4,44,2,1.3770,-2.7541,1.50650213e-02
DNS96_t4,44,4,1.3770,-2.5574,7.53251065e-03
DNS96_t4,44,5,1.3770,-2.4590,7.53251065e-03
DNS96_t4,44,6,1.3770,-2.3607,6.77925958e-02
DNS96_t4,44,7,1.3770,-2.2623,7.53251065e-03
DNS96_t4,45,1,1.4754,-2.8525,7.53251065e-03
DNS96_t4,45,4,1.4754,-2.5574,7.53251065e-03
DNS96_t4,45,5,1.4754,-2.4590,3.01300426e-02
DNS96_t4,45,6,1.4754,-2.3607,7.53251065e-03
DNS96_t4,46,3,1.5738,-2.6557,1.50650213e-02
DNS96_t4,46,4,1.5738,-2.5574,3.01300426e-02
DNS96_t4,47,2,1.6721,-2.7541,7.53251065e-03
DNS96_t4,47,3,1.6721,-2.6557,2.25975319e-02
DNS96_t4,48,0,1.7705,-2.9508,1.50650213e-02
DNS96_t4,48,1,1.7705,-2.8525,7.53251065e-03
DNS96_t4,50,0,1.9672,-2.9508,7.53251065e-03
DNS96_t5,0,35,-2.9508,0.4918,7.64448718e-03
DNS96_t5,0,44,-2.9508,1.3770,7.64448718e-03
DNS96_t5,0,50,-2.9508,1.9672,7.64448718e-03
DNS96_t5,1,37,-2.8525,0.6885,7.64448718e-03
DNS96_t5,1,55,-2.8525,2.4590,7.64448718e-03
DNS96_t5,1,58,-2.8525,2.7541,7.64448718e-03
DNS96_t5,1,60,-2.8525,2.9508,1.52889744e-02
DNS96_t5,2,41,-2.7541,1.0820,7.64448718e-03
DNS96_t5,3,58,-2.6557,2.7541,1.52889744e-02
DNS96_t5,4,28,-2.5574,-0.1967,7.64448718e-03
DNS96_t5,4,50,-2.5574,1.9672,7.64448718e-03
DNS96_t5,4,59,-2.5574,2.8525,7.64448718e-03
DNS96_t5,5,30,-2.4590,0.0000,1.52889744e-02
DNS96_t5,5,39,-2.4590,0.8852,7.64448718e-03
DNS96_t5,5,42,-2.4590,1.1803,7.64448718e-03
DNS96_t5,5,45,-2.4590,1.4754,1.52889744e-02
DNS96_t5,5,52,-2.4590,2.1639,7.64448718e-03
DNS96_t5,5,53,-2.4590,2.2623,7.64448718e-03
DNS96_t5,5,55,-2.4590,2.4590,7.64448718e-03
DNS96_t5,5,59,-2.4590,2.8525,7.64448718e-03
DNS96_t5,6,22,-2.3607,-0.7869,7.64448718e-03
DNS96_t5,6,43,-2.3607,1.2787,7.64448718e-03
DNS96_t5,6,57,-2.3607,2.6557,7.64448718e-03
DNS96_t5,7,17,-2.2623,-1.2787,7.64448718e-03
DNS96_t5,8,22,-2.1639,-0.7869,7.64448718e-03
DNS96_t5,8,29,-2.1639,-0.0984,7.64448718e-03
DNS96_t5,8,34,-2.1639,0.3934,7.64448718e-03
DNS96_t5,8,37,-2.1639,0.6885,7.64448718e-03
DNS96_t5,8,40,-2.1639,0.9836,7.64448718e-03
DNS96_t5,8,46,-2.1639,1.5738,7.64448718e-03
DNS96_t5,8,57,-2.1639,2.6557,7.64448718e-03
DNS96_t5,9,18,-2.0656,-1.1803,7.64448718e-03
DNS96_t5,9,37,-2.0656,0.6885,1.52889744e-02
DNS96_t5,9,40,-2.0656,0.9836,7.64448718e-03
DNS96_t5,9,43,-2.0656,1.2787,7.64448718e-03
DNS96_t5,9,44,-2.0656,1.3770,7.64448718e-03
DNS96_t5,9,47,-2.0656,1.6721,7.64448718e-03
DNS96_t5,9,48,-2.0656,1.7705,7.64448718e-03
DNS96_t5,9,51,-2.0656,2.0656,7.64448718e-03
DNS96_t5,9,60,-2.0656,2.9508,7.64448718e-03
DNS96_t5,10,25,-1.9672,-0.4918,7.64448718e-03
DNS96_t5,10,34,-1.9672,0.3934,7.64448718e-03
DNS96_t5,10,43,-1.9672,1.2787,7.64448718e-03
DNS96_t5,10,46,-1.9672,1.5738,1.52889744e-02
DNS96_t5,10,53,-1.9672,2.2623,7.64448718e-03
DNS96_t5,11,25,-1.8689,-0.4918,7.64448718e-03
DNS96_t5,11,26,-1.8689,-0.3934,7.64448718e-03
DNS96_t5,11,27,-1.8689,-0.2951,7.64448718e-03
DNS96_t5,11,52,-1.8689,2.1639,7.64448718e-03
DNS96_t5,11,56,-1.8689,2.5574,7.64448718e-03
DNS96_t5,11,59,-1.8689,2.8525,7.64448718e-03
DNS96_t5,12,28,-1.7705,-0.1967,7.64448718e-03
DNS96_t5,12,31,-1.7705,0.0984,7.64448718e-03
DNS96_t5,12,38,-1.7705,0.7869,7.64448718e-03
DNS96_t5,12,39,-1.7705,0.8852,7.64448718e-03
DNS96_t5,12,40,-1.7705,0.9836,7.64448718e-03
DNS96_t5,12,42,-1.7705,1.1803,7.64448718e-03
DNS96_t5,12,44,-1.7705,1.3770,7.64448718e-03
DNS96_t5,12,45,-1.7705,1.4754,7.64448718e-03
DNS96_t5,12,53,-1.7705,2.2623,7.64448718e-03
DNS96_t5,12,55,-1.7705,2.4590,7.64448718e-03
DNS96_t5,12,56,-1.7705,2.5574,7.64448718e-03
DNS96_t5,12,60,-1.7705,2.9508,7.64448718e-03
DNS96_t5,13,30,-1.6721,0.0000,1.52889744e-02
DNS96_t5,13,38,-1.6721,0.7869,7.64448718e-03
DNS96_t5,13,42,-1.6721,1.1803,7.64448718e-03
DNS96_t5,13,43,-1.6721,1.2787,7.64448718e-03
DNS96_t5,13,45,-1.6721,1.4754,7.64448718e-03
DNS96_t5,14,17,-1.5738,-1.2787,7.64448718e-03
DNS96_t5,14,31,-1.5738,0.0984,7.64448718e-03
DNS96_t5,14,33,-1.5738,0.2951,7.64448718e-03
DNS96_t5,14,36,-1.5738,0.5902,7.64448718e-03
DNS96_t5,14,38,-1.5738,0.7869,7.64448718e-03
DNS96_t5,14,42,-1.5738,1.1803,7.64448718e-03
DNS96_t5,14,49,-1.5738,1.8689,7.64448718e-03
DNS96_t5,14,51,-1.5738,2.0656,7.64448718e-03
DNS96_t5,14,53,-1.5738,2.2623,7.64448718e-03
DNS96_t5,15,17,-1.4754,-1.2787,7.64448718e-03
DNS96_t5,15,24,-1.4754,-0.5902,7.64448718e-03
DNS96_t5,15,28,-1.4754,-0.1967,7.64448718e-03
DNS96_t5,15,33,-1.4754,0.2951,7.64448718e-03
DNS96_t5,15,38,-1.4754,0.7869,7.64448718e-03
DNS96_t5,15,46,-1.4754,1.5738,7.64448718e-03
DNS96_t5,15,53,-1.4754,2.2623,7.64448718e-03
DNS96_t5,15,58,-1.4754,2.7541,7.64448718e-03
DNS96_t5,16,12,-1.3770,-1.7705,7.64448718e-03
DNS96_t5,16,20,-1.3770,-0.9836,7.64448718e-03
DNS96_t5,16,22,-1.3770,-0.7869,7.64448718e-03
DNS96_t5,16,25,-1.3770,-0.4918,7.64448718e-03
DNS96_t5,16,27,-1.3770,-0.2951,7.64448718e-03
DNS96_t5,16,31,-1.3770,0.0984,7.64448718e-03
DNS96_t5,16,32,-1.3770,0.1967,7.64448718e-03
DNS96_t5,16,37,-1.3770,0.6885,7.64448718e-03
DNS96_t5,16,38,-1.3770,0.7869,7.64448718e-03
DNS96_t5,16,40,-1.3770,0.9836,7.64448718e-03
DNS96_t5,16,41,-1.3770,1.0820,7.64448718e-03
DNS96_t5,16,42,-1.3770,1.1803,7.64448718e-03
DNS96_t5,16,44,-1.3770,1.3770,1.52889744e-02
DNS96_t5,16,53,-1.3770,2.2623,7.64448718e-03
DNS96_t5,16,55,-1.3770,2.4590,7.64448718e-03
DNS96_t5,17,26,-1.2787,-0.3934,7.64448718e-03
DNS96_t5,17,36,-1.2787,0.5902,7.64448718e-03
DNS96_t5,17,41,-1.2787,1.0820,7.64448718e-03
DNS96_t5,17,45,-1.2787,1.4754,7.64448718e-03
DNS96_t5,17,52,-1.2787,2.1639,7.64448718e-03
DNS96_t5,17,53,-1.2787,2.2623,7.64448718e-03
DNS96_t5,17,59,-1.2787,2.8525,7.64448718e-03
DNS96_t5,18,33,-1.1803,0.2951,1.52889744e-02
DNS96_t5,18,35,-1.1803,0.4918,7.64448718e-03
DNS96_t5,18,41,-1.1803,1.0820,7.64448718e-03
DNS96_t5,18,50,-1.1803,1.9672,1.52889744e-02
DNS96_t5,18,51,-1.1803,2.0656,7.64448718e-03
DNS96_t5,18,52,-1.1803,2.1639,7.64448718e-03
DNS96_t5,19,18,-1.0820,-1.1803,7.64448718e-03
DNS96_t5,19,28,-1.0820,-0.1967,7.64448718e-03
DNS96_t5,19,37,-1.0820,0.6885,7.64448718e-03
DNS96_t5,19,38,-1.0820,0.7869,7.64448718e-03
DNS96_t5,19,39,-1.0820,0.8852,1.52889744e-02
DNS96_t5,19,40,-1.0820,0.9836,7.64448718e-03
DNS96_t5,19,43,-1.0820,1.2787,7.64448718e-03
DNS96_t5,19,44,-1.0820,1.3770,7.64448718e-03
DNS96_t5,19,47,-1.0820,1.6721,7.64448718e-03
DNS96_t5,19,50,-1.0820,1.9672,7.64448718e-03
DNS96_t5,19,52,-1.0820,2.1639,7.64448718e-03
DNS96_t5,19,59,-1.0820,2.8525,7.64448718e-03
DNS96_t5,20,17,-0.9836,-1.2787,7.64448718e-03
DNS96_t5,20,21,-0.9836,-0.8852,7.64448718e-03
DNS96_t5,20,29,-0.9836,-0.0984,7.64448718e-03
DNS96_t5,20,30,-0.9836,0.0000,7.64448718e-03
DNS96_t5,20,32,-0.9836,0.1967,1.52889744e-02
DNS96_t5,20,39,-0.9836,0.8852,7.64448718e-03
DNS96_t5,20,41,-0.9836,1.0820,7.64448718e-03
DNS96_t5,20,45,-0.9836,1.4754,7.64448718e-03
DNS96_t5,20,46,-0.9836,1.5738,7.64448718e-03
DNS96_t5,20,48,-0.9836,1.7705,7.64448718e-03
DNS96_t5,20,50,-0.9836,1.9672,7.64448718e-03
DNS96_t5,20,56,-0.9836,2.5574,7.64448718e-03
DNS96_t5,20,60,-0.9836,2.9508,7.64448718e-03
DNS96_t5,21,22,-0.8852,-0.7869,7.64448718e-03
DNS96_t5,21,23,-0.8852,-0.6885,7.64448718e-03
DNS96_t5,21,27,-0.8852,-0.2951,7.64448718e-03
DNS96_t5,21,30,-0.8852,0.0000,1.52889744e-02
DNS96_t5,21,32,-0.8852,0.1967,1.52889744e-02
DNS96_t5,21,33,-0.8852,0.2951,7.64448718e-03
DNS96_t5,21,34,-0.8852,0.3934,7.64448718e-03
DNS96_t5,21,38,-0.8852,0.7869,7.64448718e-03
DNS96_t5,21,39,-0.8852,0.8852,1.52889744e-02
DNS96_t5,21,43,-0.8852,1.2787,7.64448718e-03
DNS96_t5,21,50,-0.8852,1.9672,7.64448718e-03
DNS96_t5,21,55,-0.8852,2.4590,7.64448718e-03
DNS96_t5,21,57,-0.8852,2.6557,1.52889744e-02
DNS96_t5,22,20,-0.7869,-0.9836,7.64448718e-03
DNS96_t5,22,25,-0.7869,-0.4918,1.52889744e-02
DNS96_t5,22,30,-0.7869,0.0000,7.64448718e-03
DNS96_t5,22,32,-0.7869,0.1967,1.52889744e-02
DNS96_t5,22,33,-0.7869,0.2951,7.64448718e-03
DNS96_t5,22,37,-0.7869,0.6885,7.64448718e-03
DNS96_t5,22,38,-0.7869,0.7869,7.64448718e-03
DNS96_t5,22,40,-0.7869,0.9836,7.64448718e-03
DNS96_t5,22,41,-0.7869,1.0820,7.64448718e-03
DNS96_t5,22,42,-0.7869,1.1803,7.64448718e-03
DNS96_t5,22,44,-0.7869,1.3770,7.64448718e-03
DNS96_t5,22,49,-0.7869,1.8689,7.64448718e-03
DNS96_t5,22,50,-0.7869,1.9672,7.64448718e-03
DNS96_t5,22,55,-0.7869,2.4590,7.64448718e-03
DNS96_t5,22,60,-0.7869,2.9508,7.64448718e-03
DNS96_t5,23,21,-0.6885,-0.8852,7.64448718e-03
DNS96_t5,23,24,-0.6885,-0.5902,1.52889744e-02
DNS96_t5,23,27,-0.6885,-0.2951,7.64448718e-03
DNS96_t5,23,28,-0.6885,-0.1967,7.64448718e-03
DNS96_t5,23,32,-0.6885,0.1967,7.64448718e-03
DNS96_t5,23,35,-0.6885,0.4918,7.64448718e-03
DNS96_t5,23,38,-0.6885,0.7869,7.64448718e-03
DNS96_t5,23,40,-0.6885,0.9836,7.64448718e-03
DNS96_t5,23,41,-0.6885,1.0820,1.52889744e-02
DNS96_t5,23,45,-0.6885,1.4754,7.64448718e-03
DNS96_t5,23,47,-0.6885,1.6721,2.29334615e-02
DNS96_t5,23,48,-0.6885,1.7705,1.52889744e-02
DNS96_t5,23,51,-0.6885,2.0656,7.64448718e-03
DNS96_t5,23,53,-0.6885,2.2623,1.52889744e-02
DNS96_t5,23,56,-0.6885,2.5574,7.64448718e-03
DNS96_t5,24,17,-0.5902,-1.2787,7.64448718e-03
DNS96_t5,24,18,-0.5902,-1.1803,7.64448718e-03
DNS96_t5,24,19,-0.5902,-1.0820,7.64448718e-03
DNS96_t5,24,24,-0.5902,-0.5902,7.64448718e-03
DNS96_t5,24,26,-0.5902,-0.3934,7.64448718e-03
DNS96_t5,24,29,-0.5902,-0.0984,2.29334615e-02
DNS96_t5,24,30,-0.5902,0.0000,7.64448718e-03
DNS96_t5,24,31,-0.5902,0.0984,7.64448718e-03
DNS96_t5,24,32,-0.5902,0.1967,3.05779487e-02
DNS96_t5,24,34,-0.5902,0.3934,7.64448718e-03
DNS96_t5,24,38,-0.5902,0.7869,7.64448718e-03
DNS96_t5,24,40,-0.5902,0.9836,7.64448718e-03
DNS96_t5,24,42,-0.5902,1.1803,7.64448718e-03
DNS96_t5,24,43,-0.5902,1.2787,7.64448718e-03
DNS96_t5,24,44,-0.5902,1.3770,7.64448718e-03
DNS96_t5,24,45,-0.5902,1.4754,1.52889744e-02
DNS96_t5,24,50,-0.5902,1.9672,7.64448718e-03
DNS96_t5,24,51,-0.5902,2.0656,7.64448718e-03
DNS96_t5,24,53,-0.5902,2.2623,7.64448718e-03
DNS96_t5,24,54,-0.5902,2.3607,7.64448718e-03
DNS96_t5,24,55,-0.5902,2.4590,7.64448718e-03
DNS96_t5,24,60,-0.5902,2.9508,7.64448718e-03
DNS96_t5,25,14,-0.4918,-1.5738,1.52889744e-02
DNS96_t5,25,16,-0.4918,-1.3770,7.64448718e-03
DNS96_t5,25,20,-0.4918,-0.9836,7.64448718e-03
DNS96_t5,25,24,-0.4918,-0.5902,7.64448718e-03
DNS96_t5,25,25,-0.4918,-0.4918,7.64448718e-03
DNS96_t5,25,29,-0.4918,-0.0984,7.64448718e-03
DNS96_t5,25,34,-0.4918,0.3934,7.64448718e-03
DNS96_t5,25,35,-0.4918,0.4918,7.64448718e-03
DNS96_t5,25,36,-0.4918,0.5902,7.64448718e-03
DNS96_t5,25,37,-0.4918,0.6885,7.64448718e-03
DNS96_t5,25,38,-0.4918,0.7869,2.29334615e-02
DNS96_t5,25,39,-0.4918,0.8852,7.64448718e-03
DNS96_t5,25,40,-0.4918,0.9836,6.88003846e-02
DNS96_t5,25,41,-0.4918,1.0820,2.29334615e-02
DNS96_t5,25,42,-0.4918,1.1803,5.35114102e-02
DNS96_t5,25,43,-0.4918,1.2787,9.17338461e-02
DNS96_t5,25,44,-0.4918,1.3770,6.11558974e-02
DNS96_t5,25,45,-0.4918,1.4754,1.07022820e-01
DNS96_t5,25,46,-0.4918,1.5738,3.05779487e-02
DNS96_t5,25,48,-0.4918,1.7705,7.64448718e-03
DNS96_t5,25,50,-0.4918,1.9672,7.64448718e-03
DNS96_t5,25,51,-0.4918,2.0656,7.64448718e-03
DNS96_t5,25,53,-0.4918,2.2623,7.64448718e-03
DNS96_t5,25,54,-0.4918,2.3607,7.64448718e-03
DNS96_t5,25,56,-0.4918,2.5574,7.64448718e-03
DNS96_t5,25,57,-0.4918,2.6557,7.64448718e-03
DNS96_t5,26,20,-0.3934,-0.9836,7.64448718e-03
DNS96_t5,26,21,-0.3934,-0.8852,7.64448718e-03
DNS96_t5,26,24,-0.3934,-0.5902,7.64448718e-03
DNS96_t5,26,25,-0.3934,-0.4918,7.64448718e-03
DNS96_t5,26,29,-0.3934,-0.0984,1.52889744e-02
DNS96_t5,26,30,-0.3934,0.0000,7.64448718e-03
DNS96_t5,26,31,-0.3934,0.0984,2.29334615e-02
DNS96_t5,26,32,-0.3934,0.1967,7.64448718e-03
DNS96_t5,26,33,-0.3934,0.2951,1.52889744e-02
DNS96_t5,26,34,-0.3934,0.3934,1.52889744e-02
DNS96_t5,26,35,-0.3934,0.4918,1.52889744e-02
DNS96_t5,26,36,-0.3934,0.5902,6.88003846e-02
DNS96_t5,26,37,-0.3934,0.6885,6.11558974e-02
DNS96_t5,26,38,-0.3934,0.7869,5.35114102e-02
DNS96_t5,26,39,-0.3934,0.8852,6.11558974e-02
DNS96_t5,26,40,-0.3934,0.9836,7.64448718e-02
DNS96_t5,26,41,-0.3934,1.0820,9.93783333e-02
DNS96_t5,26,42,-0.3934,1.1803,1.68178718e-01
DNS96_t5,26,43,-0.3934,1.2787,1.52889744e-01
DNS96_t5,26,44,-0.3934,1.3770,1.68178718e-01
DNS96_t5,26,45,-0.3934,1.4754,7.64448718e-02
DNS96_t5,26,46,-0.3934,1.5738,8.40893589e-02
DNS96_t5,26,47,-0.3934,1.6721,3.05779487e-02
DNS96_t5,26,48,-0.3934,1.7705,3.05779487e-02
DNS96_t5,26,51,-0.3934,2.0656,7.64448718e-03
DNS96_t5,26,55,-0.3934,2.4590,7.64448718e-03
DNS96_t5,26,59,-0.3934,2.8525,7.64448718e-03
DNS96_t5,27,14,-0.2951,-1.5738,1.52889744e-02
DNS96_t5,27,17,-0.2951,-1.2787,7.64448718e-03
DNS96_t5,27,18,-0.2951,-1.1803,7.64448718e-03
DNS96_t5,27,21,-0.2951,-0.8852,7.64448718e-03
DNS96_t5,27,22,-0.2951,-0.7869,1.52889744e-02
DNS96_t5,27,23,-0.2951,-0.6885,1.52889744e-02
DNS96_t5,27,25,-0.2951,-0.4918,7.64448718e-03
DNS96_t5,27,26,-0.2951,-0.3934,7.64448718e-03
DNS96_t5,27,28,-0.2951,-0.1967,7.64448718e-03
DNS96_t5,27,31,-0.2951,0.0984,2.29334615e-02
DNS96_t5,27,32,-0.2951,0.1967,7.64448718e-03
DNS96_t5,27,33,-0.2951,0.2951,2.29334615e-02
DNS96_t5,27,34,-0.2951,0.3934,3.82224359e-02
DNS96_t5,27,35,-0.2951,0.4918,1.14667308e-01
DNS96_t5,27,36,-0.2951,0.5902,9.17338461e-02
DNS96_t5,27,37,-0.2951,0.6885,1.75823205e-01
DNS96_t5,27,38,-0.2951,0.7869,2.06401154e-01
DNS96_t5,27,39,-0.2951,0.8852,1.98756667e-01
DNS96_t5,27,40,-0.2951,0.9836,2.52268077e-01
DNS96_t5,27,41,-0.2951,1.0820,2.82846026e-01
DNS96_t5,27,42,-0.2951,1.1803,1.98756667e-01
DNS96_t5,27,43,-0.2951,1.2787,1.75823205e-01
DNS96_t5,27,44,-0.2951,1.3770,4.58669231e-02
DNS96_t5,27,45,-0.2951,1.4754,3.05779487e-02
DNS96_t5,27,46,-0.2951,1.5738,1.52889744e-02
DNS96_t5,27,47,-0.2951,1.6721,1.52889744e-02
DNS96_t5,27,48,-0.2951,1.7705,1.52889744e-02
DNS96_t5,27,49,-0.2951,1.8689,2.29334615e-02
DNS96_t5,27,51,-0.2951,2.0656,1.52889744e-02
DNS96_t5,27,52,-0.2951,2.1639,7.64448718e-03
DNS96_t5,27,55,-0.2951,2.4590,7.64448718e-03
DNS96_t5,27,56,-0.2951,2.5574,7.64448718e-03
DNS96_t5,27,59,-0.2951,2.8525,7.64448718e-03
DNS96_t5,28,12,-0.1967,-1.7705,7.64448718e-03
DNS96_t5,28,14,-0.1967,-1.5738,1.52889744e-02
DNS96_t5,28,16,-0.1967,-1.3770,1.52889744e-02
DNS96_t5,28,18,-0.1967,-1.1803,1.52889744e-02
DNS96_t5,28,19,-0.1967,-1.0820,7.64448718e-03
DNS96_t5,28,20,-0.1967,-0.9836,7.64448718e-03
DNS96_t5,28,21,-0.1967,-0.8852,7.64448718e-03
DNS96_t5,28,22,-0.1967,-0.7869,3.05779487e-02
DNS96_t5,28,23,-0.1967,-0.6885,6.26847948e-01
DNS96_t5,28,24,-0.1967,-0.5902,6.34492436e-01
DNS96_t5,28,25,-0.1967,-0.4918,3.51646410e-01
DNS96_t5,28,26,-0.1967,-0.3934,2.90490513e-01
DNS96_t5,28,27,-0.1967,-0.2951,3.44001923e-01
DNS96_t5,28,28,-0.1967,-0.1967,1.68178718e-01
DNS96_t5,28,29,-0.1967,-0.0984,1.14667308e-01
DNS96_t5,28,30,-0.1967,0.0000,1.91112179e-01
DNS96_t5,28,31,-0.1967,0.0984,2.82846026e-01
DNS96_t5,28,32,-0.1967,0.1967,1.83467692e-01
DNS96_t5,28,33,-0.1967,0.2951,2.44623590e-01
DNS96_t5,28,34,-0.1967,0.3934,3.13423974e-01
DNS96_t5,28,35,-0.1967,0.4918,3.89868846e-01
DNS96_t5,28,36,-0.1967,0.5902,3.28712949e-01
DNS96_t5,28,37,-0.1967,0.6885,3.21068461e-01
DNS96_t5,28,38,-0.1967,0.7869,3.21068461e-01
DNS96_t5,28,39,-0.1967,0.8852,2.82846026e-01
DNS96_t5,28,40,-0.1967,0.9836,3.28712949e-01
DNS96_t5,28,41,-0.1967,1.0820,2.36979102e-01
DNS96_t5,28,42,-0.1967,1.1803,1.14667308e-01
DNS96_t5,28,43,-0.1967,1.2787,6.88003846e-02
DNS96_t5,28,45,-0.1967,1.4754,1.52889744e-02
DNS96_t5,28,46,-0.1967,1.5738,2.29334615e-02
DNS96_t5,28,47,-0.1967,1.6721,1.52889744e-02
DNS96_t5,28,48,-0.1967,1.7705,2.29334615e-02
DNS96_t5,28,49,-0.1967,1.8689,3.05779487e-02
DNS96_t5,28,50,-0.1967,1.9672,1.52889744e-02
DNS96_t5,28,52,-0.1967,2.1639,1.52889744e-02
DNS96_t5,28,53,-0.1967,2.2623,7.64448718e-03
DNS96_t5,28,57,-0.1967,2.6557,7.64448718e-03
DNS96_t5,29,14,-0.0984,-1.5738,7.64448718e-03
DNS96_t5,29,17,-0.0984,-1.2787,7.64448718e-03
DNS96_t5,29,18,-0.0984,-1.1803,7.64448718e-03
DNS96_t5,29,19,-0.0984,-1.0820,7.64448718e-03
DNS96_t5,29,20,-0.0984,-0.9836,7.64448718e-03
DNS96_t5,29,21,-0.0984,-0.8852,1.52889744e-02
DNS96_t5,29,22,-0.0984,-0.7869,3.05779487e-02
DNS96_t5,29,23,-0.0984,-0.6885,1.60534231e-01
DNS96_t5,29,24,-0.0984,-0.5902,5.50403077e-01
DNS96_t5,29,25,-0.0984,-0.4918,5.80981025e-01
DNS96_t5,29,26,-0.0984,-0.3934,4.51024743e-01
DNS96_t5,29,27,-0.0984,-0.2951,6.03914487e-01
DNS96_t5,29,28,-0.0984,-0.1967,7.79737692e-01
DNS96_t5,29,29,-0.0984,-0.0984,6.95648333e-01
DNS96_t5,29,30,-0.0984,0.0000,1.00142782e+00
DNS96_t5,29,31,-0.0984,0.0984,1.36071872e+00
DNS96_t5,29,32,-0.0984,0.1967,1.34542974e+00
DNS96_t5,29,33,-0.0984,0.2951,1.26898487e+00
DNS96_t5,29,34,-0.0984,0.3934,8.56182564e-01
DNS96_t5,29,35,-0.0984,0.4918,5.12180641e-01
DNS96_t5,29,36,-0.0984,0.5902,5.80981025e-01
DNS96_t5,29,37,-0.0984,0.6885,4.66313718e-01
DNS96_t5,29,38,-0.0984,0.7869,3.74579872e-01
DNS96_t5,29,39,-0.0984,0.8852,2.59912564e-01
DNS96_t5,29,40,-0.0984,0.9836,2.52268077e-01
DNS96_t5,29,41,-0.0984,1.0820,5.35114102e-02
DNS96_t5,29,42,-0.0984,1.1803,2.29334615e-02
DNS96_t5,29,43,-0.0984,1.2787,1.52889744e-02
DNS96_t5,29,44,-0.0984,1.3770,3.05779487e-02
DNS96_t5,29,45,-0.0984,1.4754,1.52889744e-02
DNS96_t5,29,46,-0.0984,1.5738,3.05779487e-02
DNS96_t5,29,47,-0.0984,1.6721,7.64448718e-03
DNS96_t5,29,48,-0.0984,1.7705,7.64448718e-03
DNS96_t5,29,50,-0.0984,1.9672,7.64448718e-03
DNS96_t5,29,54,-0.0984,2.3607,7.64448718e-03
DNS96_t5,29,55,-0.0984,2.4590,1.52889744e-02
DNS96_t5,29,56,-0.0984,2.5574,7.64448718e-03
DNS96_t5,29,57,-0.0984,2.6557,7.64448718e-03
DNS96_t5,29,59,-0.0984,2.8525,1.52889744e-02
DNS96_t5,30,11,0.0000,-1.8689,7.64448718e-03
DNS96_t5,30,15,0.0000,-1.4754,7.64448718e-03
DNS96_t5,30,17,0.0000,-1.2787,7.64448718e-03
DNS96_t5,30,20,0.0000,-0.9836,1.52889744e-02
DNS96_t5,30,21,0.0000,-0.8852,2.29334615e-02
DNS96_t5,30,22,0.0000,-0.7869,3.82224359e-02
DNS96_t5,30,23,0.0000,-0.6885,3.05779487e-02
DNS96_t5,30,24,0.0000,-0.5902,6.88003846e-02
DNS96_t5,30,25,0.0000,-0.4918,2.75201538e-01
DNS96_t5,30,26,0.0000,-0.3934,3.59290897e-01
DNS96_t5,30,27,0.0000,-0.2951,1.15431756e+00
DNS96_t5,30,28,0.0000,-0.1967,5.85567718e+00
DNS96_t5,30,29,0.0000,-0.0984,9.32627436e+00
DNS96_t5,30,30,0.0000,0.0000,7.47630846e+00
DNS96_t5,30,31,0.0000,0.0984,4.80838243e+00
DNS96_t5,30,32,0.0000,0.1967,3.36357436e+00
DNS96_t5,30,33,0.0000,0.2951,3.44766372e+00
DNS96_t5,30,34,0.0000,0.3934,1.56711987e+00
DNS96_t5,30,35,0.0000,0.4918,1.10080615e+00
DNS96_t5,30,36,0.0000,0.5902,7.18581795e-01
DNS96_t5,30,37,0.0000,0.6885,4.43380256e-01
DNS96_t5,30,38,0.0000,0.7869,3.28712949e-01
DNS96_t5,30,39,0.0000,0.8852,1.83467692e-01
DNS96_t5,30,40,0.0000,0.9836,5.35114102e-02
DNS96_t5,30,41,0.0000,1.0820,5.35114102e-02
DNS96_t5,30,42,0.0000,1.1803,1.52889744e-02
DNS96_t5,30,43,0.0000,1.2787,3.82224359e-02
DNS96_t5,30,45,0.0000,1.4754,3.05779487e-02
DNS96_t5,30,46,0.0000,1.5738,1.52889744e-02
DNS96_t5,30,47,0.0000,1.6721,2.29334615e-02
DNS96_t5,30,48,0.0000,1.7705,1.52889744e-02
DNS96_t5,30,49,0.0000,1.8689,7.64448718e-03
DNS96_t5,30,50,0.0000,1.9672,7.64448718e-03
DNS96_t5,30,51,0.0000,2.0656,1.52889744e-02
DNS96_t5,30,52,0.0000,2.1639,7.64448718e-03
DNS96_t5,30,53,0.0000,2.2623,7.64448718e-03
DNS96_t5,30,55,0.0000,2.4590,7.64448718e-03
DNS96_t5,30,56,0.0000,2.5574,7.64448718e-03
DNS96_t5,30,59,0.0000,2.8525,7.64448718e-03
DNS96_t5,31,14,0.0984,-1.5738,7.64448718e-03
DNS96_t5,31,17,0.0984,-1.2787,7.64448718e-03
DNS96_t5,31,18,0.0984,-1.1803,1.52889744e-02
DNS96_t5,31,19,0.0984,-1.0820,7.64448718e-03
DNS96_t5,31,20,0.0984,-0.9836,3.05779487e-02
DNS96_t5,31,21,0.0984,-0.8852,4.58669231e-02
DNS96_t5,31,22,0.0984,-0.7869,3.05779487e-02
DNS96_t5,31,23,0.0984,-0.6885,1.83467692e-01
DNS96_t5,31,24,0.0984,-0.5902,4.73958205e-01
DNS96_t5,31,25,0.0984,-0.4918,1.07787269e+00
DNS96_t5,31,26,0.0984,-0.3934,1.65120923e+00
DNS96_t5,31,27,0.0984,-0.2951,2.03343359e+00
DNS96_t5,31,28,0.0984,-0.1967,1.74294308e+00
DNS96_t5,31,29,0.0984,-0.0984,1.97227769e+00
DNS96_t5,31,30,0.0984,0.0000,2.87432718e+00
DNS96_t5,31,31,0.0984,0.0984,3.21068461e+00
DNS96_t5,31,32,0.0984,0.1967,3.32535192e+00
DNS96_t5,31,33,0.0984,0.2951,2.59148115e+00
DNS96_t5,31,34,0.0984,0.3934,1.33778526e+00
DNS96_t5,31,35,0.0984,0.4918,7.26226282e-01
DNS96_t5,31,36,0.0984,0.5902,4.28091282e-01
DNS96_t5,31,37,0.0984,0.6885,1.29956282e-01
DNS96_t5,31,38,0.0984,0.7869,6.88003846e-02
DNS96_t5,31,39,0.0984,0.8852,2.29334615e-02
DNS96_t5,31,40,0.0984,0.9836,2.29334615e-02
DNS96_t5,31,41,0.0984,1.0820,1.52889744e-02
DNS96_t5,31,42,0.0984,1.1803,7.64448718e-03
DNS96_t5,31,43,0.0984,1.2787,7.64448718e-03
DNS96_t5,31,44,0.0984,1.3770,2.29334615e-02
DNS96_t5,31,45,0.0984,1.4754,2.29334615e-02
DNS96_t5,31,46,0.0984,1.5738,1.52889744e-02
DNS96_t5,31,48,0.0984,1.7705,1.52889744e-02
DNS96_t5,31,49,0.0984,1.8689,2.29334615e-02
DNS96_t5,31,52,0.0984,2.1639,7.64448718e-03
DNS96_t5,31,55,0.0984,2.4590,7.64448718e-03
DNS96_t5,32,6,0.1967,-2.3607,7.64448718e-03
DNS96_t5,32,10,0.1967,-1.9672,7.64448718e-03
DNS96_t5,32,11,0.1967,-1.8689,7.64448718e-03
DNS96_t5,32,12,0.1967,-1.7705,7.64448718e-03
DNS96_t5,32,13,0.1967,-1.6721,7.64448718e-03
DNS96_t5,32,15,0.1967,-1.4754,7.64448718e-03
DNS96_t5,32,16,0.1967,-1.3770,1.52889744e-02
DNS96_t5,32,17,0.1967,-1.2787,1.52889744e-02
DNS96_t5,32,19,0.1967,-1.0820,1.52889744e-02
DNS96_t5,32,20,0.1967,-0.9836,5.35114102e-02
DNS96_t5,32,21,0.1967,-0.8852,2.90490513e-01
DNS96_t5,32,22,0.1967,-0.7869,4.81602692e-01
DNS96_t5,32,23,0.1967,-0.6885,6.03914487e-01
DNS96_t5,32,24,0.1967,-0.5902,5.80981025e-01
DNS96_t5,32,25,0.1967,-0.4918,1.98756667e-01
DNS96_t5,32,26,0.1967,-0.3934,1.83467692e-01
DNS96_t5,32,27,0.1967,-0.2951,1.75823205e-01
DNS96_t5,32,28,0.1967,-0.1967,1.98756667e-01
DNS96_t5,32,29,0.1967,-0.0984,2.29334615e-01
DNS96_t5,32,30,0.1967,0.0000,3.05779487e-01
DNS96_t5,32,31,0.1967,0.0984,3.74579872e-01
DNS96_t5,32,32,0.1967,0.1967,2.82846026e-01
DNS96_t5,32,33,0.1967,0.2951,2.75201538e-01
DNS96_t5,32,34,0.1967,0.3934,1.68178718e-01
DNS96_t5,32,35,0.1967,0.4918,8.40893589e-02
DNS96_t5,32,36,0.1967,0.5902,7.64448718e-03
DNS96_t5,32,37,0.1967,0.6885,3.82224359e-02
DNS96_t5,32,38,0.1967,0.7869,3.05779487e-02
DNS96_t5,32,39,0.1967,0.8852,3.05779487e-02
DNS96_t5,32,40,0.1967,0.9836,3.05779487e-02
DNS96_t5,32,41,0.1967,1.0820,3.05779487e-02
DNS96_t5,32,42,0.1967,1.1803,2.29334615e-02
DNS96_t5,32,43,0.1967,1.2787,1.52889744e-02
DNS96_t5,32,44,0.1967,1.3770,7.64448718e-03
DNS96_t5,32,45,0.1967,1.4754,7.64448718e-03
DNS96_t5,32,48,0.1967,1.7705,7.64448718e-03
DNS96_t5,32,49,0.1967,1.8689,1.52889744e-02
DNS96_t5,32,51,0.1967,2.0656,7.64448718e-03
DNS96_t5,32,52,0.1967,2.1639,7.64448718e-03
DNS96_t5,32,54,0.1967,2.3607,7.64448718e-03
DNS96_t5,32,55,0.1967,2.4590,7.64448718e-03
DNS96_t5,32,56,0.1967,2.5574,7.64448718e-03
DNS96_t5,32,57,0.1967,2.6557,7.64448718e-03
DNS96_t5,32,59,0.1967,2.8525,7.64448718e-03
DNS96_t5,33,8,0.2951,-2.1639,7.64448718e-03
DNS96_t5,33,11,0.2951,-1.8689,7.64448718e-03
DNS96_t5,33,13,0.2951,-1.6721,7.64448718e-03
DNS96_t5,33,14,0.2951,-1.5738,1.52889744e-02
DNS96_t5,33,15,0.2951,-1.4754,7.64448718e-03
DNS96_t5,33,16,0.2951,-1.3770,1.52889744e-02
DNS96_t5,33,17,0.2951,-1.2787,3.82224359e-02
DNS96_t5,33,18,0.2951,-1.1803,8.40893589e-02
DNS96_t5,33,19,0.2951,-1.0820,2.44623590e-01
DNS96_t5,33,20,0.2951,-0.9836,4.20446795e-01
DNS96_t5,33,21,0.2951,-0.8852,3.36357436e-01
DNS96_t5,33,22,0.2951,-0.7869,2.98135000e-01
DNS96_t5,33,23,0.2951,-0.6885,9.17338461e-02
DNS96_t5,33,24,0.2951,-0.5902,8.40893589e-02
DNS96_t5,33,25,0.2951,-0.4918,8.40893589e-02
DNS96_t5,33,26,0.2951,-0.3934,9.17338461e-02
DNS96_t5,33,27,0.2951,-0.2951,8.40893589e-02
DNS96_t5,33,28,0.2951,-0.1967,6.88003846e-02
DNS96_t5,33,29,0.2951,-0.0984,9.17338461e-02
DNS96_t5,33,30,0.2951,0.0000,3.05779487e-02
DNS96_t5,33,31,0.2951,0.0984,7.64448718e-03
DNS96_t5,33,32,0.2951,0.1967,3.05779487e-02
DNS96_t5,33,33,0.2951,0.2951,1.52889744e-02
DNS96_t5,33,34,0.2951,0.3934,2.29334615e-02
DNS96_t5,33,35,0.2951,0.4918,1.52889744e-02
DNS96_t5,33,36,0.2951,0.5902,3.05779487e-02
DNS96_t5,33,37,0.2951,0.6885,1.52889744e-02
DNS96_t5,33,38,0.2951,0.7869,1.52889744e-02
DNS96_t5,33,39,0.2951,0.8852,2.29334615e-02
DNS96_t5,33,40,0.2951,0.9836,1.52889744e-02
DNS96_t5,33,41,0.2951,1.0820,7.64448718e-03
DNS96_t5,33,42,0.2951,1.1803,2.29334615e-02
DNS96_t5,33,43,0.2951,1.2787,1.52889744e-02
DNS96_t5,33,44,0.2951,1.3770,7.64448718e-03
DNS96_t5,33,45,0.2951,1.4754,1.52889744e-02
DNS96_t5,33,47,0.2951,1.6721,1.52889744e-02
DNS96_t5,33,48,0.2951,1.7705,7.64448718e-03
DNS96_t5,33,50,0.2951,1.9672,7.64448718e-03
DNS96_t5,33,51,0.2951,2.0656,1.52889744e-02
DNS96_t5,33,53,0.2951,2.2623,7.64448718e-03
DNS96_t5,33,56,0.2951,2.5574,7.64448718e-03
DNS96_t5,33,58,0.2951,2.7541,7.64448718e-03
DNS96_t5,34,7,0.3934,-2.2623,7.64448718e-03
DNS96_t5,34,10,0.3934,-1.9672,7.64448718e-03
DNS96_t5,34,12,0.3934,-1.7705,7.64448718e-03
DNS96_t5,34,13,0.3934,-1.6721,7.64448718e-03
DNS96_t5,34,14,0.3934,-1.5738,1.52889744e-02
DNS96_t5,34,15,0.3934,-1.4754,1.52889744e-02
DNS96_t5,34,16,0.3934,-1.3770,1.60534231e-01
DNS96_t5,34,17,0.3934,-1.2787,2.36979102e-01
DNS96_t5,34,18,0.3934,-1.1803,3.28712949e-01
DNS96_t5,34,19,0.3934,-1.0820,3.44001923e-01
DNS96_t5,34,20,0.3934,-0.9836,1.91112179e-01
DNS96_t5,34,21,0.3934,-0.8852,6.88003846e-02
DNS96_t5,34,22,0.3934,-0.7869,3.82224359e-02
DNS96_t5,34,23,0.3934,-0.6885,2.29334615e-02
DNS96_t5,34,24,0.3934,-0.5902,7.64448718e-03
DNS96_t5,34,32,0.3934,0.1967,1.52889744e-02
DNS96_t5,34,33,0.3934,0.2951,1.52889744e-02
DNS96_t5,34,34,0.3934,0.3934,3.82224359e-02
DNS96_t5,34,36,0.3934,0.5902,2.29334615e-02
DNS96_t5,34,37,0.3934,0.6885,1.52889744e-02
DNS96_t5,34,39,0.3934,0.8852,1.52889744e-02
DNS96_t5,34,40,0.3934,0.9836,1.52889744e-02
DNS96_t5,34,42,0.3934,1.1803,7.64448718e-03
DNS96_t5,34,43,0.3934,1.2787,1.52889744e-02
DNS96_t5,34,45,0.3934,1.4754,2.29334615e-02
DNS96_t5,34,48,0.3934,1.7705,7.64448718e-03
DNS96_t5,34,49,0.3934,1.8689,7.64448718e-03
DNS96_t5,34,50,0.3934,1.9672,7.64448718e-03
DNS96_t5,34,53,0.3934,2.2623,7.64448718e-03
DNS96_t5,34,54,0.3934,2.3607,1.52889744e-02
DNS96_t5,35,6,0.4918,-2.3607,7.64448718e-03
DNS96_t5,35,8,0.4918,-2.1639,7.64448718e-03
DNS96_t5,35,10,0.4918,-1.9672,7.64448718e-03
DNS96_t5,35,11,0.4918,-1.8689,7.64448718e-03
DNS96_t5,35,12,0.4918,-1.7705,7.64448718e-02
DNS96_t5,35,13,0.4918,-1.6721,5.35114102e-02
DNS96_t5,35,14,0.4918,-1.5738,1.14667308e-01
DNS96_t5,35,15,0.4918,-1.4754,1.68178718e-01
DNS96_t5,35,16,0.4918,-1.3770,1.68178718e-01
DNS96_t5,35,17,0.4918,-1.2787,1.60534231e-01
DNS96_t5,35,18,0.4918,-1.1803,1.22311795e-01
DNS96_t5,35,19,0.4918,-1.0820,4.58669231e-02
DNS96_t5,35,20,0.4918,-0.9836,7.64448718e-03
DNS96_t5,35,33,0.4918,0.2951,7.64448718e-03
DNS96_t5,35,36,0.4918,0.5902,7.64448718e-03
DNS96_t5,35,37,0.4918,0.6885,7.64448718e-03
DNS96_t5,35,38,0.4918,0.7869,1.52889744e-02
DNS96_t5,35,39,0.4918,0.8852,7.64448718e-03
DNS96_t5,35,40,0.4918,0.9836,7.64448718e-03
DNS96_t5,35,41,0.4918,1.0820,7.64448718e-03
DNS96_t5,35,42,0.4918,1.1803,7.64448718e-03
DNS96_t5,35,45,0.4918,1.4754,1.52889744e-02
DNS96_t5,35,46,0.4918,1.5738,1.52889744e-02
DNS96_t5,35,48,0.4918,1.7705,7.64448718e-03
DNS96_t5,35,52,0.4918,2.1639,7.64448718e-03
DNS96_t5,35,54,0.4918,2.3607,7.64448718e-03
DNS96_t5,36,1,0.5902,-2.8525,7.64448718e-03
DNS96_t5,36,6,0.5902,-2.3607,7.64448718e-03
DNS96_t5,36,9,0.5902,-2.0656,2.29334615e-02
DNS96_t5,36,10,0.5902,-1.9672,1.52889744e-02
DNS96_t5,36,11,0.5902,-1.8689,6.11558974e-02
DNS96_t5,36,12,0.5902,-1.7705,8.40893589e-02
DNS96_t5,36,13,0.5902,-1.6721,9.93783333e-02
DNS96_t5,36,14,0.5902,-1.5738,1.75823205e-01
DNS96_t5,36,15,0.5902,-1.4754,1.29956282e-01
DNS96_t5,36,16,0.5902,-1.3770,1.07022820e-01
DNS96_t5,36,17,0.5902,-1.2787,3.82224359e-02
DNS96_t5,36,18,0.5902,-1.1803,7.64448718e-03
DNS96_t5,36,35,0.5902,0.4918,7.64448718e-03
DNS96_t5,36,36,0.5902,0.5902,7.64448718e-03
DNS96_t5,36,37,0.5902,0.6885,1.52889744e-02
DNS96_t5,36,38,0.5902,0.7869,1.52889744e-02
DNS96_t5,36,40,0.5902,0.9836,7.64448718e-03
DNS96_t5,36,41,0.5902,1.0820,7.64448718e-03
DNS96_t5,36,44,0.5902,1.3770,1.52889744e-02
DNS96_t5,36,46,0.5902,1.5738,2.29334615e-02
DNS96_t5,36,48,0.5902,1.7705,7.64448718e-03
DNS96_t5,36,50,0.5902,1.9672,7.64448718e-03
DNS96_t5,36,52,0.5902,2.1639,7.64448718e-03
DNS96_t5,37,2,0.6885,-2.7541,7.64448718e-03
DNS96_t5,37,7,0.6885,-2.2623,7.64448718e-03
DNS96_t5,37,8,0.6885,-2.1639,2.29334615e-02
DNS96_t5,37,9,0.6885,-2.0656,3.82224359e-02
DNS96_t5,37,10,0.6885,-1.9672,5.35114102e-02
DNS96_t5,37,11,0.6885,-1.8689,7.64448718e-02
DNS96_t5,37,12,0.6885,-1.7705,6.88003846e-02
DNS96_t5,37,13,0.6885,-1.6721,9.17338461e-02
DNS96_t5,37,14,0.6885,-1.5738,1.07022820e-01
DNS96_t5,37,15,0.6885,-1.4754,9.17338461e-02
DNS96_t5,37,16,0.6885,-1.3770,1.52889744e-02
DNS96_t5,37,36,0.6885,0.5902,7.64448718e-03
DNS96_t5,37,37,0.6885,0.6885,7.64448718e-03
DNS96_t5,37,38,0.6885,0.7869,2.29334615e-02
DNS96_t5,37,39,0.6885,0.8852,1.52889744e-02
DNS96_t5,37,41,0.6885,1.0820,1.52889744e-02
DNS96_t5,37,44,0.6885,1.3770,7.64448718e-03
DNS96_t5,37,45,0.6885,1.4754,7.64448718e-03
DNS96_t5,37,47,0.6885,1.6721,7.64448718e-03
DNS96_t5,38,4,0.7869,-2.5574,1.52889744e-02
DNS96_t5,38,5,0.7869,-2.4590,1.52889744e-02
DNS96_t5,38,7,0.7869,-2.2623,1.52889744e-02
DNS96_t5,38,8,0.7869,-2.1639,5.35114102e-02
DNS96_t5,38,9,0.7869,-2.0656,3.82224359e-02
DNS96_t5,38,10,0.7869,-1.9672,6.88003846e-02
DNS96_t5,38,11,0.7869,-1.8689,3.05779487e-02
DNS96_t5,38,12,0.7869,-1.7705,4.58669231e-02
DNS96_t5,38,13,0.7869,-1.6721,8.40893589e-02
DNS96_t5,38,14,0.7869,-1.5738,6.11558974e-02
DNS96_t5,39,2,0.8852,-2.7541,7.64448718e-03
DNS96_t5,39,5,0.8852,-2.4590,3.82224359e-02
DNS96_t5,39,6,0.8852,-2.3607,5.35114102e-02
DNS96_t5,39,7,0.8852,-2.2623,3.82224359e-02
DNS96_t5,39,8,0.8852,-2.1639,5.35114102e-02
DNS96_t5,39,9,0.8852,-2.0656,2.29334615e-02
DNS96_t5,39,10,0.8852,-1.9672,7.64448718e-03
DNS96_t5,39,11,0.8852,-1.8689,5.35114102e-02
DNS96_t5,39,12,0.8852,-1.7705,9.93783333e-02
DNS96_t5,39,13,0.8852,-1.6721,2.29334615e-02
DNS96_t5,40,3,0.9836,-2.6557,2.29334615e-02
DNS96_t5,40,4,0.9836,-2.5574,5.35114102e-02
DNS96_t5,40,5,0.9836,-2.4590,3.05779487e-02
DNS96_t5,40,6,0.9836,-2.3607,3.05779487e-02
DNS96_t5,40,7,0.9836,-2.2623,5.35114102e-02
DNS96_t5,40,8,0.9836,-2.1639,7.64448718e-03
DNS96_t5,40,9,0.9836,-2.0656,1.52889744e-02
DNS96_t5,40,10,0.9836,-1.9672,5.35114102e-02
DNS96_t5,40,11,0.9836,-1.8689,4.58669231e-02
DNS96_t5,40,12,0.9836,-1.7705,7.64448718e-03
DNS96_t5,41,1,1.0820,-2.8525,4.58669231e-02
DNS96_t5,41,2,1.0820,-2.7541,5.35114102e-02
DNS96_t5,41,3,1.0820,-2.6557,2.29334615e-02
DNS96_t5,41,4,1.0820,-2.5574,3.05779487e-02
DNS96_t5,41,6,1.0820,-2.3607,2.29334615e-02
DNS96_t5,41,7,1.0820,-2.2623,1.52889744e-02
DNS96_t5,41,8,1.0820,-2.1639,1.52889744e-02
DNS96_t5,41,9,1.0820,-2.0656,6.88003846e-02
DNS96_t5,41,10,1.0820,-1.9672,4.58669231e-02
DNS96_t5,41,11,1.0820,-1.8689,7.64448718e-03
DNS96_t5,42,0,1.1803,-2.9508,1.52889744e-02
DNS96_t5,42,1,1.1803,-2.8525,4.58669231e-02
DNS96_t5,42,2,1.1803,-2.7541,3.05779487e-02
DNS96_t5,42,3,1.1803,-2.6557,1.52889744e-02
DNS96_t5,42,5,1.1803,-2.4590,7.64448718e-03
DNS96_t5,42,6,1.1803,-2.3607,1.52889744e-02
DNS96_t5,42,8,1.1803,-2.1639,6.11558974e-02
DNS96_t5,42,9,1.1803,-2.0656,2.29334615e-02
DNS96_t5,43,0,1.2787,-2.9508,2.29334615e-02
DNS96_t5,43,1,1.2787,-2.8525,1.52889744e-02
DNS96_t5,43,2,1.2787,-2.7541,7.64448718e-03
DNS96_t5,43,3,1.2787,-2.6557,7.64448718e-03
DNS96_t5,43,6,1.2787,-2.3607,7.64448718e-03
DNS96_t5,43,7,1.2787,-2.2623,4.58669231e-02
DNS96_t5,43,8,1.2787,-2.1639,3.05779487e-02
DNS96_t5,44,0,1.3770,-2.9508,7.64448718e-03
DNS96_t5,44,2,1.3770,-2.7541,7.64448718e-03
DNS96_t5,44,4,1.3770,-2.5574,7.64448718e-03
DNS96_t5,44,6,1.3770,-2.3607,3.82224359e-02
DNS96_t5,44,7,1.3770,-2.2623,7.64448718e-03
DNS96_t5,45,0,1.4754,-2.9508,7.64448718e-03
DNS96_t5,45,1,1.4754,-2.8525,7.64448718e-03
DNS96_t5,45,4,1.4754,-2.5574,7.64448718e-03
DNS96_t5,45,5,1.4754,-2.4590,4.58669231e-02
DNS96_t5,45,6,1.4754,-2.3607,7.64448718e-03
DNS96_t5,46,0,1.5738,-2.9508,1.52889744e-02
DNS96_t5,46,1,1.5738,-2.8525,7.64448718e-03
DNS96_t5,46,4,1.5738,-2.5574,3.05779487e-02
DNS96_t5,47,2,1.6721,-2.7541,7.64448718e-03
DNS96_t5,47,3,1.6721,-2.6557,2.29334615e-02
DNS96_t5,48,2,1.7705,-2.7541,2.29334615e-02
DNS96_t6,0,55,-2.9508,2.4590,7.67343067e-03
DNS96_t6,1,60,-2.8525,2.9508,7.67343067e-03
DNS96_t6,2,54,-2.7541,2.3607,7.67343067e-03
DNS96_t6,3,59,-2.6557,2.8525,7.67343067e-03
DNS96_t6,4,34,-2.5574,0.3934,7.67343067e-03
DNS96_t6,4,35,-2.5574,0.4918,7.67343067e-03
DNS96_t6,4,38,-2.5574,0.7869,7.67343067e-03
DNS96_t6,4,41,-2.5574,1.0820,7.67343067e-03
DNS96_t6,4,46,-2.5574,1.5738,7.67343067e-03
DNS96_t6,4,54,-2.5574,2.3607,7.67343067e-03
DNS96_t6,4,56,-2.5574,2.5574,7.67343067e-03
DNS96_t6,5,34,-2.4590,0.3934,7.67343067e-03
DNS96_t6,5,35,-2.4590,0.4918,1.53468613e-02
DNS96_t6,5,38,-2.4590,0.7869,7.67343067e-03
DNS96_t6,5,42,-2.4590,1.1803,7.67343067e-03
DNS96_t6,5,46,-2.4590,1.5738,7.67343067e-03
DNS96_t6,6,44,-2.3607,1.3770,7.67343067e-03
DNS96_t6,6,47,-2.3607,1.6721,7.67343067e-03
DNS96_t6,6,58,-2.3607,2.7541,7.67343067e-03
DNS96_t6,7,44,-2.2623,1.3770,7.67343067e-03
DNS96_t6,8,35,-2.1639,0.4918,7.67343067e-03
DNS96_t6,8,50,-2.1639,1.9672,7.67343067e-03
DNS96_t6,8,53,-2.1639,2.2623,7.67343067e-03
DNS96_t6,8,57,-2.1639,2.6557,7.67343067e-03
DNS96_t6,8,59,-2.1639,2.8525,7.67343067e-03
DNS96_t6,9,25,-2.0656,-0.4918,7.67343067e-03
DNS96_t6,9,30,-2.0656,0.0000,7.67343067e-03
DNS96_t6,9,45,-2.0656,1.4754,7.67343067e-03
DNS96_t6,9,46,-2.0656,1.5738,7.67343067e-03
DNS96_t6,9,50,-2.0656,1.9672,1.53468613e-02
DNS96_t6,10,27,-1.9672,-0.2951,7.67343067e-03
DNS96_t6,10,31,-1.9672,0.0984,7.67343067e-03
DNS96_t6,10,35,-1.9672,0.4918,7.67343067e-03
DNS96_t6,10,52,-1.9672,2.1639,7.67343067e-03
DNS96_t6,11,26,-1.8689,-0.3934,7.67343067e-03
DNS96_t6,11,29,-1.8689,-0.0984,1.53468613e-02
DNS96_t6,11,30,-1.8689,0.0000,7.67343067e-03
DNS96_t6,11,32,-1.8689,0.1967,7.67343067e-03
DNS96_t6,11,34,-1.8689,0.3934,7.67343067e-03
DNS96_t6,11,39,-1.8689,0.8852,7.67343067e-03
DNS96_t6,11,49,-1.8689,1.8689,7.67343067e-03
DNS96_t6,11,52,-1.8689,2.1639,7.67343067e-03
DNS96_t6,11,55,-1.8689,2.4590,7.67343067e-03
DNS96_t6,11,56,-1.8689,2.5574,7.67343067e-03
DNS96_t6,12,32,-1.7705,0.1967,7.67343067e-03
DNS96_t6,12,38,-1.7705,0.7869,7.67343067e-03
DNS96_t6,12,44,-1.7705,1.3770,7.67343067e-03
DNS96_t6,12,53,-1.7705,2.2623,7.67343067e-03
DNS96_t6,13,17,-1.6721,-1.2787,7.67343067e-03
DNS96_t6,13,32,-1.6721,0.1967,7.67343067e-03
DNS96_t6,13,42,-1.6721,1.1803,7.67343067e-03
DNS96_t6,13,44,-1.6721,1.3770,7.67343067e-03
DNS96_t6,13,46,-1.6721,1.5738,7.67343067e-03
DNS96_t6,13,48,-1.6721,1.7705,1.53468613e-02
DNS96_t6,13,49,-1.6721,1.8689,7.67343067e-03
DNS96_t6,14,19,-1.5738,-1.0820,7.67343067e-03
DNS96_t6,14,33,-1.5738,0.2951,7.67343067e-03
DNS96_t6,14,43,-1.5738,1.2787,1.53468613e-02
DNS96_t6,14,56,-1.5738,2.5574,1.53468613e-02
DNS96_t6,15,37,-1.4754,0.6885,7.67343067e-03
DNS96_t6,15,38,-1.4754,0.7869,7.67343067e-03
DNS96_t6,15,46,-1.4754,1.5738,2.30202920e-02
DNS96_t6,15,54,-1.4754,2.3607,7.67343067e-03
DNS96_t6,15,58,-1.4754,2.7541,7.67343067e-03
DNS96_t6,15,59,-1.4754,2.8525,7.67343067e-03
DNS96_t6,16,13,-1.3770,-1.6721,7.67343067e-03
DNS96_t6,16,16,-1.3770,-1.3770,7.67343067e-03
DNS96_t6,16,27,-1.3770,-0.2951,7.67343067e-03
DNS96_t6,16,34,-1.3770,0.3934,7.67343067e-03
DNS96_t6,16,46,-1.3770,1.5738,7.67343067e-03
DNS96_t6,16,52,-1.3770,2.1639,7.67343067e-03
DNS96_t6,16,53,-1.3770,2.2623,7.67343067e-03
DNS96_t6,16,54,-1.3770,2.3607,7.67343067e-03
DNS96_t6,17,23,-1.2787,-0.6885,7.67343067e-03
DNS96_t6,17,34,-1.2787,0.3934,7.67343067e-03
DNS96_t6,17,41,-1.2787,1.0820,7.67343067e-03
DNS96_t6,17,46,-1.2787,1.5738,7.67343067e-03
DNS96_t6,18,25,-1.1803,-0.4918,7.67343067e-03
DNS96_t6,18,35,-1.1803,0.4918,7.67343067e-03
DNS96_t6,18,37,-1.1803,0.6885,7.67343067e-03
DNS96_t6,18,43,-1.1803,1.2787,7.67343067e-03
DNS96_t6,18,46,-1.1803,1.5738,1.53468613e-02
DNS96_t6,18,54,-1.1803,2.3607,7.67343067e-03
DNS96_t6,19,35,-1.0820,0.4918,7.67343067e-03
DNS96_t6,19,36,-1.0820,0.5902,7.67343067e-03
DNS96_t6,19,37,-1.0820,0.6885,7.67343067e-03
DNS96_t6,19,44,-1.0820,1.3770,7.67343067e-03
DNS96_t6,19,50,-1.0820,1.9672,7.67343067e-03
DNS96_t6,19,53,-1.0820,2.2623,7.67343067e-03
DNS96_t6,19,55,-1.0820,2.4590,7.67343067e-03
DNS96_t6,20,27,-0.9836,-0.2951,7.67343067e-03
DNS96_t6,20,28,-0.9836,-0.1967,7.67343067e-03
DNS96_t6,20,31,-0.9836,0.0984,7.67343067e-03
DNS96_t6,20,37,-0.9836,0.6885,7.67343067e-03
DNS96_t6,20,38,-0.9836,0.7869,1.53468613e-02
DNS96_t6,20,41,-0.9836,1.0820,7.67343067e-03
DNS96_t6,20,42,-0.9836,1.1803,2.30202920e-02
DNS96_t6,20,49,-0.9836,1.8689,7.67343067e-03
DNS96_t6,20,51,-0.9836,2.0656,7.67343067e-03
DNS96_t6,20,53,-0.9836,2.2623,7.67343067e-03
DNS96_t6,20,59,-0.9836,2.8525,7.67343067e-03
DNS96_t6,20,60,-0.9836,2.9508,7.67343067e-03
DNS96_t6,21,17,-0.8852,-1.2787,7.67343067e-03
DNS96_t6,21,28,-0.8852,-0.1967,7.67343067e-03
DNS96_t6,21,30,-0.8852,0.0000,7.67343067e-03
DNS96_t6,21,31,-0.8852,0.0984,7.67343067e-03
DNS96_t6,21,32,-0.8852,0.1967,7.67343067e-03
DNS96_t6,21,34,-0.8852,0.3934,7.67343067e-03
DNS96_t6,21,36,-0.8852,0.5902,7.67343067e-03
DNS96_t6,21,40,-0.8852,0.9836,7.67343067e-03
DNS96_t6,21,48,-0.8852,1.7705,7.67343067e-03
DNS96_t6,21,50,-0.8852,1.9672,7.67343067e-03
DNS96_t6,21,51,-0.8852,2.0656,1.53468613e-02
DNS96_t6,22,16,-0.7869,-1.3770,7.67343067e-03
DNS96_t6,22,18,-0.7869,-1.1803,7.67343067e-03
DNS96_t6,22,23,-0.7869,-0.6885,7.67343067e-03
DNS96_t6,22,29,-0.7869,-0.0984,7.67343067e-03
DNS96_t6,22,30,-0.7869,0.0000,7.67343067e-03
DNS96_t6,22,36,-0.7869,0.5902,1.53468613e-02
DNS96_t6,22,37,-0.7869,0.6885,2.30202920e-02
DNS96_t6,22,42,-0.7869,1.1803,7.67343067e-03
DNS96_t6,22,45,-0.7869,1.4754,7.67343067e-03
DNS96_t6,22,55,-0.7869,2.4590,7.67343067e-03
DNS96_t6,22,60,-0.7869,2.9508,7.67343067e-03
DNS96_t6,23,25,-0.6885,-0.4918,7.67343067e-03
DNS96_t6,23,28,-0.6885,-0.1967,7.67343067e-03
DNS96_t6,23,30,-0.6885,0.0000,7.67343067e-03
DNS96_t6,23,39,-0.6885,0.8852,1.53468613e-02
DNS96_t6,23,41,-0.6885,1.0820,7.67343067e-03
DNS96_t6,23,42,-0.6885,1.1803,7.67343067e-03
DNS96_t6,23,44,-0.6885,1.3770,3.06937227e-02
DNS96_t6,23,45,-0.6885,1.4754,7.67343067e-03
DNS96_t6,23,47,-0.6885,1.6721,1.53468613e-02
DNS96_t6,23,48,-0.6885,1.7705,7.67343067e-03
DNS96_t6,23,53,-0.6885,2.2623,1.53468613e-02
DNS96_t6,24,29,-0.5902,-0.0984,7.67343067e-03
DNS96_t6,24,35,-0.5902,0.4918,1.53468613e-02
DNS96_t6,24,36,-0.5902,0.5902,7.67343067e-03
DNS96_t6,24,38,-0.5902,0.7869,7.67343067e-03
DNS96_t6,24,39,-0.5902,0.8852,3.06937227e-02
DNS96_t6,24,40,-0.5902,0.9836,1.53468613e-02
DNS96_t6,24,41,-0.5902,1.0820,3.06937227e-02
DNS96_t6,24,42,-0.5902,1.1803,5.37140147e-02
DNS96_t6,24,43,-0.5902,1.2787,5.37140147e-02
DNS96_t6,24,44,-0.5902,1.3770,6.13874454e-02
DNS96_t6,24,45,-0.5902,1.4754,9.97545987e-02
DNS96_t6,24,46,-0.5902,1.5738,3.83671533e-02
DNS96_t6,24,51,-0.5902,2.0656,7.67343067e-03
DNS96_t6,24,52,-0.5902,2.1639,1.53468613e-02
DNS96_t6,24,55,-0.5902,2.4590,7.67343067e-03
DNS96_t6,25,19,-0.4918,-1.0820,7.67343067e-03
DNS96_t6,25,21,-0.4918,-0.8852,7.67343067e-03
DNS96_t6,25,22,-0.4918,-0.7869,7.67343067e-03
DNS96_t6,25,24,-0.4918,-0.5902,7.67343067e-03
DNS96_t6,25,27,-0.4918,-0.2951,7.67343067e-03
DNS96_t6,25,28,-0.4918,-0.1967,1.53468613e-02
DNS96_t6,25,29,-0.4918,-0.0984,1.53468613e-02
DNS96_t6,25,30,-0.4918,0.0000,7.67343067e-03
DNS96_t6,25,35,-0.4918,0.4918,7.67343067e-03
DNS96_t6,25,37,-0.4918,0.6885,7.67343067e-03
DNS96_t6,25,38,-0.4918,0.7869,7.67343067e-02
DNS96_t6,25,39,-0.4918,0.8852,4.60405840e-02
DNS96_t6,25,40,-0.4918,0.9836,9.97545987e-02
DNS96_t6,25,41,-0.4918,1.0820,4.60405840e-02
DNS96_t6,25,42,-0.4918,1.1803,9.20811680e-02
DNS96_t6,25,43,-0.4918,1.2787,1.15101460e-01
DNS96_t6,25,44,-0.4918,1.3770,1.30448321e-01
DNS96_t6,25,45,-0.4918,1.4754,3.83671533e-02
DNS96_t6,25,46,-0.4918,1.5738,3.83671533e-02
DNS96_t6,25,48,-0.4918,1.7705,2.30202920e-02
DNS96_t6,25,54,-0.4918,2.3607,7.67343067e-03
DNS96_t6,25,55,-0.4918,2.4590,7.67343067e-03
DNS96_t6,25,57,-0.4918,2.6557,7.67343067e-03
DNS96_t6,26,18,-0.3934,-1.1803,7.67343067e-03
DNS96_t6,26,19,-0.3934,-1.0820,7.67343067e-03
DNS96_t6,26,20,-0.3934,-0.9836,7.67343067e-03
DNS96_t6,26,21,-0.3934,-0.8852,7.67343067e-03
DNS96_t6,26,22,-0.3934,-0.7869,7.67343067e-03
DNS96_t6,26,23,-0.3934,-0.6885,7.67343067e-03
DNS96_t6,26,24,-0.3934,-0.5902,7.67343067e-03
DNS96_t6,26,25,-0.3934,-0.4918,7.67343067e-03
DNS96_t6,26,26,-0.3934,-0.3934,1.53468613e-02
DNS96_t6,26,27,-0.3934,-0.2951,7.67343067e-03
DNS96_t6,26,29,-0.3934,-0.0984,1.53468613e-02
DNS96_t6,26,30,-0.3934,0.0000,7.67343067e-03
DNS96_t6,26,31,-0.3934,0.0984,1.53468613e-02
DNS96_t6,26,32,-0.3934,0.1967,7.67343067e-03
DNS96_t6,26,33,-0.3934,0.2951,2.30202920e-02
DNS96_t6,26,34,-0.3934,0.3934,6.90608760e-02
DNS96_t6,26,35,-0.3934,0.4918,6.13874454e-02
DNS96_t6,26,36,-0.3934,0.5902,5.37140147e-02
DNS96_t6,26,37,-0.3934,0.6885,6.13874454e-02
DNS96_t6,26,38,-0.3934,0.7869,6.90608760e-02
DNS96_t6,26,39,-0.3934,0.8852,6.13874454e-02
DNS96_t6,26,40,-0.3934,0.9836,1.38121752e-01
DNS96_t6,26,41,-0.3934,1.0820,2.22529489e-01
DNS96_t6,26,42,-0.3934,1.1803,1.45795183e-01
DNS96_t6,26,43,-0.3934,1.2787,1.07428029e-01
DNS96_t6,26,44,-0.3934,1.3770,1.15101460e-01
DNS96_t6,26,45,-0.3934,1.4754,3.06937227e-02
DNS96_t6,26,46,-0.3934,1.5738,7.67343067e-03
DNS96_t6,26,47,-0.3934,1.6721,7.67343067e-03
DNS96_t6,26,48,-0.3934,1.7705,7.67343067e-03
DNS96_t6,26,49,-0.3934,1.8689,7.67343067e-03
DNS96_t6,26,50,-0.3934,1.9672,7.67343067e-03
DNS96_t6,26,58,-0.3934,2.7541,7.67343067e-03
DNS96_t6,27,9,-0.2951,-2.0656,7.67343067e-03
DNS96_t6,27,17,-0.2951,-1.2787,7.67343067e-03
DNS96_t6,27,23,-0.2951,-0.6885,7.67343067e-03
DNS96_t6,27,26,-0.2951,-0.3934,7.67343067e-03
DNS96_t6,27,27,-0.2951,-0.2951,3.06937227e-02
DNS96_t6,27,28,-0.2951,-0.1967,2.30202920e-02
DNS96_t6,27,29,-0.2951,-0.0984,1.53468613e-02
DNS96_t6,27,30,-0.2951,0.0000,4.60405840e-02
DNS96_t6,27,31,-0.2951,0.0984,3.83671533e-02
DNS96_t6,27,32,-0.2951,0.1967,2.30202920e-02
DNS96_t6,27,33,-0.2951,0.2951,7.67343067e-02
DNS96_t6,27,34,-0.2951,0.3934,8.44077374e-02
DNS96_t6,27,35,-0.2951,0.4918,1.45795183e-01
DNS96_t6,27,36,-0.2951,0.5902,1.61142044e-01
DNS96_t6,27,37,-0.2951,0.6885,1.99509197e-01
DNS96_t6,27,38,-0.2951,0.7869,2.60896643e-01
DNS96_t6,27,39,-0.2951,0.8852,2.91590365e-01
DNS96_t6,27,40,-0.2951,0.9836,1.61142044e-01
DNS96_t6,27,41,-0.2951,1.0820,1.30448321e-01
DNS96_t6,27,42,-0.2951,1.1803,1.45795183e-01
DNS96_t6,27,43,-0.2951,1.2787,1.22774891e-01
DNS96_t6,27,44,-0.2951,1.3770,3.83671533e-02
DNS96_t6,27,45,-0.2951,1.4754,2.30202920e-02
DNS96_t6,27,46,-0.2951,1.5738,1.53468613e-02
DNS96_t6,27,47,-0.2951,1.6721,3.06937227e-02
DNS96_t6,27,50,-0.2951,1.9672,2.30202920e-02
DNS96_t6,27,51,-0.2951,2.0656,7.67343067e-03
DNS96_t6,27,52,-0.2951,2.1639,7.67343067e-03
DNS96_t6,27,60,-0.2951,2.9508,7.67343067e-03
DNS96_t6,28,14,-0.1967,-1.5738,7.67343067e-03
DNS96_t6,28,20,-0.1967,-0.9836,7.67343067e-03
DNS96_t6,28,21,-0.1967,-0.8852,1.53468613e-02
DNS96_t6,28,22,-0.1967,-0.7869,1.99509197e-01
DNS96_t6,28,23,-0.1967,-0.6885,3.68324672e-01
DNS96_t6,28,24,-0.1967,-0.5902,2.45549781e-01
DNS96_t6,28,25,-0.1967,-0.4918,2.30202920e-01
DNS96_t6,28,26,-0.1967,-0.3934,1.07428029e-01
DNS96_t6,28,27,-0.1967,-0.2951,2.68570073e-01
DNS96_t6,28,28,-0.1967,-0.1967,1.30448321e-01
DNS96_t6,28,29,-0.1967,-0.0984,1.68815475e-01
DNS96_t6,28,30,-0.1967,0.0000,2.68570073e-01
DNS96_t6,28,31,-0.1967,0.0984,2.07182628e-01
DNS96_t6,28,32,-0.1967,0.1967,2.53223212e-01
DNS96_t6,28,33,-0.1967,0.2951,3.60651241e-01
DNS96_t6,28,34,-0.1967,0.3934,3.29957519e-01
DNS96_t6,28,35,-0.1967,0.4918,4.06691825e-01
DNS96_t6,28,36,-0.1967,0.5902,4.06691825e-01
DNS96_t6,28,37,-0.1967,0.6885,2.83916935e-01
DNS96_t6,28,38,-0.1967,0.7869,1.68815475e-01
DNS96_t6,28,39,-0.1967,0.8852,2.30202920e-01
DNS96_t6,28,40,-0.1967,0.9836,1.91835767e-01
DNS96_t6,28,41,-0.1967,1.0820,1.45795183e-01
DNS96_t6,28,42,-0.1967,1.1803,1.30448321e-01
DNS96_t6,28,43,-0.1967,1.2787,5.37140147e-02
DNS96_t6,28,45,-0.1967,1.4754,3.06937227e-02
DNS96_t6,28,46,-0.1967,1.5738,1.53468613e-02
DNS96_t6,28,49,-0.1967,1.8689,1.53468613e-02
DNS96_t6,28,50,-0.1967,1.9672,1.53468613e-02
DNS96_t6,28,54,-0.1967,2.3607,7.67343067e-03
DNS96_t6,28,59,-0.1967,2.8525,7.67343067e-03
DNS96_t6,29,13,-0.0984,-1.6721,7.67343067e-03
DNS96_t6,29,20,-0.0984,-0.9836,7.67343067e-03
DNS96_t6,29,21,-0.0984,-0.8852,7.67343067e-03
DNS96_t6,29,22,-0.0984,-0.7869,2.83916935e-01
DNS96_t6,29,23,-0.0984,-0.6885,3.14610657e-01
DNS96_t6,29,24,-0.0984,-0.5902,2.22529489e-01
DNS96_t6,29,25,-0.0984,-0.4918,2.60896643e-01
DNS96_t6,29,26,-0.0984,-0.3934,3.52977811e-01
DNS96_t6,29,27,-0.0984,-0.2951,3.14610657e-01
DNS96_t6,29,28,-0.0984,-0.1967,5.29466716e-01
DNS96_t6,29,29,-0.0984,-0.0984,5.60160439e-01
DNS96_t6,29,30,-0.0984,0.0000,6.13874454e-01
DNS96_t6,29,31,-0.0984,0.0984,1.01289285e+00
DNS96_t6,29,32,-0.0984,0.1967,1.25844263e+00
DNS96_t6,29,33,-0.0984,0.2951,1.22007548e+00
DNS96_t6,29,34,-0.0984,0.3934,7.67343067e-01
DNS96_t6,29,35,-0.0984,0.4918,3.99018395e-01
DNS96_t6,29,36,-0.0984,0.5902,3.68324672e-01
DNS96_t6,29,37,-0.0984,0.6885,2.45549781e-01
DNS96_t6,29,38,-0.0984,0.7869,3.22284088e-01
DNS96_t6,29,39,-0.0984,0.8852,1.91835767e-01
DNS96_t6,29,40,-0.0984,0.9836,1.53468613e-01
DNS96_t6,29,41,-0.0984,1.0820,1.30448321e-01
DNS96_t6,29,42,-0.0984,1.1803,6.13874454e-02
DNS96_t6,29,43,-0.0984,1.2787,2.30202920e-02
DNS96_t6,29,44,-0.0984,1.3770,2.30202920e-02
DNS96_t6,29,45,-0.0984,1.4754,7.67343067e-03
DNS96_t6,29,46,-0.0984,1.5738,1.53468613e-02
DNS96_t6,29,47,-0.0984,1.6721,1.53468613e-02
DNS96_t6,29,48,-0.0984,1.7705,7.67343067e-03
DNS96_t6,29,49,-0.0984,1.8689,1.53468613e-02
DNS96_t6,29,51,-0.0984,2.0656,7.67343067e-03
DNS96_t6,29,54,-0.0984,2.3607,7.67343067e-03
DNS96_t6,29,56,-0.0984,2.5574,7.67343067e-03
DNS96_t6,30,14,0.0000,-1.5738,7.67343067e-03
DNS96_t6,30,16,0.0000,-1.3770,7.67343067e-03
DNS96_t6,30,17,0.0000,-1.2787,1.53468613e-02
DNS96_t6,30,20,0.0000,-0.9836,7.67343067e-03
DNS96_t6,30,21,0.0000,-0.8852,1.53468613e-02
DNS96_t6,30,22,0.0000,-0.7869,1.07428029e-01
DNS96_t6,30,23,0.0000,-0.6885,2.30202920e-01
DNS96_t6,30,24,0.0000,-0.5902,2.99263796e-01
DNS96_t6,30,25,0.0000,-0.4918,3.22284088e-01
DNS96_t6,30,26,0.0000,-0.3934,3.52977811e-01
DNS96_t6,30,27,0.0000,-0.2951,8.28730512e-01
DNS96_t6,30,28,0.0000,-0.1967,2.90055679e+00
DNS96_t6,30,29,0.0000,-0.0984,1.41498062e+01
DNS96_t6,30,30,0.0000,0.0000,1.09039450e+01
DNS96_t6,30,31,0.0000,0.0984,6.19245855e+00
DNS96_t6,30,32,0.0000,0.1967,3.58349212e+00
DNS96_t6,30,33,0.0000,0.2951,2.05647942e+00
DNS96_t6,30,34,0.0000,0.3934,9.20811680e-01
DNS96_t6,30,35,0.0000,0.4918,6.36894746e-01
DNS96_t6,30,36,0.0000,0.5902,4.22038687e-01
DNS96_t6,30,37,0.0000,0.6885,3.22284088e-01
DNS96_t6,30,38,0.0000,0.7869,2.83916935e-01
DNS96_t6,30,39,0.0000,0.8852,1.91835767e-01
DNS96_t6,30,40,0.0000,0.9836,1.45795183e-01
DNS96_t6,30,41,0.0000,1.0820,4.60405840e-02
DNS96_t6,30,42,0.0000,1.1803,1.53468613e-02
DNS96_t6,30,43,0.0000,1.2787,7.67343067e-03
DNS96_t6,30,44,0.0000,1.3770,1.53468613e-02
DNS96_t6,30,45,0.0000,1.4754,7.67343067e-03
DNS96_t6,30,46,0.0000,1.5738,7.67343067e-03
DNS96_t6,30,47,0.0000,1.6721,7.67343067e-03
DNS96_t6,30,48,0.0000,1.7705,1.53468613e-02
DNS96_t6,30,50,0.0000,1.9672,7.67343067e-03
DNS96_t6,30,52,0.0000,2.1639,1.53468613e-02
DNS96_t6,30,54,0.0000,2.3607,7.67343067e-03
DNS96_t6,30,56,0.0000,2.5574,1.53468613e-02
DNS96_t6,31,4,0.0984,-2.5574,7.67343067e-03
DNS96_t6,31,15,0.0984,-1.4754,1.53468613e-02
DNS96_t6,31,17,0.0984,-1.2787,7.67343067e-03
DNS96_t6,31,19,0.0984,-1.0820,2.30202920e-02
DNS96_t6,31,20,0.0984,-0.9836,7.67343067e-03
DNS96_t6,31,21,0.0984,-0.8852,4.60405840e-02
DNS96_t6,31,22,0.0984,-0.7869,1.22774891e-01
DNS96_t6,31,23,0.0984,-0.6885,2.60896643e-01
DNS96_t6,31,24,0.0984,-0.5902,6.13874454e-01
DNS96_t6,31,25,0.0984,-0.4918,9.74525695e-01
DNS96_t6,31,26,0.0984,-0.3934,1.48864555e+00
DNS96_t6,31,27,0.0984,-0.2951,2.04113256e+00
DNS96_t6,31,28,0.0984,-0.1967,1.74954219e+00
DNS96_t6,31,29,0.0984,-0.0984,1.84162336e+00
DNS96_t6,31,30,0.0984,0.0000,3.00798482e+00
DNS96_t6,31,31,0.0984,0.0984,3.61418585e+00
DNS96_t6,31,32,0.0984,0.1967,3.19214716e+00
DNS96_t6,31,33,0.0984,0.2951,1.68048132e+00
DNS96_t6,31,34,0.0984,0.3934,8.21057082e-01
DNS96_t6,31,35,0.0984,0.4918,4.83426132e-01
DNS96_t6,31,36,0.0984,0.5902,4.22038687e-01
DNS96_t6,31,37,0.0984,0.6885,2.45549781e-01
DNS96_t6,31,38,0.0984,0.7869,7.67343067e-02
DNS96_t6,31,39,0.0984,0.8852,3.06937227e-02
DNS96_t6,31,40,0.0984,0.9836,7.67343067e-03
DNS96_t6,31,41,0.0984,1.0820,1.53468613e-02
DNS96_t6,31,43,0.0984,1.2787,2.30202920e-02
DNS96_t6,31,44,0.0984,1.3770,1.53468613e-02
DNS96_t6,31,45,0.0984,1.4754,7.67343067e-03
DNS96_t6,31,46,0.0984,1.5738,7.67343067e-03
DNS96_t6,31,47,0.0984,1.6721,7.67343067e-03
DNS96_t6,31,48,0.0984,1.7705,7.67343067e-03
DNS96_t6,31,49,0.0984,1.8689,7.67343067e-03
DNS96_t6,31,52,0.0984,2.1639,7.67343067e-03
DNS96_t6,31,53,0.0984,2.2623,7.67343067e-03
DNS96_t6,31,56,0.0984,2.5574,7.67343067e-03
DNS96_t6,31,60,0.0984,2.9508,7.67343067e-03
DNS96_t6,32,14,0.1967,-1.5738,7.67343067e-03
DNS96_t6,32,17,0.1967,-1.2787,7.67343067e-03
DNS96_t6,32,18,0.1967,-1.1803,1.53468613e-02
DNS96_t6,32,19,0.1967,-1.0820,6.13874454e-02
DNS96_t6,32,20,0.1967,-0.9836,1.84162336e-01
DNS96_t6,32,21,0.1967,-0.8852,2.99263796e-01
DNS96_t6,32,22,0.1967,-0.7869,3.75998103e-01
DNS96_t6,32,23,0.1967,-0.6885,6.21547884e-01
DNS96_t6,32,24,0.1967,-0.5902,4.83426132e-01
DNS96_t6,32,25,0.1967,-0.4918,1.99509197e-01
DNS96_t6,32,26,0.1967,-0.3934,1.84162336e-01
DNS96_t6,32,27,0.1967,-0.2951,2.76243504e-01
DNS96_t6,32,28,0.1967,-0.1967,2.76243504e-01
DNS96_t6,32,29,0.1967,-0.0984,3.45304380e-01
DNS96_t6,32,30,0.1967,0.0000,3.52977811e-01
DNS96_t6,32,31,0.1967,0.0984,2.53223212e-01
DNS96_t6,32,32,0.1967,0.1967,2.14856059e-01
DNS96_t6,32,33,0.1967,0.2951,1.99509197e-01
DNS96_t6,32,34,0.1967,0.3934,1.15101460e-01
DNS96_t6,32,35,0.1967,0.4918,4.60405840e-02
DNS96_t6,32,36,0.1967,0.5902,3.83671533e-02
DNS96_t6,32,37,0.1967,0.6885,2.30202920e-02
DNS96_t6,32,38,0.1967,0.7869,2.30202920e-02
DNS96_t6,32,40,0.1967,0.9836,2.30202920e-02
DNS96_t6,32,41,0.1967,1.0820,7.67343067e-03
DNS96_t6,32,42,0.1967,1.1803,7.67343067e-03
DNS96_t6,32,43,0.1967,1.2787,7.67343067e-03
DNS96_t6,32,44,0.1967,1.3770,7.67343067e-03
DNS96_t6,32,45,0.1967,1.4754,2.30202920e-02
DNS96_t6,32,46,0.1967,1.5738,7.67343067e-03
DNS96_t6,32,47,0.1967,1.6721,7.67343067e-03
DNS96_t6,32,49,0.1967,1.8689,7.67343067e-03
DNS96_t6,32,53,0.1967,2.2623,7.67343067e-03
DNS96_t6,32,57,0.1967,2.6557,7.67343067e-03
DNS96_t6,33,10,0.2951,-1.9672,7.67343067e-03
DNS96_t6,33,12,0.2951,-1.7705,7.67343067e-03
DNS96_t6,33,16,0.2951,-1.3770,5.37140147e-02
DNS96_t6,33,17,0.2951,-1.2787,8.44077374e-02
DNS96_t6,33,18,0.2951,-1.1803,2.14856059e-01
DNS96_t6,33,19,0.2951,-1.0820,2.68570073e-01
DNS96_t6,33,20,0.2951,-0.9836,3.91344964e-01
DNS96_t6,33,21,0.2951,-0.8852,3.45304380e-01
DNS96_t6,33,22,0.2951,-0.7869,2.60896643e-01
DNS96_t6,33,23,0.2951,-0.6885,1.22774891e-01
DNS96_t6,33,24,0.2951,-0.5902,1.15101460e-01
DNS96_t6,33,25,0.2951,-0.4918,6.90608760e-02
DNS96_t6,33,26,0.2951,-0.3934,1.07428029e-01
DNS96_t6,33,27,0.2951,-0.2951,9.97545987e-02
DNS96_t6,33,28,0.2951,-0.1967,6.13874454e-02
DNS96_t6,33,29,0.2951,-0.0984,3.83671533e-02
DNS96_t6,33,30,0.2951,0.0000,1.53468613e-02
DNS96_t6,33,31,0.2951,0.0984,7.67343067e-03
DNS96_t6,33,32,0.2951,0.1967,1.53468613e-02
DNS96_t6,33,33,0.2951,0.2951,7.67343067e-03
DNS96_t6,33,34,0.2951,0.3934,7.67343067e-03
DNS96_t6,33,36,0.2951,0.5902,1.53468613e-02
DNS96_t6,33,37,0.2951,0.6885,7.67343067e-03
DNS96_t6,33,38,0.2951,0.7869,7.67343067e-03
DNS96_t6,33,40,0.2951,0.9836,1.53468613e-02
DNS96_t6,33,41,0.2951,1.0820,1.53468613e-02
DNS96_t6,33,42,0.2951,1.1803,1.53468613e-02
DNS96_t6,33,43,0.2951,1.2787,1.53468613e-02
DNS96_t6,33,46,0.2951,1.5738,1.53468613e-02
DNS96_t6,33,50,0.2951,1.9672,7.67343067e-03
DNS96_t6,33,51,0.2951,2.0656,7.67343067e-03
DNS96_t6,33,54,0.2951,2.3607,7.67343067e-03
DNS96_t6,33,59,0.2951,2.8525,7.67343067e-03
DNS96_t6,34,12,0.3934,-1.7705,3.06937227e-02
DNS96_t6,34,13,0.3934,-1.6721,6.90608760e-02
DNS96_t6,34,14,0.3934,-1.5738,6.13874454e-02
DNS96_t6,34,15,0.3934,-1.4754,9.20811680e-02
DNS96_t6,34,16,0.3934,-1.3770,1.45795183e-01
DNS96_t6,34,17,0.3934,-1.2787,2.22529489e-01
DNS96_t6,34,18,0.3934,-1.1803,1.91835767e-01
DNS96_t6,34,19,0.3934,-1.0820,1.84162336e-01
DNS96_t6,34,20,0.3934,-0.9836,1.53468613e-01
DNS96_t6,34,21,0.3934,-0.8852,9.97545987e-02
DNS96_t6,34,22,0.3934,-0.7869,6.90608760e-02
DNS96_t6,34,23,0.3934,-0.6885,3.83671533e-02
DNS96_t6,34,24,0.3934,-0.5902,8.44077374e-02
DNS96_t6,34,25,0.3934,-0.4918,5.37140147e-02
DNS96_t6,34,26,0.3934,-0.3934,3.83671533e-02
DNS96_t6,34,27,0.3934,-0.2951,7.67343067e-03
DNS96_t6,34,29,0.3934,-0.0984,7.67343067e-03
DNS96_t6,34,30,0.3934,0.0000,1.53468613e-02
DNS96_t6,34,31,0.3934,0.0984,1.53468613e-02
DNS96_t6,34,32,0.3934,0.1967,2.30202920e-02
DNS96_t6,34,33,0.3934,0.2951,1.53468613e-02
DNS96_t6,34,34,0.3934,0.3934,7.67343067e-03
DNS96_t6,34,35,0.3934,0.4918,1.53468613e-02
DNS96_t6,34,37,0.3934,0.6885,2.30202920e-02
DNS96_t6,34,38,0.3934,0.7869,7.67343067e-03
DNS96_t6,34,40,0.3934,0.9836,1.53468613e-02
DNS96_t6,34,41,0.3934,1.0820,7.67343067e-03
DNS96_t6,34,42,0.3934,1.1803,7.67343067e-03
DNS96_t6,34,43,0.3934,1.2787,7.67343067e-03
DNS96_t6,34,44,0.3934,1.3770,7.67343067e-03
DNS96_t6,34,45,0.3934,1.4754,7.67343067e-03
DNS96_t6,34,47,0.3934,1.6721,7.67343067e-03
DNS96_t6,34,48,0.3934,1.7705,7.67343067e-03
DNS96_t6,34,51,0.3934,2.0656,7.67343067e-03
DNS96_t6,34,52,0.3934,2.1639,7.67343067e-03
DNS96_t6,34,53,0.3934,2.2623,7.67343067e-03
DNS96_t6,34,54,0.3934,2.3607,7.67343067e-03
DNS96_t6,34,57,0.3934,2.6557,1.53468613e-02
DNS96_t6,35,7,0.4918,-2.2623,7.67343067e-03
DNS96_t6,35,10,0.4918,-1.9672,7.67343067e-03
DNS96_t6,35,12,0.4918,-1.7705,2.30202920e-02
DNS96_t6,35,13,0.4918,-1.6721,3.06937227e-02
DNS96_t6,35,14,0.4918,-1.5738,7.67343067e-02
DNS96_t6,35,15,0.4918,-1.4754,1.61142044e-01
DNS96_t6,35,16,0.4918,-1.3770,1.53468613e-01
DNS96_t6,35,17,0.4918,-1.2787,1.84162336e-01
DNS96_t6,35,18,0.4918,-1.1803,1.45795183e-01
DNS96_t6,35,19,0.4918,-1.0820,6.90608760e-02
DNS96_t6,35,20,0.4918,-0.9836,6.13874454e-02
DNS96_t6,35,21,0.4918,-0.8852,1.53468613e-02
DNS96_t6,35,22,0.4918,-0.7869,1.53468613e-02
DNS96_t6,35,23,0.4918,-0.6885,7.67343067e-03
DNS96_t6,35,25,0.4918,-0.4918,1.53468613e-02
DNS96_t6,35,31,0.4918,0.0984,1.53468613e-02
DNS96_t6,35,33,0.4918,0.2951,7.67343067e-03
DNS96_t6,35,36,0.4918,0.5902,7.67343067e-03
DNS96_t6,35,37,0.4918,0.6885,1.53468613e-02
DNS96_t6,35,38,0.4918,0.7869,7.67343067e-03
DNS96_t6,35,39,0.4918,0.8852,7.67343067e-03
DNS96_t6,35,40,0.4918,0.9836,7.67343067e-03
DNS96_t6,35,42,0.4918,1.1803,7.67343067e-03
DNS96_t6,35,45,0.4918,1.4754,2.30202920e-02
DNS96_t6,35,52,0.4918,2.1639,1.53468613e-02
DNS96_t6,36,10,0.5902,-1.9672,7.67343067e-03
DNS96_t6,36,11,0.5902,-1.8689,2.30202920e-02
DNS96_t6,36,12,0.5902,-1.7705,7.67343067e-02
DNS96_t6,36,13,0.5902,-1.6721,1.53468613e-01
DNS96_t6,36,14,0.5902,-1.5738,1.45795183e-01
DNS96_t6,36,15,0.5902,-1.4754,9.97545987e-02
DNS96_t6,36,16,0.5902,-1.3770,1.45795183e-01
DNS96_t6,36,17,0.5902,-1.2787,6.90608760e-02
DNS96_t6,36,18,0.5902,-1.1803,3.06937227e-02
DNS96_t6,36,20,0.5902,-0.9836,7.67343067e-03
DNS96_t6,36,24,0.5902,-0.5902,1.53468613e-02
DNS96_t6,36,27,0.5902,-0.2951,7.67343067e-03
DNS96_t6,36,28,0.5902,-0.1967,7.67343067e-03
DNS96_t6,36,29,0.5902,-0.0984,7.67343067e-03
DNS96_t6,36,30,0.5902,0.0000,7.67343067e-03
DNS96_t6,36,31,0.5902,0.0984,7.67343067e-03
DNS96_t6,36,34,0.5902,0.3934,3.06937227e-02
DNS96_t6,36,35,0.5902,0.4918,7.67343067e-03
DNS96_t6,36,39,0.5902,0.8852,7.67343067e-03
DNS96_t6,36,41,0.5902,1.0820,1.53468613e-02
DNS96_t6,36,42,0.5902,1.1803,1.53468613e-02
DNS96_t6,36,43,0.5902,1.2787,7.67343067e-03
DNS96_t6,36,46,0.5902,1.5738,7.67343067e-03
DNS96_t6,36,49,0.5902,1.8689,7.67343067e-03
DNS96_t6,36,50,0.5902,1.9672,7.67343067e-03
DNS96_t6,36,58,0.5902,2.7541,7.67343067e-03
DNS96_t6,36,60,0.5902,2.9508,1.53468613e-02
DNS96_t6,37,8,0.6885,-2.1639,1.53468613e-02
DNS96_t6,37,9,0.6885,-2.0656,2.30202920e-02
DNS96_t6,37,10,0.6885,-1.9672,6.13874454e-02
DNS96_t6,37,11,0.6885,-1.8689,5.37140147e-02
DNS96_t6,37,12,0.6885,-1.7705,9.20811680e-02
DNS96_t6,37,13,0.6885,-1.6721,7.67343067e-02
DNS96_t6,37,14,0.6885,-1.5738,6.13874454e-02
DNS96_t6,37,15,0.6885,-1.4754,9.20811680e-02
DNS96_t6,37,16,0.6885,-1.3770,3.06937227e-02
DNS96_t6,37,20,0.6885,-0.9836,7.67343067e-03
DNS96_t6,37,29,0.6885,-0.0984,7.67343067e-03
DNS96_t6,37,30,0.6885,0.0000,7.67343067e-03
DNS96_t6,37,31,0.6885,0.0984,7.67343067e-03
DNS96_t6,37,32,0.6885,0.1967,7.67343067e-03
DNS96_t6,37,33,0.6885,0.2951,7.67343067e-03
DNS96_t6,37,34,0.6885,0.3934,7.67343067e-03
DNS96_t6,37,36,0.6885,0.5902,7.67343067e-03
DNS96_t6,37,37,0.6885,0.6885,1.53468613e-02
DNS96_t6,37,42,0.6885,1.1803,7.67343067e-03
DNS96_t6,37,44,0.6885,1.3770,7.67343067e-03
DNS96_t6,37,47,0.6885,1.6721,1.53468613e-02
DNS96_t6,37,50,0.6885,1.9672,7.67343067e-03
DNS96_t6,37,53,0.6885,2.2623,7.67343067e-03
DNS96_t6,37,54,0.6885,2.3607,7.67343067e-03
DNS96_t6,37,55,0.6885,2.4590,7.67343067e-03
DNS96_t6,37,60,0.6885,2.9508,7.67343067e-03
DNS96_t6,38,7,0.7869,-2.2623,3.06937227e-02
DNS96_t6,38,8,0.7869,-2.1639,6.13874454e-02
DNS96_t6,38,9,0.7869,-2.0656,3.06937227e-02
DNS96_t6,38,10,0.7869,-1.9672,6.13874454e-02
DNS96_t6,38,11,0.7869,-1.8689,3.06937227e-02
DNS96_t6,38,12,0.7869,-1.7705,5.37140147e-02
DNS96_t6,38,13,0.7869,-1.6721,9.97545987e-02
DNS96_t6,38,14,0.7869,-1.5738,3.83671533e-02
DNS96_t6,38,15,0.7869,-1.4754,7.67343067e-03
DNS96_t6,38,16,0.7869,-1.3770,1.53468613e-02
DNS96_t6,38,18,0.7869,-1.1803,7.67343067e-03
DNS96_t6,38,27,0.7869,-0.2951,7.67343067e-03
DNS96_t6,38,29,0.7869,-0.0984,7.67343067e-03
DNS96_t6,38,35,0.7869,0.4918,1.53468613e-02
DNS96_t6,38,36,0.7869,0.5902,7.67343067e-03
DNS96_t6,38,39,0.7869,0.8852,7.67343067e-03
DNS96_t6,38,42,0.7869,1.1803,7.67343067e-03
DNS96_t6,38,43,0.7869,1.2787,1.53468613e-02
DNS96_t6,38,44,0.7869,1.3770,7.67343067e-03
DNS96_t6,38,46,0.7869,1.5738,7.67343067e-03
DNS96_t6,38,57,0.7869,2.6557,7.67343067e-03
DNS96_t6,39,5,0.8852,-2.4590,2.30202920e-02
DNS96_t6,39,6,0.8852,-2.3607,6.90608760e-02
DNS96_t6,39,7,0.8852,-2.2623,7.67343067e-02
DNS96_t6,39,8,0.8852,-2.1639,4.60405840e-02
DNS96_t6,39,9,0.8852,-2.0656,5.37140147e-02
DNS96_t6,39,10,0.8852,-1.9672,5.37140147e-02
DNS96_t6,39,11,0.8852,-1.8689,9.20811680e-02
DNS96_t6,39,12,0.8852,-1.7705,6.90608760e-02
DNS96_t6,39,13,0.8852,-1.6721,3.06937227e-02
DNS96_t6,39,32,0.8852,0.1967,2.30202920e-02
DNS96_t6,39,33,0.8852,0.2951,7.67343067e-03
DNS96_t6,39,34,0.8852,0.3934,7.67343067e-03
DNS96_t6,39,37,0.8852,0.6885,1.53468613e-02
DNS96_t6,39,39,0.8852,0.8852,7.67343067e-03
DNS96_t6,39,40,0.8852,0.9836,7.67343067e-03
DNS96_t6,39,42,0.8852,1.1803,7.67343067e-03
DNS96_t6,39,46,0.8852,1.5738,7.67343067e-03
DNS96_t6,39,48,0.8852,1.7705,1.53468613e-02
DNS96_t6,39,49,0.8852,1.8689,7.67343067e-03
DNS96_t6,39,52,0.8852,2.1639,7.67343067e-03
DNS96_t6,39,54,0.8852,2.3607,7.67343067e-03
DNS96_t6,40,3,0.9836,-2.6557,3.83671533e-02
DNS96_t6,40,4,0.9836,-2.5574,2.30202920e-02
DNS96_t6,40,5,0.9836,-2.4590,7.67343067e-02
DNS96_t6,40,6,0.9836,-2.3607,4.60405840e-02
DNS96_t6,40,7,0.9836,-2.2623,1.53468613e-02
DNS96_t6,40,9,0.9836,-2.0656,1.53468613e-02
DNS96_t6,40,10,0.9836,-1.9672,6.13874454e-02
DNS96_t6,40,11,0.9836,-1.8689,6.13874454e-02
DNS96_t6,40,13,0.9836,-1.6721,7.67343067e-03
DNS96_t6,40,30,0.9836,0.0000,7.67343067e-03
DNS96_t6,40,34,0.9836,0.3934,7.67343067e-03
DNS96_t6,40,37,0.9836,0.6885,7.67343067e-03
DNS96_t6,40,46,0.9836,1.5738,7.67343067e-03
DNS96_t6,40,57,0.9836,2.6557,7.67343067e-03
DNS96_t6,41,1,1.0820,-2.8525,1.53468613e-02
DNS96_t6,41,2,1.0820,-2.7541,1.53468613e-02
DNS96_t6,41,3,1.0820,-2.6557,3.83671533e-02
DNS96_t6,41,4,1.0820,-2.5574,4.60405840e-02
DNS96_t6,41,5,1.0820,-2.4590,7.67343067e-03
DNS96_t6,41,6,1.0820,-2.3607,1.53468613e-02
DNS96_t6,41,7,1.0820,-2.2623,7.67343067e-03
DNS96_t6,41,8,1.0820,-2.1639,2.30202920e-02
DNS96_t6,41,9,1.0820,-2.0656,6.13874454e-02
DNS96_t6,41,10,1.0820,-1.9672,6.90608760e-02
DNS96_t6,41,33,1.0820,0.2951,2.30202920e-02
DNS96_t6,41,36,1.0820,0.5902,2.30202920e-02
DNS96_t6,41,40,1.0820,0.9836,7.67343067e-03
DNS96_t6,41,41,1.0820,1.0820,7.67343067e-03
DNS96_t6,41,42,1.0820,1.1803,7.67343067e-03
DNS96_t6,41,47,1.0820,1.6721,7.67343067e-03
DNS96_t6,41,48,1.0820,1.7705,7.67343067e-03
DNS96_t6,42,0,1.1803,-2.9508,4.60405840e-02
DNS96_t6,42,1,1.1803,-2.8525,3.83671533e-02
DNS96_t6,42,2,1.1803,-2.7541,2.30202920e-02
DNS96_t6,42,3,1.1803,-2.6557,1.53468613e-02
DNS96_t6,42,4,1.1803,-2.5574,2.30202920e-02
DNS96_t6,42,5,1.1803,-2.4590,7.67343067e-03
DNS96_t6,42,6,1.1803,-2.3607,7.67343067e-03
DNS96_t6,42,7,1.1803,-2.2623,3.06937227e-02
DNS96_t6,42,8,1.1803,-2.1639,2.30202920e-02
DNS96_t6,42,9,1.1803,-2.0656,3.83671533e-02
DNS96_t6,42,32,1.1803,0.1967,7.67343067e-03
DNS96_t6,42,33,1.1803,0.2951,7.67343067e-03
DNS96_t6,42,35,1.1803,0.4918,7.67343067e-03
DNS96_t6,42,36,1.1803,0.5902,1.53468613e-02
DNS96_t6,42,39,1.1803,0.8852,7.67343067e-03
DNS96_t6,42,42,1.1803,1.1803,7.67343067e-03
DNS96_t6,42,47,1.1803,1.6721,7.67343067e-03
DNS96_t6,43,0,1.2787,-2.9508,2.30202920e-02
DNS96_t6,43,1,1.2787,-2.8525,2.30202920e-02
DNS96_t6,43,2,1.2787,-2.7541,3.06937227e-02
DNS96_t6,43,3,1.2787,-2.6557,7.67343067e-03
DNS96_t6,43,4,1.2787,-2.5574,7.67343067e-03
DNS96_t6,43,6,1.2787,-2.3607,7.67343067e-03
DNS96_t6,43,7,1.2787,-2.2623,6.13874454e-02
DNS96_t6,43,35,1.2787,0.4918,7.67343067e-03
DNS96_t6,43,39,1.2787,0.8852,7.67343067e-03
DNS96_t6,44,0,1.3770,-2.9508,7.67343067e-03
DNS96_t6,44,1,1.3770,-2.8525,7.67343067e-03
DNS96_t6,44,3,1.3770,-2.6557,1.53468613e-02
DNS96_t6,44,4,1.3770,-2.5574,1.53468613e-02
DNS96_t6,44,5,1.3770,-2.4590,1.53468613e-02
DNS96_t6,44,6,1.3770,-2.3607,5.37140147e-02
DNS96_t6,44,7,1.3770,-2.2623,1.53468613e-02
DNS96_t6,44,37,1.3770,0.6885,7.67343067e-03
DNS96_t6,45,1,1.4754,-2.8525,1.53468613e-02
DNS96_t6,45,3,1.4754,-2.6557,7.67343067e-03
DNS96_t6,45,5,1.4754,-2.4590,5.37140147e-02
DNS96_t6,46,3,1.5738,-2.6557,7.67343067e-03
DNS96_t6,46,4,1.5738,-2.5574,4.60405840e-02
DNS96_t6,47,2,1.6721,-2.7541,1.53468613e-02
DNS96_t6,47,3,1.6721,-2.6557,1.53468613e-02
DNS96_t6,47,5,1.6721,-2.4590,7.67343067e-03
DNS96_t6,48,0,1.7705,-2.9508,2.30202920e-02
DNS96_t6,48,1,1.7705,-2.8525,7.67343067e-03
DNS96_t6,48,2,1.7705,-2.7541,7.67343067e-03
DNS96_t6,50,0,1.9672,-2.9508,7.67343067e-03
GAU2,0,19,-2.9508,-1.0820,3.65140891e-06
GAU2,0,21,-2.9508,-0.8852,3.65140891e-06
GAU2,0,22,-2.9508,-0.7869,1.82570445e-06
GAU2,0,23,-2.9508,-0.6885,5.47711336e-06
GAU2,0,25,-2.9508,-0.4918,5.47711336e-06
GAU2,0,26,-2.9508,-0.3934,1.82570445e-06
GAU2,0,27,-2.9508,-0.2951,3.65140891e-06
GAU2,0,28,-2.9508,-0.1967,5.47711336e-06
GAU2,0,29,-2.9508,-0.0984,5.47711336e-06
GAU2,0,30,-2.9508,0.0000,5.47711336e-06
GAU2,0,31,-2.9508,0.0984,3.65140891e-06
GAU2,0,32,-2.9508,0.1967,1.46056356e-05
GAU2,0,33,-2.9508,0.2951,1.27799312e-05
GAU2,0,34,-2.9508,0.3934,1.46056356e-05
GAU2,0,35,-2.9508,0.4918,1.09542267e-05
GAU2,0,36,-2.9508,0.5902,9.12852227e-06
GAU2,0,37,-2.9508,0.6885,7.30281782e-06
GAU2,0,38,-2.9508,0.7869,1.46056356e-05
GAU2,0,39,-2.9508,0.8852,1.09542267e-05
GAU2,0,40,-2.9508,0.9836,1.09542267e-05
GAU2,0,41,-2.9508,1.0820,1.82570445e-05
GAU2,0,42,-2.9508,1.1803,1.82570445e-05
GAU2,0,43,-2.9508,1.2787,1.27799312e-05
GAU2,0,44,-2.9508,1.3770,1.09542267e-05
GAU2,0,45,-2.9508,1.4754,1.27799312e-05
GAU2,0,46,-2.9508,1.5738,1.09542267e-05
GAU2,0,47,-2.9508,1.6721,5.47711336e-06
GAU2,0,48,-2.9508,1.7705,7.30281782e-06
GAU2,0,49,-2.9508,1.8689,9.12852227e-06
GAU2,0,50,-2.9508,1.9672,1.82570445e-06
GAU2,0,51,-2.9508,2.0656,1.46056356e-05
GAU2,0,52,-2.9508,2.1639,1.64313401e-05
GAU2,0,53,-2.9508,2.2623,1.46056356e-05
GAU2,0,54,-2.9508,2.3607,1.09542267e-05
GAU2,0,55,-2.9508,2.4590,7.30281782e-06
GAU2,0,56,-2.9508,2.5574,7.30281782e-06
GAU2,0,57,-2.9508,2.6557,1.82570445e-06
GAU2,0,58,-2.9508,2.7541,5.47711336e-06
GAU2,0,59,-2.9508,2.8525,1.82570445e-06
GAU2,0,60,-2.9508,2.9508,3.65140891e-06
GAU2,1,18,-2.8525,-1.1803,1.82570445e-06
GAU2,1,21,-2.8525,-0.8852,1.82570445e-06
GAU2,1,25,-2.8525,-0.4918,9.12852227e-06
GAU2,1,26,-2.8525,-0.3934,5.47711336e-06
GAU2,1,27,-2.8525,-0.2951,7.30281782e-06
GAU2,1,28,-2.8525,-0.1967,1.82570445e-06
GAU2,1,29,-2.8525,-0.0984,3.65140891e-06
GAU2,1,30,-2.8525,0.0000,3.65140891e-06
GAU2,1,31,-2.8525,0.0984,9.12852227e-06
GAU2,1,32,-2.8525,0.1967,1.82570445e-05
GAU2,1,33,-2.8525,0.2951,1.27799312e-05
GAU2,1,34,-2.8525,0.3934,5.47711336e-06
GAU2,1,35,-2.8525,0.4918,1.27799312e-05
GAU2,1,36,-2.8525,0.5902,7.30281782e-06
GAU2,1,37,-2.8525,0.6885,1.09542267e-05
GAU2,1,38,-2.8525,0.7869,1.64313401e-05
GAU2,1,39,-2.8525,0.8852,2.73855668e-05
GAU2,1,40,-2.8525,0.9836,2.00827490e-05
GAU2,1,41,-2.8525,1.0820,2.92112713e-05
GAU2,1,42,-2.8525,1.1803,2.37341579e-05
GAU2,1,43,-2.8525,1.2787,1.64313401e-05
GAU2,1,44,-2.8525,1.3770,5.47711336e-06
GAU2,1,45,-2.8525,1.4754,2.00827490e-05
GAU2,1,46,-2.8525,1.5738,1.46056356e-05
GAU2,1,47,-2.8525,1.6721,7.30281782e-06
GAU2,1,48,-2.8525,1.7705,1.27799312e-05
GAU2,1,49,-2.8525,1.8689,7.30281782e-06
GAU2,1,50,-2.8525,1.9672,1.09542267e-05
GAU2,1,51,-2.8525,2.0656,2.00827490e-05
GAU2,1,52,-2.8525,2.1639,1.09542267e-05
GAU2,1,53,-2.8525,2.2623,2.19084534e-05
GAU2,1,54,-2.8525,2.3607,7.30281782e-06
GAU2,1,55,-2.8525,2.4590,7.30281782e-06
GAU2,1,56,-2.8525,2.5574,9.12852227e-06
GAU2,1,57,-2.8525,2.6557,3.65140891e-06
GAU2,1,58,-2.8525,2.7541,5.47711336e-06
GAU2,1,59,-2.8525,2.8525,1.82570445e-06
GAU2,2,19,-2.7541,-1.0820,1.82570445e-06
GAU2,2,20,-2.7541,-0.9836,3.65140891e-06
GAU2,2,22,-2.7541,-0.7869,3.65140891e-06
GAU2,2,23,-2.7541,-0.6885,3.65140891e-06
GAU2,2,25,-2.7541,-0.4918,5.47711336e-06
GAU2,2,26,-2.7541,-0.3934,9.12852227e-06
GAU2,2,27,-2.7541,-0.2951,1.09542267e-05
GAU2,2,28,-2.7541,-0.1967,7.30281782e-06
GAU2,2,29,-2.7541,-0.0984,1.64313401e-05
GAU2,2,30,-2.7541,0.0000,1.27799312e-05
GAU2,2,31,-2.7541,0.0984,1.82570445e-05
GAU2,2,32,-2.7541,0.1967,1.27799312e-05
GAU2,2,33,-2.7541,0.2951,7.30281782e-06
GAU2,2,34,-2.7541,0.3934,1.27799312e-05
GAU2,2,35,-2.7541,0.4918,2.37341579e-05
GAU2,2,36,-2.7541,0.5902,1.27799312e-05
GAU2,2,37,-2.7541,0.6885,1.27799312e-05
GAU2,2,38,-2.7541,0.7869,2.55598624e-05
GAU2,2,39,-2.7541,0.8852,3.10369757e-05
GAU2,2,40,-2.7541,0.9836,2.00827490e-05
GAU2,2,41,-2.7541,1.0820,2.73855668e-05
GAU2,2,42,-2.7541,1.1803,2.37341579e-05
GAU2,2,43,-2.7541,1.2787,1.46056356e-05
GAU2,2,44,-2.7541,1.3770,2.00827490e-05
GAU2,2,45,-2.7541,1.4754,1.82570445e-05
GAU2,2,46,-2.7541,1.5738,2.37341579e-05
GAU2,2,47,-2.7541,1.6721,2.00827490e-05
GAU2,2,48,-2.7541,1.7705,1.64313401e-05
GAU2,2,49,-2.7541,1.8689,2.19084534e-05
GAU2,2,50,-2.7541,1.9672,1.64313401e-05
GAU2,2,51,-2.7541,2.0656,2.37341579e-05
GAU2,2,52,-2.7541,2.1639,2.73855668e-05
GAU2,2,53,-2.7541,2.2623,1.64313401e-05
GAU2,2,54,-2.7541,2.3607,1.09542267e-05
GAU2,2,55,-2.7541,2.4590,7.30281782e-06
GAU2,2,56,-2.7541,2.5574,9.12852227e-06
GAU2,2,57,-2.7541,2.6557,1.82570445e-06
GAU2,2,58,-2.7541,2.7541,5.47711336e-06
GAU2,2,59,-2.7541,2.8525,3.65140891e-06
GAU2,2,60,-2.7541,2.9508,5.47711336e-06
GAU2,3,7,-2.6557,-2.2623,1.82570445e-06
GAU2,3,9,-2.6557,-2.0656,1.82570445e-06
GAU2,3,17,-2.6557,-1.2787,1.82570445e-06
GAU2,3,19,-2.6557,-1.0820,7.30281782e-06
GAU2,3,20,-2.6557,-0.9836,1.82570445e-06
GAU2,3,21,-2.6557,-0.8852,5.47711336e-06
GAU2,3,23,-2.6557,-0.6885,5.47711336e-06
GAU2,3,24,-2.6557,-0.5902,9.12852227e-06
GAU2,3,25,-2.6557,-0.4918,7.30281782e-06
GAU2,3,26,-2.6557,-0.3934,7.30281782e-06
GAU2,3,27,-2.6557,-0.2951,1.09542267e-05
GAU2,3,28,-2.6557,-0.1967,1.09542267e-05
GAU2,3,29,-2.6557,-0.0984,1.46056356e-05
GAU2,3,30,-2.6557,0.0000,1.27799312e-05
GAU2,3,31,-2.6557,0.0984,1.09542267e-05
GAU2,3,32,-2.6557,0.1967,2.37341579e-05
GAU2,3,33,-2.6557,0.2951,1.82570445e-05
GAU2,3,34,-2.6557,0.3934,2.00827490e-05
GAU2,3,35,-2.6557,0.4918,2.37341579e-05
GAU2,3,36,-2.6557,0.5902,2.00827490e-05
GAU2,3,37,-2.6557,0.6885,2.55598624e-05
GAU2,3,38,-2.6557,0.7869,2.19084534e-05
GAU2,3,39,-2.6557,0.8852,2.92112713e-05
GAU2,3,40,-2.6557,0.9836,3.65140891e-05
GAU2,3,41,-2.6557,1.0820,4.56426113e-05
GAU2,3,42,-2.6557,1.1803,3.28626802e-05
GAU2,3,43,-2.6557,1.2787,2.55598624e-05
GAU2,3,44,-2.6557,1.3770,2.37341579e-05
GAU2,3,45,-2.6557,1.4754,2.55598624e-05
GAU2,3,46,-2.6557,1.5738,2.00827490e-05
GAU2,3,47,-2.6557,1.6721,2.00827490e-05
GAU2,3,48,-2.6557,1.7705,2.19084534e-05
GAU2,3,49,-2.6557,1.8689,2.92112713e-05
GAU2,3,50,-2.6557,1.9672,2.19084534e-05
GAU2,3,51,-2.6557,2.0656,2.92112713e-05
GAU2,3,52,-2.6557,2.1639,2.00827490e-05
GAU2,3,53,-2.6557,2.2623,1.09542267e-05
GAU2,3,54,-2.6557,2.3607,1.09542267e-05
GAU2,3,55,-2.6557,2.4590,1.09542267e-05
GAU2,3,56,-2.6557,2.5574,1.09542267e-05
GAU2,3,57,-2.6557,2.6557,1.46056356e-05
GAU2,3,58,-2.6557,2.7541,5.47711336e-06
GAU2,3,59,-2.6557,2.8525,7.30281782e-06
GAU2,3,60,-2.6557,2.9508,1.09542267e-05
GAU2,4,7,-2.5574,-2.2623,1.82570445e-06
GAU2,4,9,-2.5574,-2.0656,1.82570445e-06
GAU2,4,10,-2.5574,-1.9672,1.82570445e-06
GAU2,4,15,-2.5574,-1.4754,1.82570445e-06
GAU2,4,16,-2.5574,-1.3770,1.82570445e-06
GAU2,4,17,-2.5574,-1.2787,5.47711336e-06
GAU2,4,18,-2.5574,-1.1803,1.82570445e-06
GAU2,4,19,-2.5574,-1.0820,7.30281782e-06
GAU2,4,20,-2.5574,-0.9836,5.47711336e-06
GAU2,4,21,-2.5574,-0.8852,7.30281782e-06
GAU2,4,22,-2.5574,-0.7869,5.47711336e-06
GAU2,4,23,-2.5574,-0.6885,1.46056356e-05
GAU2,4,24,-2.5574,-0.5902,7.30281782e-06
GAU2,4,25,-2.5574,-0.4918,5.47711336e-06
GAU2,4,26,-2.5574,-0.3934,1.82570445e-05
GAU2,4,27,-2.5574,-0.2951,2.37341579e-05
GAU2,4,28,-2.5574,-0.1967,1.64313401e-05
GAU2,4,29,-2.5574,-0.0984,2.55598624e-05
GAU2,4,30,-2.5574,0.0000,2.73855668e-05
GAU2,4,31,-2.5574,0.0984,3.10369757e-05
GAU2,4,32,-2.5574,0.1967,1.82570445e-05
GAU2,4,33,-2.5574,0.2951,3.65140891e-05
GAU2,4,34,-2.5574,0.3934,2.19084534e-05
GAU2,4,35,-2.5574,0.4918,2.92112713e-05
GAU2,4,36,-2.5574,0.5902,3.83397935e-05
GAU2,4,37,-2.5574,0.6885,2.00827490e-05
GAU2,4,38,-2.5574,0.7869,3.83397935e-05
GAU2,4,39,-2.5574,0.8852,4.92940203e-05
GAU2,4,40,-2.5574,0.9836,2.73855668e-05
GAU2,4,41,-2.5574,1.0820,3.83397935e-05
GAU2,4,42,-2.5574,1.1803,4.56426113e-05
GAU2,4,43,-2.5574,1.2787,4.56426113e-05
GAU2,4,44,-2.5574,1.3770,4.56426113e-05
GAU2,4,45,-2.5574,1.4754,2.37341579e-05
GAU2,4,46,-2.5574,1.5738,3.46883846e-05
GAU2,4,47,-2.5574,1.6721,2.73855668e-05
GAU2,4,48,-2.5574,1.7705,2.37341579e-05
GAU2,4,49,-2.5574,1.8689,3.28626802e-05
GAU2,4,50,-2.5574,1.9672,3.10369757e-05
GAU2,4,51,-2.5574,2.0656,3.83397935e-05
GAU2,4,52,-2.5574,2.1639,4.01654980e-05
GAU2,4,53,-2.5574,2.2623,2.37341579e-05
GAU2,4,54,-2.5574,2.3607,2.92112713e-05
GAU2,4,55,-2.5574,2.4590,7.30281782e-06
GAU2,4,56,-2.5574,2.5574,1.64313401e-05
GAU2,4,57,-2.5574,2.6557,9.12852227e-06
GAU2,4,58,-2.5574,2.7541,5.47711336e-06
GAU2,4,59,-2.5574,2.8525,5.47711336e-06
GAU2,4,60,-2.5574,2.9508,7.30281782e-06
GAU2,5,4,-2.4590,-2.5574,3.65140891e-06
GAU2,5,7,-2.4590,-2.2623,1.82570445e-06
GAU2,5,10,-2.4590,-1.9672,1.82570445e-06
GAU2,5,11,-2.4590,-1.8689,3.65140891e-06
GAU2,5,12,-2.4590,-1.7705,3.65140891e-06
GAU2,5,13,-2.4590,-1.6721,1.82570445e-06
GAU2,5,14,-2.4590,-1.5738,3.65140891e-06
GAU2,5,15,-2.4590,-1.4754,1.82570445e-06
GAU2,5,17,-2.4590,-1.2787,5.47711336e-06
GAU2,5,18,-2.4590,-1.1803,7.30281782e-06
GAU2,5,19,-2.4590,-1.0820,5.47711336e-06
GAU2,5,20,-2.4590,-0.9836,9.12852227e-06
GAU2,5,21,-2.4590,-0.8852,1.09542267e-05
GAU2,5,22,-2.4590,-0.7869,1.46056356e-05
GAU2,5,23,-2.4590,-0.6885,1.09542267e-05
GAU2,5,24,-2.4590,-0.5902,2.00827490e-05
GAU2,5,25,-2.4590,-0.4918,7.30281782e-06
GAU2,5,26,-2.4590,-0.3934,3.10369757e-05
GAU2,5,27,-2.4590,-0.2951,3.28626802e-05
GAU2,5,28,-2.4590,-0.1967,2.55598624e-05
GAU2,5,29,-2.4590,-0.0984,2.92112713e-05
GAU2,5,30,-2.4590,0.0000,3.83397935e-05
GAU2,5,31,-2.4590,0.0984,2.92112713e-05
GAU2,5,32,-2.4590,0.1967,3.83397935e-05
GAU2,5,33,-2.4590,0.2951,2.19084534e-05
GAU2,5,34,-2.4590,0.3934,4.56426113e-05
GAU2,5,35,-2.4590,0.4918,2.73855668e-05
GAU2,5,36,-2.4590,0.5902,5.29454292e-05
GAU2,5,37,-2.4590,0.6885,5.84225425e-05
GAU2,5,38,-2.4590,0.7869,3.46883846e-05
GAU2,5,39,-2.4590,0.8852,5.84225425e-05
GAU2,5,40,-2.4590,0.9836,4.92940203e-05
GAU2,5,41,-2.4590,1.0820,5.11197247e-05
GAU2,5,42,-2.4590,1.1803,6.20739514e-05
GAU2,5,43,-2.4590,1.2787,4.38169069e-05
GAU2,5,44,-2.4590,1.3770,5.29454292e-05
GAU2,5,45,-2.4590,1.4754,5.47711336e-05
GAU2,5,46,-2.4590,1.5738,4.74683158e-05
GAU2,5,47,-2.4590,1.6721,3.83397935e-05
GAU2,5,48,-2.4590,1.7705,4.92940203e-05
GAU2,5,49,-2.4590,1.8689,7.12024737e-05
GAU2,5,50,-2.4590,1.9672,4.92940203e-05
GAU2,5,51,-2.4590,2.0656,4.01654980e-05
GAU2,5,52,-2.4590,2.1639,2.55598624e-05
GAU2,5,53,-2.4590,2.2623,2.55598624e-05
GAU2,5,54,-2.4590,2.3607,2.55598624e-05
GAU2,5,55,-2.4590,2.4590,1.64313401e-05
GAU2,5,56,-2.4590,2.5574,1.82570445e-05
GAU2,5,57,-2.4590,2.6557,5.47711336e-06
GAU2,5,58,-2.4590,2.7541,1.09542267e-05
GAU2,5,59,-2.4590,2.8525,1.46056356e-05
GAU2,5,60,-2.4590,2.9508,5.47711336e-06
GAU2,6,3,-2.3607,-2.6557,1.82570445e-06
GAU2,6,7,-2.3607,-2.2623,1.82570445e-06
GAU2,6,8,-2.3607,-2.1639,1.82570445e-06
GAU2,6,10,-2.3607,-1.9672,1.82570445e-06
GAU2,6,12,-2.3607,-1.7705,3.65140891e-06
GAU2,6,14,-2.3607,-1.5738,7.30281782e-06
GAU2,6,15,-2.3607,-1.4754,5.47711336e-06
GAU2,6,16,-2.3607,-1.3770,3.65140891e-06
GAU2,6,17,-2.3607,-1.2787,1.46056356e-05
GAU2,6,18,-2.3607,-1.1803,1.27799312e-05
GAU2,6,19,-2.3607,-1.0820,7.30281782e-06
GAU2,6,20,-2.3607,-0.9836,7.30281782e-06
GAU2,6,21,-2.3607,-0.8852,1.09542267e-05
GAU2,6,22,-2.3607,-0.7869,2.19084534e-05
GAU2,6,23,-2.3607,-0.6885,1.82570445e-05
GAU2,6,24,-2.3607,-0.5902,7.30281782e-06
GAU2,6,25,-2.3607,-0.4918,2.19084534e-05
GAU2,6,26,-2.3607,-0.3934,2.00827490e-05
GAU2,6,27,-2.3607,-0.2951,3.83397935e-05
GAU2,6,28,-2.3607,-0.1967,3.46883846e-05
GAU2,6,29,-2.3607,-0.0984,3.46883846e-05
GAU2,6,30,-2.3607,0.0000,4.38169069e-05
GAU2,6,31,-2.3607,0.0984,6.20739514e-05
GAU2,6,32,-2.3607,0.1967,3.65140891e-05
GAU2,6,33,-2.3607,0.2951,3.65140891e-05
GAU2,6,34,-2.3607,0.3934,5.65968381e-05
GAU2,6,35,-2.3607,0.4918,4.56426113e-05
GAU2,6,36,-2.3607,0.5902,5.65968381e-05
GAU2,6,37,-2.3607,0.6885,5.84225425e-05
GAU2,6,38,-2.3607,0.7869,3.65140891e-05
GAU2,6,39,-2.3607,0.8852,7.85052915e-05
GAU2,6,40,-2.3607,0.9836,5.47711336e-05
GAU2,6,41,-2.3607,1.0820,9.67623361e-05
GAU2,6,42,-2.3607,1.1803,6.38996559e-05
GAU2,6,43,-2.3607,1.2787,6.38996559e-05
GAU2,6,44,-2.3607,1.3770,4.92940203e-05
GAU2,6,45,-2.3607,1.4754,6.38996559e-05
GAU2,6,46,-2.3607,1.5738,6.75510648e-05
GAU2,6,47,-2.3607,1.6721,6.57253603e-05
GAU2,6,48,-2.3607,1.7705,5.47711336e-05
GAU2,6,49,-2.3607,1.8689,5.47711336e-05
GAU2,6,50,-2.3607,1.9672,5.11197247e-05
GAU2,6,51,-2.3607,2.0656,3.10369757e-05
GAU2,6,52,-2.3607,2.1639,3.28626802e-05
GAU2,6,53,-2.3607,2.2623,1.64313401e-05
GAU2,6,54,-2.3607,2.3607,3.28626802e-05
GAU2,6,55,-2.3607,2.4590,1.82570445e-05
GAU2,6,56,-2.3607,2.5574,2.37341579e-05
GAU2,6,57,-2.3607,2.6557,1.82570445e-05
GAU2,6,58,-2.3607,2.7541,5.47711336e-06
GAU2,6,59,-2.3607,2.8525,1.27799312e-05
GAU2,6,60,-2.3607,2.9508,7.30281782e-06
GAU2,7,2,-2.2623,-2.7541,1.82570445e-06
GAU2,7,3,-2.2623,-2.6557,3.65140891e-06
GAU2,7,4,-2.2623,-2.5574,3.65140891e-06
GAU2,7,6,-2.2623,-2.3607,5.47711336e-06
GAU2,7,9,-2.2623,-2.0656,1.82570445e-06
GAU2,7,10,-2.2623,-1.9672,3.65140891e-06
GAU2,7,11,-2.2623,-1.8689,3.65140891e-06
GAU2,7,12,-2.2623,-1.7705,1.82570445e-06
GAU2,7,13,-2.2623,-1.6721,9.12852227e-06
GAU2,7,14,-2.2623,-1.5738,1.82570445e-05
GAU2,7,15,-2.2623,-1.4754,9.12852227e-06
GAU2,7,16,-2.2623,-1.3770,1.27799312e-05
GAU2,7,17,-2.2623,-1.2787,1.09542267e-05
GAU2,7,18,-2.2623,-1.1803,1.64313401e-05
GAU2,7,19,-2.2623,-1.0820,1.27799312e-05
GAU2,7,20,-2.2623,-0.9836,1.46056356e-05
GAU2,7,21,-2.2623,-0.8852,1.27799312e-05
GAU2,7,22,-2.2623,-0.7869,2.55598624e-05
GAU2,7,23,-2.2623,-0.6885,1.46056356e-05
GAU2,7,24,-2.2623,-0.5902,2.73855668e-05
GAU2,7,25,-2.2623,-0.4918,2.92112713e-05
GAU2,7,26,-2.2623,-0.3934,2.37341579e-05
GAU2,7,27,-2.2623,-0.2951,3.46883846e-05
GAU2,7,28,-2.2623,-0.1967,5.29454292e-05
GAU2,7,29,-2.2623,-0.0984,5.65968381e-05
GAU2,7,30,-2.2623,0.0000,4.19912024e-05
GAU2,7,31,-2.2623,0.0984,6.93767692e-05
GAU2,7,32,-2.2623,0.1967,6.38996559e-05
GAU2,7,33,-2.2623,0.2951,5.65968381e-05
GAU2,7,34,-2.2623,0.3934,7.12024737e-05
GAU2,7,35,-2.2623,0.4918,8.76338138e-05
GAU2,7,36,-2.2623,0.5902,6.75510648e-05
GAU2,7,37,-2.2623,0.6885,1.02239449e-04
GAU2,7,38,-2.2623,0.7869,6.75510648e-05
GAU2,7,39,-2.2623,0.8852,9.49366316e-05
GAU2,7,40,-2.2623,0.9836,1.16845085e-04
GAU2,7,41,-2.2623,1.0820,9.31109271e-05
GAU2,7,42,-2.2623,1.1803,1.15019381e-04
GAU2,7,43,-2.2623,1.2787,8.58081093e-05
GAU2,7,44,-2.2623,1.3770,1.00413745e-04
GAU2,7,45,-2.2623,1.4754,9.49366316e-05
GAU2,7,46,-2.2623,1.5738,1.02239449e-04
GAU2,7,47,-2.2623,1.6721,6.75510648e-05
GAU2,7,48,-2.2623,1.7705,8.21567004e-05
GAU2,7,49,-2.2623,1.8689,6.20739514e-05
GAU2,7,50,-2.2623,1.9672,6.02482470e-05
GAU2,7,51,-2.2623,2.0656,5.65968381e-05
GAU2,7,52,-2.2623,2.1639,4.92940203e-05
GAU2,7,53,-2.2623,2.2623,4.56426113e-05
GAU2,7,54,-2.2623,2.3607,3.65140891e-05
GAU2,7,55,-2.2623,2.4590,2.55598624e-05
GAU2,7,56,-2.2623,2.5574,3.65140891e-05
GAU2,7,57,-2.2623,2.6557,2.19084534e-05
GAU2,7,58,-2.2623,2.7541,2.73855668e-05
GAU2,7,59,-2.2623,2.8525,5.47711336e-06
GAU2,7,60,-2.2623,2.9508,1.64313401e-05
GAU2,8,0,-2.1639,-2.9508,3.65140891e-06
GAU2,8,2,-2.1639,-2.7541,1.82570445e-06
GAU2,8,4,-2.1639,-2.5574,5.47711336e-06
GAU2,8,5,-2.1639,-2.4590,1.82570445e-06
GAU2,8,6,-2.1639,-2.3607,1.82570445e-06
GAU2,8,7,-2.1639,-2.2623,1.82570445e-06
GAU2,8,8,-2.1639,-2.1639,3.65140891e-06
GAU2,8,9,-2.1639,-2.0656,9.12852227e-06
GAU2,8,10,-2.1639,-1.9672,1.82570445e-06
GAU2,8,11,-2.1639,-1.8689,3.65140891e-06
GAU2,8,12,-2.1639,-1.7705,5.47711336e-06
GAU2,8,13,-2.1639,-1.6721,9.12852227e-06
GAU2,8,14,-2.1639,-1.5738,1.09542267e-05
GAU2,8,15,-2.1639,-1.4754,1.64313401e-05
GAU2,8,16,-2.1639,-1.3770,2.00827490e-05
GAU2,8,17,-2.1639,-1.2787,2.73855668e-05
GAU2,8,18,-2.1639,-1.1803,2.92112713e-05
GAU2,8,19,-2.1639,-1.0820,1.27799312e-05
GAU2,8,20,-2.1639,-0.9836,2.55598624e-05
GAU2,8,21,-2.1639,-0.8852,3.28626802e-05
GAU2,8,22,-2.1639,-0.7869,2.92112713e-05
GAU2,8,23,-2.1639,-0.6885,3.10369757e-05
GAU2,8,24,-2.1639,-0.5902,4.01654980e-05
GAU2,8,25,-2.1639,-0.4918,4.01654980e-05
GAU2,8,26,-2.1639,-0.3934,5.84225425e-05
GAU2,8,27,-2.1639,-0.2951,4.56426113e-05
GAU2,8,28,-2.1639,-0.1967,6.20739514e-05
GAU2,8,29,-2.1639,-0.0984,6.57253603e-05
GAU2,8,30,-2.1639,0.0000,6.57253603e-05
GAU2,8,31,-2.1639,0.0984,8.39824049e-05
GAU2,8,32,-2.1639,0.1967,1.22322198e-04
GAU2,8,33,-2.1639,0.2951,9.67623361e-05
GAU2,8,34,-2.1639,0.3934,1.13193676e-04
GAU2,8,35,-2.1639,0.4918,9.67623361e-05
GAU2,8,36,-2.1639,0.5902,1.07716563e-04
GAU2,8,37,-2.1639,0.6885,1.25973607e-04
GAU2,8,38,-2.1639,0.7869,1.09542267e-04
GAU2,8,39,-2.1639,0.8852,1.16845085e-04
GAU2,8,40,-2.1639,0.9836,1.24147903e-04
GAU2,8,41,-2.1639,1.0820,1.40579243e-04
GAU2,8,42,-2.1639,1.1803,9.67623361e-05
GAU2,8,43,-2.1639,1.2787,1.42404947e-04
GAU2,8,44,-2.1639,1.3770,1.22322198e-04
GAU2,8,45,-2.1639,1.4754,1.15019381e-04
GAU2,8,46,-2.1639,1.5738,1.22322198e-04
GAU2,8,47,-2.1639,1.6721,9.67623361e-05
GAU2,8,48,-2.1639,1.7705,1.09542267e-04
GAU2,8,49,-2.1639,1.8689,5.65968381e-05
GAU2,8,50,-2.1639,1.9672,7.12024737e-05
GAU2,8,51,-2.1639,2.0656,7.12024737e-05
GAU2,8,52,-2.1639,2.1639,6.20739514e-05
GAU2,8,53,-2.1639,2.2623,4.38169069e-05
GAU2,8,54,-2.1639,2.3607,4.01654980e-05
GAU2,8,55,-2.1639,2.4590,2.55598624e-05
GAU2,8,56,-2.1639,2.5574,3.46883846e-05
GAU2,8,57,-2.1639,2.6557,5.47711336e-05
GAU2,8,58,-2.1639,2.7541,2.92112713e-05
GAU2,8,59,-2.1639,2.8525,1.09542267e-05
GAU2,8,60,-2.1639,2.9508,1.46056356e-05
GAU2,9,0,-2.0656,-2.9508,5.47711336e-06
GAU2,9,3,-2.0656,-2.6557,1.82570445e-06
GAU2,9,4,-2.0656,-2.5574,7.30281782e-06
GAU2,9,5,-2.0656,-2.4590,3.65140891e-06
GAU2,9,6,-2.0656,-2.3607,5.47711336e-06
GAU2,9,7,-2.0656,-2.2623,9.12852227e-06
GAU2,9,8,-2.0656,-2.1639,5.47711336e-06
GAU2,9,9,-2.0656,-2.0656,1.64313401e-05
GAU2,9,10,-2.0656,-1.9672,7.30281782e-06
GAU2,9,11,-2.0656,-1.8689,1.09542267e-05
GAU2,9,12,-2.0656,-1.7705,3.65140891e-06
GAU2,9,13,-2.0656,-1.6721,1.46056356e-05
GAU2,9,14,-2.0656,-1.5738,1.64313401e-05
GAU2,9,15,-2.0656,-1.4754,2.37341579e-05
GAU2,9,16,-2.0656,-1.3770,2.37341579e-05
GAU2,9,17,-2.0656,-1.2787,2.73855668e-05
GAU2,9,18,-2.0656,-1.1803,2.92112713e-05
GAU2,9,19,-2.0656,-1.0820,2.92112713e-05
GAU2,9,20,-2.0656,-0.9836,2.37341579e-05
GAU2,9,21,-2.0656,-0.8852,2.73855668e-05
GAU2,9,22,-2.0656,-0.7869,4.19912024e-05
GAU2,9,23,-2.0656,-0.6885,3.46883846e-05
GAU2,9,24,-2.0656,-0.5902,4.01654980e-05
GAU2,9,25,-2.0656,-0.4918,4.74683158e-05
GAU2,9,26,-2.0656,-0.3934,5.47711336e-05
GAU2,9,27,-2.0656,-0.2951,8.76338138e-05
GAU2,9,28,-2.0656,-0.1967,8.03309960e-05
GAU2,9,29,-2.0656,-0.0984,7.66795871e-05
GAU2,9,30,-2.0656,0.0000,9.49366316e-05
GAU2,9,31,-2.0656,0.0984,1.02239449e-04
GAU2,9,32,-2.0656,0.1967,9.85880405e-05
GAU2,9,33,-2.0656,0.2951,1.31450721e-04
GAU2,9,34,-2.0656,0.3934,1.57010583e-04
GAU2,9,35,-2.0656,0.4918,1.33276425e-04
GAU2,9,36,-2.0656,0.5902,1.69790514e-04
GAU2,9,37,-2.0656,0.6885,1.57010583e-04
GAU2,9,38,-2.0656,0.7869,1.58836287e-04
GAU2,9,39,-2.0656,0.8852,1.69790514e-04
GAU2,9,40,-2.0656,0.9836,1.66139105e-04
GAU2,9,41,-2.0656,1.0820,2.19084534e-04
GAU2,9,42,-2.0656,1.1803,1.89873263e-04
GAU2,9,43,-2.0656,1.2787,1.86221854e-04
GAU2,9,44,-2.0656,1.3770,1.82570445e-04
GAU2,9,45,-2.0656,1.4754,1.71616219e-04
GAU2,9,46,-2.0656,1.5738,1.57010583e-04
GAU2,9,47,-2.0656,1.6721,1.35102130e-04
GAU2,9,48,-2.0656,1.7705,1.35102130e-04
GAU2,9,49,-2.0656,1.8689,1.07716563e-04
GAU2,9,50,-2.0656,1.9672,8.21567004e-05
GAU2,9,51,-2.0656,2.0656,6.93767692e-05
GAU2,9,52,-2.0656,2.1639,6.38996559e-05
GAU2,9,53,-2.0656,2.2623,6.57253603e-05
GAU2,9,54,-2.0656,2.3607,6.38996559e-05
GAU2,9,55,-2.0656,2.4590,4.56426113e-05
GAU2,9,56,-2.0656,2.5574,4.56426113e-05
GAU2,9,57,-2.0656,2.6557,3.46883846e-05
GAU2,9,58,-2.0656,2.7541,2.55598624e-05
GAU2,9,59,-2.0656,2.8525,2.73855668e-05
GAU2,9,60,-2.0656,2.9508,3.10369757e-05
GAU2,10,0,-1.9672,-2.9508,3.65140891e-06
GAU2,10,1,-1.9672,-2.8525,5.47711336e-06
GAU2,10,2,-1.9672,-2.7541,3.65140891e-06
GAU2,10,3,-1.9672,-2.6557,5.47711336e-06
GAU2,10,4,-1.9672,-2.5574,1.82570445e-06
GAU2,10,5,-1.9672,-2.4590,3.65140891e-06
GAU2,10,6,-1.9672,-2.3607,5.47711336e-06
GAU2,10,7,-1.9672,-2.2623,3.65140891e-06
GAU2,10,8,-1.9672,-2.1639,9.12852227e-06
GAU2,10,9,-1.9672,-2.0656,9.12852227e-06
GAU2,10,10,-1.9672,-1.9672,1.27799312e-05
GAU2,10,11,-1.9672,-1.8689,1.09542267e-05
GAU2,10,12,-1.9672,-1.7705,1.09542267e-05
GAU2,10,13,-1.9672,-1.6721,1.46056356e-05
GAU2,10,14,-1.9672,-1.5738,2.73855668e-05
GAU2,10,15,-1.9672,-1.4754,2.00827490e-05
GAU2,10,16,-1.9672,-1.3770,2.55598624e-05
GAU2,10,17,-1.9672,-1.2787,2.55598624e-05
GAU2,10,18,-1.9672,-1.1803,4.19912024e-05
GAU2,10,19,-1.9672,-1.0820,6.02482470e-05
GAU2,10,20,-1.9672,-0.9836,6.02482470e-05
GAU2,10,21,-1.9672,-0.8852,6.02482470e-05
GAU2,10,22,-1.9672,-0.7869,5.84225425e-05
GAU2,10,23,-1.9672,-0.6885,7.12024737e-05
GAU2,10,24,-1.9672,-0.5902,7.66795871e-05
GAU2,10,25,-1.9672,-0.4918,6.20739514e-05
GAU2,10,26,-1.9672,-0.3934,1.13193676e-04
GAU2,10,27,-1.9672,-0.2951,1.15019381e-04
GAU2,10,28,-1.9672,-0.1967,1.33276425e-04
GAU2,10,29,-1.9672,-0.0984,1.22322198e-04
GAU2,10,30,-1.9672,0.0000,1.18670789e-04
GAU2,10,31,-1.9672,0.0984,1.13193676e-04
GAU2,10,32,-1.9672,0.1967,1.42404947e-04
GAU2,10,33,-1.9672,0.2951,1.78919036e-04
GAU2,10,34,-1.9672,0.3934,1.80744741e-04
GAU2,10,35,-1.9672,0.4918,1.78919036e-04
GAU2,10,36,-1.9672,0.5902,2.48295806e-04
GAU2,10,37,-1.9672,0.6885,2.33690170e-04
GAU2,10,38,-1.9672,0.7869,2.20910239e-04
GAU2,10,39,-1.9672,0.8852,2.20910239e-04
GAU2,10,40,-1.9672,0.9836,2.30038761e-04
GAU2,10,41,-1.9672,1.0820,2.26387352e-04
GAU2,10,42,-1.9672,1.1803,2.22735943e-04
GAU2,10,43,-1.9672,1.2787,2.28213057e-04
GAU2,10,44,-1.9672,1.3770,2.15433126e-04
GAU2,10,45,-1.9672,1.4754,2.13607421e-04
GAU2,10,46,-1.9672,1.5738,1.78919036e-04
GAU2,10,47,-1.9672,1.6721,1.67964810e-04
GAU2,10,48,-1.9672,1.7705,1.42404947e-04
GAU2,10,49,-1.9672,1.8689,1.38753538e-04
GAU2,10,50,-1.9672,1.9672,1.47882061e-04
GAU2,10,51,-1.9672,2.0656,9.31109271e-05
GAU2,10,52,-1.9672,2.1639,1.04065154e-04
GAU2,10,53,-1.9672,2.2623,8.39824049e-05
GAU2,10,54,-1.9672,2.3607,8.21567004e-05
GAU2,10,55,-1.9672,2.4590,6.38996559e-05
GAU2,10,56,-1.9672,2.5574,6.75510648e-05
GAU2,10,57,-1.9672,2.6557,2.92112713e-05
GAU2,10,58,-1.9672,2.7541,3.28626802e-05
GAU2,10,59,-1.9672,2.8525,2.92112713e-05
GAU2,10,60,-1.9672,2.9508,2.73855668e-05
GAU2,11,0,-1.8689,-2.9508,1.82570445e-06
GAU2,11,1,-1.8689,-2.8525,9.12852227e-06
GAU2,11,2,-1.8689,-2.7541,5.47711336e-06
GAU2,11,3,-1.8689,-2.6557,9.12852227e-06
GAU2,11,4,-1.8689,-2.5574,5.47711336e-06
GAU2,11,5,-1.8689,-2.4590,5.47711336e-06
GAU2,11,6,-1.8689,-2.3607,3.65140891e-06
GAU2,11,7,-1.8689,-2.2623,1.09542267e-05
GAU2,11,8,-1.8689,-2.1639,9.12852227e-06
GAU2,11,9,-1.8689,-2.0656,9.12852227e-06
GAU2,11,10,-1.8689,-1.9672,1.64313401e-05
GAU2,11,11,-1.8689,-1.8689,1.27799312e-05
GAU2,11,12,-1.8689,-1.7705,2.00827490e-05
GAU2,11,13,-1.8689,-1.6721,2.19084534e-05
GAU2,11,14,-1.8689,-1.5738,2.73855668e-05
GAU2,11,15,-1.8689,-1.4754,3.83397935e-05
GAU2,11,16,-1.8689,-1.3770,9.12852227e-05
GAU2,11,17,-1.8689,-1.2787,6.38996559e-05
GAU2,11,18,-1.8689,-1.1803,7.85052915e-05
GAU2,11,19,-1.8689,-1.0820,6.75510648e-05
GAU2,11,20,-1.8689,-0.9836,6.75510648e-05
GAU2,11,21,-1.8689,-0.8852,5.65968381e-05
GAU2,11,22,-1.8689,-0.7869,9.49366316e-05
GAU2,11,23,-1.8689,-0.6885,8.21567004e-05
GAU2,11,24,-1.8689,-0.5902,1.13193676e-04
GAU2,11,25,-1.8689,-0.4918,9.67623361e-05
GAU2,11,26,-1.8689,-0.3934,1.20496494e-04
GAU2,11,27,-1.8689,-0.2951,1.47882061e-04
GAU2,11,28,-1.8689,-0.1967,1.75267628e-04
GAU2,11,29,-1.8689,-0.0984,1.93524672e-04
GAU2,11,30,-1.8689,0.0000,1.93524672e-04
GAU2,11,31,-1.8689,0.0984,1.89873263e-04
GAU2,11,32,-1.8689,0.1967,1.93524672e-04
GAU2,11,33,-1.8689,0.2951,2.79332781e-04
GAU2,11,34,-1.8689,0.3934,2.92112713e-04
GAU2,11,35,-1.8689,0.4918,2.84809895e-04
GAU2,11,36,-1.8689,0.5902,3.37755324e-04
GAU2,11,37,-1.8689,0.6885,3.50535255e-04
GAU2,11,38,-1.8689,0.7869,3.54186664e-04
GAU2,11,39,-1.8689,0.8852,3.06718348e-04
GAU2,11,40,-1.8689,0.9836,3.65140891e-04
GAU2,11,41,-1.8689,1.0820,2.93938417e-04
GAU2,11,42,-1.8689,1.1803,2.72029964e-04
GAU2,11,43,-1.8689,1.2787,3.03066939e-04
GAU2,11,44,-1.8689,1.3770,2.57424328e-04
GAU2,11,45,-1.8689,1.4754,2.93938417e-04
GAU2,11,46,-1.8689,1.5738,2.57424328e-04
GAU2,11,47,-1.8689,1.6721,2.09956012e-04
GAU2,11,48,-1.8689,1.7705,1.95350377e-04
GAU2,11,49,-1.8689,1.8689,1.88047559e-04
GAU2,11,50,-1.8689,1.9672,1.95350377e-04
GAU2,11,51,-1.8689,2.0656,1.62487696e-04
GAU2,11,52,-1.8689,2.1639,1.31450721e-04
GAU2,11,53,-1.8689,2.2623,1.35102130e-04
GAU2,11,54,-1.8689,2.3607,8.94595182e-05
GAU2,11,55,-1.8689,2.4590,6.57253603e-05
GAU2,11,56,-1.8689,2.5574,5.65968381e-05
GAU2,11,57,-1.8689,2.6557,6.02482470e-05
GAU2,11,58,-1.8689,2.7541,4.38169069e-05
GAU2,11,59,-1.8689,2.8525,3.46883846e-05
GAU2,11,60,-1.8689,2.9508,4.38169069e-05
GAU2,12,0,-1.7705,-2.9508,7.30281782e-06
GAU2,12,1,-1.7705,-2.8525,5.47711336e-06
GAU2,12,2,-1.7705,-2.7541,7.30281782e-06
GAU2,12,3,-1.7705,-2.6557,3.65140891e-06
GAU2,12,4,-1.7705,-2.5574,7.30281782e-06
GAU2,12,5,-1.7705,-2.4590,1.82570445e-06
GAU2,12,6,-1.7705,-2.3607,1.09542267e-05
GAU2,12,7,-1.7705,-2.2623,1.82570445e-05
GAU2,12,8,-1.7705,-2.1639,1.09542267e-05
GAU2,12,9,-1.7705,-2.0656,9.12852227e-06
GAU2,12,10,-1.7705,-1.9672,1.09542267e-05
GAU2,12,11,-1.7705,-1.8689,2.00827490e-05
GAU2,12,12,-1.7705,-1.7705,1.82570445e-05
GAU2,12,13,-1.7705,-1.6721,4.19912024e-05
GAU2,12,14,-1.7705,-1.5738,5.11197247e-05
GAU2,12,15,-1.7705,-1.4754,5.65968381e-05
GAU2,12,16,-1.7705,-1.3770,8.21567004e-05
GAU2,12,17,-1.7705,-1.2787,7.48538826e-05
GAU2,12,18,-1.7705,-1.1803,1.18670789e-04
GAU2,12,19,-1.7705,-1.0820,7.85052915e-05
GAU2,12,20,-1.7705,-0.9836,1.07716563e-04
GAU2,12,21,-1.7705,-0.8852,1.18670789e-04
GAU2,12,22,-1.7705,-0.7869,1.02239449e-04
GAU2,12,23,-1.7705,-0.6885,1.42404947e-04
GAU2,12,24,-1.7705,-0.5902,1.38753538e-04
GAU2,12,25,-1.7705,-0.4918,1.62487696e-04
GAU2,12,26,-1.7705,-0.3934,1.80744741e-04
GAU2,12,27,-1.7705,-0.2951,2.17258830e-04
GAU2,12,28,-1.7705,-0.1967,1.78919036e-04
GAU2,12,29,-1.7705,-0.0984,2.68378555e-04
GAU2,12,30,-1.7705,0.0000,2.57424328e-04
GAU2,12,31,-1.7705,0.0984,2.93938417e-04
GAU2,12,32,-1.7705,0.1967,3.12195462e-04
GAU2,12,33,-1.7705,0.2951,3.65140891e-04
GAU2,12,34,-1.7705,0.3934,4.14434911e-04
GAU2,12,35,-1.7705,0.4918,4.32691956e-04
GAU2,12,36,-1.7705,0.5902,4.78334567e-04
GAU2,12,37,-1.7705,0.6885,4.32691956e-04
GAU2,12,38,-1.7705,0.7869,4.58251818e-04
GAU2,12,39,-1.7705,0.8852,4.45471887e-04
GAU2,12,40,-1.7705,0.9836,5.11197247e-04
GAU2,12,41,-1.7705,1.0820,4.45471887e-04
GAU2,12,42,-1.7705,1.1803,3.85223640e-04
GAU2,12,43,-1.7705,1.2787,3.63315186e-04
GAU2,12,44,-1.7705,1.3770,3.72443709e-04
GAU2,12,45,-1.7705,1.4754,3.66966595e-04
GAU2,12,46,-1.7705,1.5738,3.03066939e-04
GAU2,12,47,-1.7705,1.6721,3.01241235e-04
GAU2,12,48,-1.7705,1.7705,2.02653194e-04
GAU2,12,49,-1.7705,1.8689,2.37341579e-04
GAU2,12,50,-1.7705,1.9672,2.13607421e-04
GAU2,12,51,-1.7705,2.0656,1.88047559e-04
GAU2,12,52,-1.7705,2.1639,1.77093332e-04
GAU2,12,53,-1.7705,2.2623,1.07716563e-04
GAU2,12,54,-1.7705,2.3607,1.18670789e-04
GAU2,12,55,-1.7705,2.4590,7.85052915e-05
GAU2,12,56,-1.7705,2.5574,1.00413745e-04
GAU2,12,57,-1.7705,2.6557,6.75510648e-05
GAU2,12,58,-1.7705,2.7541,6.38996559e-05
GAU2,12,59,-1.7705,2.8525,5.84225425e-05
GAU2,12,60,-1.7705,2.9508,4.19912024e-05
GAU2,13,0,-1.6721,-2.9508,7.30281782e-06
GAU2,13,1,-1.6721,-2.8525,1.09542267e-05
GAU2,13,2,-1.6721,-2.7541,7.30281782e-06
GAU2,13,3,-1.6721,-2.6557,1.82570445e-05
GAU2,13,4,-1.6721,-2.5574,1.82570445e-05
GAU2,13,5,-1.6721,-2.4590,1.09542267e-05
GAU2,13,6,-1.6721,-2.3607,5.47711336e-06
GAU2,13,7,-1.6721,-2.2623,2.19084534e-05
GAU2,13,8,-1.6721,-2.1639,1.64313401e-05
GAU2,13,9,-1.6721,-2.0656,2.37341579e-05
GAU2,13,10,-1.6721,-1.9672,2.19084534e-05
GAU2,13,11,-1.6721,-1.8689,3.83397935e-05
GAU2,13,12,-1.6721,-1.7705,3.65140891e-05
GAU2,13,13,-1.6721,-1.6721,6.02482470e-05
GAU2,13,14,-1.6721,-1.5738,9.49366316e-05
GAU2,13,15,-1.6721,-1.4754,8.39824049e-05
GAU2,13,16,-1.6721,-1.3770,9.85880405e-05
GAU2,13,17,-1.6721,-1.2787,1.27799312e-04
GAU2,13,18,-1.6721,-1.1803,1.33276425e-04
GAU2,13,19,-1.6721,-1.0820,1.31450721e-04
GAU2,13,20,-1.6721,-0.9836,1.51533470e-04
GAU2,13,21,-1.6721,-0.8852,1.35102130e-04
GAU2,13,22,-1.6721,-0.7869,1.60661992e-04
GAU2,13,23,-1.6721,-0.6885,1.57010583e-04
GAU2,13,24,-1.6721,-0.5902,2.17258830e-04
GAU2,13,25,-1.6721,-0.4918,2.53772919e-04
GAU2,13,26,-1.6721,-0.3934,3.17672575e-04
GAU2,13,27,-1.6721,-0.2951,2.88461304e-04
GAU2,13,28,-1.6721,-0.1967,3.14021166e-04
GAU2,13,29,-1.6721,-0.0984,3.50535255e-04
GAU2,13,30,-1.6721,0.0000,4.29040547e-04
GAU2,13,31,-1.6721,0.0984,4.54600409e-04
GAU2,13,32,-1.6721,0.1967,4.21737729e-04
GAU2,13,33,-1.6721,0.2951,5.13022952e-04
GAU2,13,34,-1.6721,0.3934,6.00656765e-04
GAU2,13,35,-1.6721,0.4918,5.98831061e-04
GAU2,13,36,-1.6721,0.5902,6.71859239e-04
GAU2,13,37,-1.6721,0.6885,6.66382126e-04
GAU2,13,38,-1.6721,0.7869,5.87876834e-04
GAU2,13,39,-1.6721,0.8852,6.11610992e-04
GAU2,13,40,-1.6721,0.9836,6.07959583e-04
GAU2,13,41,-1.6721,1.0820,5.69619790e-04
GAU2,13,42,-1.6721,1.1803,5.71445494e-04
GAU2,13,43,-1.6721,1.2787,5.11197247e-04
GAU2,13,44,-1.6721,1.3770,5.13022952e-04
GAU2,13,45,-1.6721,1.4754,4.71031749e-04
GAU2,13,46,-1.6721,1.5738,4.54600409e-04
GAU2,13,47,-1.6721,1.6721,3.99829275e-04
GAU2,13,48,-1.6721,1.7705,3.34103915e-04
GAU2,13,49,-1.6721,1.8689,3.32278211e-04
GAU2,13,50,-1.6721,1.9672,2.77507077e-04
GAU2,13,51,-1.6721,2.0656,2.46470101e-04
GAU2,13,52,-1.6721,2.1639,2.20910239e-04
GAU2,13,53,-1.6721,2.2623,1.71616219e-04
GAU2,13,54,-1.6721,2.3607,1.36927834e-04
GAU2,13,55,-1.6721,2.4590,1.16845085e-04
GAU2,13,56,-1.6721,2.5574,1.15019381e-04
GAU2,13,57,-1.6721,2.6557,1.09542267e-04
GAU2,13,58,-1.6721,2.7541,7.30281782e-05
GAU2,13,59,-1.6721,2.8525,4.74683158e-05
GAU2,13,60,-1.6721,2.9508,3.83397935e-05
GAU2,14,0,-1.5738,-2.9508,5.47711336e-06
GAU2,14,1,-1.5738,-2.8525,1.64313401e-05
GAU2,14,2,-1.5738,-2.7541,1.09542267e-05
GAU2,14,3,-1.5738,-2.6557,1.09542267e-05
GAU2,14,4,-1.5738,-2.5574,2.55598624e-05
GAU2,14,5,-1.5738,-2.4590,2.19084534e-05
GAU2,14,6,-1.5738,-2.3607,3.46883846e-05
GAU2,14,7,-1.5738,-2.2623,2.37341579e-05
GAU2,14,8,-1.5738,-2.1639,1.27799312e-05
GAU2,14,9,-1.5738,-2.0656,2.73855668e-05
GAU2,14,10,-1.5738,-1.9672,3.83397935e-05
GAU2,14,11,-1.5738,-1.8689,3.46883846e-05
GAU2,14,12,-1.5738,-1.7705,7.66795871e-05
GAU2,14,13,-1.5738,-1.6721,1.16845085e-04
GAU2,14,14,-1.5738,-1.5738,8.94595182e-05
GAU2,14,15,-1.5738,-1.4754,1.64313401e-04
GAU2,14,16,-1.5738,-1.3770,1.82570445e-04
GAU2,14,17,-1.5738,-1.2787,2.11781717e-04
GAU2,14,18,-1.5738,-1.1803,1.97176081e-04
GAU2,14,19,-1.5738,-1.0820,2.26387352e-04
GAU2,14,20,-1.5738,-0.9836,2.37341579e-04
GAU2,14,21,-1.5738,-0.8852,2.42818692e-04
GAU2,14,22,-1.5738,-0.7869,2.73855668e-04
GAU2,14,23,-1.5738,-0.6885,2.99415530e-04
GAU2,14,24,-1.5738,-0.5902,3.57838073e-04
GAU2,14,25,-1.5738,-0.4918,3.46883846e-04
GAU2,14,26,-1.5738,-0.3934,3.92526458e-04
GAU2,14,27,-1.5738,-0.2951,4.43646182e-04
GAU2,14,28,-1.5738,-0.1967,5.05720134e-04
GAU2,14,29,-1.5738,-0.0984,5.49537041e-04
GAU2,14,30,-1.5738,0.0000,5.51362745e-04
GAU2,14,31,-1.5738,0.0984,6.22565219e-04
GAU2,14,32,-1.5738,0.1967,6.97419101e-04
GAU2,14,33,-1.5738,0.2951,7.39410304e-04
GAU2,14,34,-1.5738,0.3934,7.81401506e-04
GAU2,14,35,-1.5738,0.4918,8.89118069e-04
GAU2,14,36,-1.5738,0.5902,9.20155045e-04
GAU2,14,37,-1.5738,0.6885,8.17915595e-04
GAU2,14,38,-1.5738,0.7869,9.89531814e-04
GAU2,14,39,-1.5738,0.8852,8.21567004e-04
GAU2,14,40,-1.5738,0.9836,8.72686729e-04
GAU2,14,41,-1.5738,1.0820,8.03309960e-04
GAU2,14,42,-1.5738,1.1803,7.74098688e-04
GAU2,14,43,-1.5738,1.2787,7.54015939e-04
GAU2,14,44,-1.5738,1.3770,7.19327555e-04
GAU2,14,45,-1.5738,1.4754,6.33519445e-04
GAU2,14,46,-1.5738,1.5738,5.44059927e-04
GAU2,14,47,-1.5738,1.6721,4.89288794e-04
GAU2,14,48,-1.5738,1.7705,4.58251818e-04
GAU2,14,49,-1.5738,1.8689,4.80160271e-04
GAU2,14,50,-1.5738,1.9672,3.52360960e-04
GAU2,14,51,-1.5738,2.0656,2.97589826e-04
GAU2,14,52,-1.5738,2.1639,2.30038761e-04
GAU2,14,53,-1.5738,2.2623,1.88047559e-04
GAU2,14,54,-1.5738,2.3607,1.60661992e-04
GAU2,14,55,-1.5738,2.4590,1.44230652e-04
GAU2,14,56,-1.5738,2.5574,1.27799312e-04
GAU2,14,57,-1.5738,2.6557,9.67623361e-05
GAU2,14,58,-1.5738,2.7541,6.20739514e-05
GAU2,14,59,-1.5738,2.8525,6.75510648e-05
GAU2,14,60,-1.5738,2.9508,5.84225425e-05
GAU2,15,0,-1.4754,-2.9508,9.12852227e-06
GAU2,15,1,-1.4754,-2.8525,7.30281782e-06
GAU2,15,2,-1.4754,-2.7541,1.27799312e-05
GAU2,15,3,-1.4754,-2.6557,1.27799312e-05
GAU2,15,4,-1.4754,-2.5574,2.55598624e-05
GAU2,15,5,-1.4754,-2.4590,3.46883846e-05
GAU2,15,6,-1.4754,-2.3607,3.28626802e-05
GAU2,15,7,-1.4754,-2.2623,5.11197247e-05
GAU2,15,8,-1.4754,-2.1639,5.84225425e-05
GAU2,15,9,-1.4754,-2.0656,4.01654980e-05
GAU2,15,10,-1.4754,-1.9672,6.20739514e-05
GAU2,15,11,-1.4754,-1.8689,7.66795871e-05
GAU2,15,12,-1.4754,-1.7705,1.07716563e-04
GAU2,15,13,-1.4754,-1.6721,1.36927834e-04
GAU2,15,14,-1.4754,-1.5738,1.55184879e-04
GAU2,15,15,-1.4754,-1.4754,1.82570445e-04
GAU2,15,16,-1.4754,-1.3770,2.24561648e-04
GAU2,15,17,-1.4754,-1.2787,2.64727146e-04
GAU2,15,18,-1.4754,-1.1803,2.79332781e-04
GAU2,15,19,-1.4754,-1.0820,2.86635599e-04
GAU2,15,20,-1.4754,-0.9836,3.04892644e-04
GAU2,15,21,-1.4754,-0.8852,3.90700753e-04
GAU2,15,22,-1.4754,-0.7869,4.23563433e-04
GAU2,15,23,-1.4754,-0.6885,4.36343364e-04
GAU2,15,24,-1.4754,-0.5902,5.64142676e-04
GAU2,15,25,-1.4754,-0.4918,5.45885632e-04
GAU2,15,26,-1.4754,-0.3934,6.31693741e-04
GAU2,15,27,-1.4754,-0.2951,6.77336352e-04
GAU2,15,28,-1.4754,-0.1967,7.26630373e-04
GAU2,15,29,-1.4754,-0.0984,8.47126867e-04
GAU2,15,30,-1.4754,0.0000,9.54843429e-04
GAU2,15,31,-1.4754,0.0984,9.05549409e-04
GAU2,15,32,-1.4754,0.1967,1.02056879e-03
GAU2,15,33,-1.4754,0.2951,1.03334872e-03
GAU2,15,34,-1.4754,0.3934,1.20679064e-03
GAU2,15,35,-1.4754,0.4918,1.25425896e-03
GAU2,15,36,-1.4754,0.5902,1.21226776e-03
GAU2,15,37,-1.4754,0.6885,1.26338748e-03
GAU2,15,38,-1.4754,0.7869,1.20861635e-03
GAU2,15,39,-1.4754,0.8852,1.17757937e-03
GAU2,15,40,-1.4754,0.9836,1.17210226e-03
GAU2,15,41,-1.4754,1.0820,1.16479944e-03
GAU2,15,42,-1.4754,1.1803,1.06986281e-03
GAU2,15,43,-1.4754,1.2787,1.04978006e-03
GAU2,15,44,-1.4754,1.3770,9.40237794e-04
GAU2,15,45,-1.4754,1.4754,7.92355733e-04
GAU2,15,46,-1.4754,1.5738,7.59493053e-04
GAU2,15,47,-1.4754,1.6721,6.57253603e-04
GAU2,15,48,-1.4754,1.7705,6.11610992e-04
GAU2,15,49,-1.4754,1.8689,5.31279996e-04
GAU2,15,50,-1.4754,1.9672,4.38169069e-04
GAU2,15,51,-1.4754,2.0656,3.88875049e-04
GAU2,15,52,-1.4754,2.1639,2.82984190e-04
GAU2,15,53,-1.4754,2.2623,2.97589826e-04
GAU2,15,54,-1.4754,2.3607,2.20910239e-04
GAU2,15,55,-1.4754,2.4590,1.88047559e-04
GAU2,15,56,-1.4754,2.5574,1.75267628e-04
GAU2,15,57,-1.4754,2.6557,1.05890858e-04
GAU2,15,58,-1.4754,2.7541,7.66795871e-05
GAU2,15,59,-1.4754,2.8525,7.30281782e-05
GAU2,15,60,-1.4754,2.9508,6.20739514e-05
GAU2,16,0,-1.3770,-2.9508,5.47711336e-06
GAU2,16,1,-1.3770,-2.8525,7.30281782e-06
GAU2,16,2,-1.3770,-2.7541,2.19084534e-05
GAU2,16,3,-1.3770,-2.6557,2.19084534e-05
GAU2,16,4,-1.3770,-2.5574,3.10369757e-05
GAU2,16,5,-1.3770,-2.4590,3.65140891e-05
GAU2,16,6,-1.3770,-2.3607,6.57253603e-05
GAU2,16,7,-1.3770,-2.2623,6.93767692e-05
GAU2,16,8,-1.3770,-2.1639,8.21567004e-05
GAU2,16,9,-1.3770,-2.0656,6.93767692e-05
GAU2,16,10,-1.3770,-1.9672,1.13193676e-04
GAU2,16,11,-1.3770,-1.8689,1.09542267e-04
GAU2,16,12,-1.3770,-1.7705,1.38753538e-04
GAU2,16,13,-1.3770,-1.6721,2.02653194e-04
GAU2,16,14,-1.3770,-1.5738,2.51947215e-04
GAU2,16,15,-1.3770,-1.4754,2.84809895e-04
GAU2,16,16,-1.3770,-1.3770,2.97589826e-04
GAU2,16,17,-1.3770,-1.2787,3.46883846e-04
GAU2,16,18,-1.3770,-1.1803,3.96177866e-04
GAU2,16,19,-1.3770,-1.0820,4.05306389e-04
GAU2,16,20,-1.3770,-0.9836,4.89288794e-04
GAU2,16,21,-1.3770,-0.8852,4.85637385e-04
GAU2,16,22,-1.3770,-0.7869,6.07959583e-04
GAU2,16,23,-1.3770,-0.6885,6.97419101e-04
GAU2,16,24,-1.3770,-0.5902,7.37584599e-04
GAU2,16,25,-1.3770,-0.4918,8.19741300e-04
GAU2,16,26,-1.3770,-0.3934,8.85466660e-04
GAU2,16,27,-1.3770,-0.2951,9.53017725e-04
GAU2,16,28,-1.3770,-0.1967,1.08081704e-03
GAU2,16,29,-1.3770,-0.0984,1.11733113e-03
GAU2,16,30,-1.3770,0.0000,1.37292975e-03
GAU2,16,31,-1.3770,0.0984,1.37292975e-03
GAU2,16,32,-1.3770,0.1967,1.49707765e-03
GAU2,16,33,-1.3770,0.2951,1.57923435e-03
GAU2,16,34,-1.3770,0.3934,1.71616219e-03
GAU2,16,35,-1.3770,0.4918,1.73441923e-03
GAU2,16,36,-1.3770,0.5902,1.81292452e-03
GAU2,16,37,-1.3770,0.6885,1.90420975e-03
GAU2,16,38,-1.3770,0.7869,1.77641043e-03
GAU2,16,39,-1.3770,0.8852,1.72529071e-03
GAU2,16,40,-1.3770,0.9836,1.68512521e-03
GAU2,16,41,-1.3770,1.0820,1.69973085e-03
GAU2,16,42,-1.3770,1.1803,1.50803188e-03
GAU2,16,43,-1.3770,1.2787,1.51533470e-03
GAU2,16,44,-1.3770,1.3770,1.33458996e-03
GAU2,16,45,-1.3770,1.4754,1.20313924e-03
GAU2,16,46,-1.3770,1.5738,1.01144027e-03
GAU2,16,47,-1.3770,1.6721,8.79989547e-04
GAU2,16,48,-1.3770,1.7705,7.22978964e-04
GAU2,16,49,-1.3770,1.8689,6.84639170e-04
GAU2,16,50,-1.3770,1.9672,5.95179652e-04
GAU2,16,51,-1.3770,2.0656,4.89288794e-04
GAU2,16,52,-1.3770,2.1639,3.57838073e-04
GAU2,16,53,-1.3770,2.2623,2.99415530e-04
GAU2,16,54,-1.3770,2.3607,2.68378555e-04
GAU2,16,55,-1.3770,2.4590,1.97176081e-04
GAU2,16,56,-1.3770,2.5574,1.62487696e-04
GAU2,16,57,-1.3770,2.6557,1.40579243e-04
GAU2,16,58,-1.3770,2.7541,1.07716563e-04
GAU2,16,59,-1.3770,2.8525,9.49366316e-05
GAU2,16,60,-1.3770,2.9508,7.48538826e-05
GAU2,17,0,-1.2787,-2.9508,1.82570445e-06
GAU2,17,1,-1.2787,-2.8525,3.65140891e-06
GAU2,17,2,-1.2787,-2.7541,1.82570445e-05
GAU2,17,3,-1.2787,-2.6557,1.27799312e-05
GAU2,17,4,-1.2787,-2.5574,4.19912024e-05
GAU2,17,5,-1.2787,-2.4590,5.47711336e-05
GAU2,17,6,-1.2787,-2.3607,8.58081093e-05
GAU2,17,7,-1.2787,-2.2623,1.31450721e-04
GAU2,17,8,-1.2787,-2.1639,1.42404947e-04
GAU2,17,9,-1.2787,-2.0656,1.35102130e-04
GAU2,17,10,-1.2787,-1.9672,1.58836287e-04
GAU2,17,11,-1.2787,-1.8689,2.13607421e-04
GAU2,17,12,-1.2787,-1.7705,2.02653194e-04
GAU2,17,13,-1.2787,-1.6721,2.46470101e-04
GAU2,17,14,-1.2787,-1.5738,2.95764122e-04
GAU2,17,15,-1.2787,-1.4754,3.57838073e-04
GAU2,17,16,-1.2787,-1.3770,4.45471887e-04
GAU2,17,17,-1.2787,-1.2787,4.89288794e-04
GAU2,17,18,-1.2787,-1.1803,5.86051130e-04
GAU2,17,19,-1.2787,-1.0820,6.24390923e-04
GAU2,17,20,-1.2787,-0.9836,7.66795871e-04
GAU2,17,21,-1.2787,-0.8852,8.23392709e-04
GAU2,17,22,-1.2787,-0.7869,8.61732502e-04
GAU2,17,23,-1.2787,-0.6885,9.01898000e-04
GAU2,17,24,-1.2787,-0.5902,1.16114803e-03
GAU2,17,25,-1.2787,-0.4918,1.29259875e-03
GAU2,17,26,-1.2787,-0.3934,1.39483820e-03
GAU2,17,27,-1.2787,-0.2951,1.43135229e-03
GAU2,17,28,-1.2787,-0.1967,1.63217978e-03
GAU2,17,29,-1.2787,-0.0984,1.78553896e-03
GAU2,17,30,-1.2787,0.0000,2.00462349e-03
GAU2,17,31,-1.2787,0.0984,2.05026610e-03
GAU2,17,32,-1.2787,0.1967,2.23283655e-03
GAU2,17,33,-1.2787,0.2951,2.29491050e-03
GAU2,17,34,-1.2787,0.3934,2.51582074e-03
GAU2,17,35,-1.2787,0.4918,2.52860067e-03
GAU2,17,36,-1.2787,0.5902,2.53407778e-03
GAU2,17,37,-1.2787,0.6885,2.59980314e-03
GAU2,17,38,-1.2787,0.7869,2.62901441e-03
GAU2,17,39,-1.2787,0.8852,2.42818692e-03
GAU2,17,40,-1.2787,0.9836,2.42088411e-03
GAU2,17,41,-1.2787,1.0820,2.27482775e-03
GAU2,17,42,-1.2787,1.1803,2.13242280e-03
GAU2,17,43,-1.2787,1.2787,1.95350377e-03
GAU2,17,44,-1.2787,1.3770,1.64861112e-03
GAU2,17,45,-1.2787,1.4754,1.52628892e-03
GAU2,17,46,-1.2787,1.5738,1.35649841e-03
GAU2,17,47,-1.2787,1.6721,1.15384521e-03
GAU2,17,48,-1.2787,1.7705,9.20155045e-04
GAU2,17,49,-1.2787,1.8689,8.01484255e-04
GAU2,17,50,-1.2787,1.9672,7.10199033e-04
GAU2,17,51,-1.2787,2.0656,5.76922607e-04
GAU2,17,52,-1.2787,2.1639,4.43646182e-04
GAU2,17,53,-1.2787,2.2623,3.66966595e-04
GAU2,17,54,-1.2787,2.3607,2.77507077e-04
GAU2,17,55,-1.2787,2.4590,2.64727146e-04
GAU2,17,56,-1.2787,2.5574,1.89873263e-04
GAU2,17,57,-1.2787,2.6557,1.58836287e-04
GAU2,17,58,-1.2787,2.7541,1.31450721e-04
GAU2,17,59,-1.2787,2.8525,9.31109271e-05
GAU2,17,60,-1.2787,2.9508,6.02482470e-05
GAU2,18,0,-1.1803,-2.9508,9.12852227e-06
GAU2,18,2,-1.1803,-2.7541,1.27799312e-05
GAU2,18,3,-1.1803,-2.6557,2.19084534e-05
GAU2,18,4,-1.1803,-2.5574,3.65140891e-05
GAU2,18,5,-1.1803,-2.4590,4.01654980e-05
GAU2,18,6,-1.1803,-2.3607,9.31109271e-05
GAU2,18,7,-1.1803,-2.2623,1.38753538e-04
GAU2,18,8,-1.1803,-2.1639,2.50121510e-04
GAU2,18,9,-1.1803,-2.0656,2.61075737e-04
GAU2,18,10,-1.1803,-1.9672,2.86635599e-04
GAU2,18,11,-1.1803,-1.8689,2.39167283e-04
GAU2,18,12,-1.1803,-1.7705,2.97589826e-04
GAU2,18,13,-1.1803,-1.6721,3.50535255e-04
GAU2,18,14,-1.1803,-1.5738,4.16260615e-04
GAU2,18,15,-1.1803,-1.4754,5.69619790e-04
GAU2,18,16,-1.1803,-1.3770,6.06133879e-04
GAU2,18,17,-1.1803,-1.2787,6.88290579e-04
GAU2,18,18,-1.1803,-1.1803,7.94181437e-04
GAU2,18,19,-1.1803,-1.0820,8.78163842e-04
GAU2,18,20,-1.1803,-0.9836,1.05525717e-03
GAU2,18,21,-1.1803,-0.8852,1.19583642e-03
GAU2,18,22,-1.1803,-0.7869,1.44960934e-03
GAU2,18,23,-1.1803,-0.6885,1.48612343e-03
GAU2,18,24,-1.1803,-0.5902,1.73989634e-03
GAU2,18,25,-1.1803,-0.4918,1.85674143e-03
GAU2,18,26,-1.1803,-0.3934,2.11599146e-03
GAU2,18,27,-1.1803,-0.2951,2.31134184e-03
GAU2,18,28,-1.1803,-0.1967,2.48478376e-03
GAU2,18,29,-1.1803,-0.0984,2.70021689e-03
GAU2,18,30,-1.1803,0.0000,2.89739297e-03
GAU2,18,31,-1.1803,0.0984,3.14203737e-03
GAU2,18,32,-1.1803,0.1967,3.40311310e-03
GAU2,18,33,-1.1803,0.2951,3.52908671e-03
GAU2,18,34,-1.1803,0.3934,3.73539131e-03
GAU2,18,35,-1.1803,0.4918,3.74817124e-03
GAU2,18,36,-1.1803,0.5902,3.84858499e-03
GAU2,18,37,-1.1803,0.6885,3.81754801e-03
GAU2,18,38,-1.1803,0.7869,3.81754801e-03
GAU2,18,39,-1.1803,0.8852,3.63497757e-03
GAU2,18,40,-1.1803,0.9836,3.39763599e-03
GAU2,18,41,-1.1803,1.0820,3.17855145e-03
GAU2,18,42,-1.1803,1.1803,3.02154087e-03
GAU2,18,43,-1.1803,1.2787,2.59980314e-03
GAU2,18,44,-1.1803,1.3770,2.33872741e-03
GAU2,18,45,-1.1803,1.4754,2.17623971e-03
GAU2,18,46,-1.1803,1.5738,1.83848439e-03
GAU2,18,47,-1.1803,1.6721,1.53724315e-03
GAU2,18,48,-1.1803,1.7705,1.25973607e-03
GAU2,18,49,-1.1803,1.8689,1.09907408e-03
GAU2,18,50,-1.1803,1.9672,9.01898000e-04
GAU2,18,51,-1.1803,2.0656,7.17501850e-04
GAU2,18,52,-1.1803,2.1639,5.75096903e-04
GAU2,18,53,-1.1803,2.2623,4.67380340e-04
GAU2,18,54,-1.1803,2.3607,3.68792300e-04
GAU2,18,55,-1.1803,2.4590,2.92112713e-04
GAU2,18,56,-1.1803,2.5574,2.55598624e-04
GAU2,18,57,-1.1803,2.6557,2.00827490e-04
GAU2,18,58,-1.1803,2.7541,1.71616219e-04
GAU2,18,59,-1.1803,2.8525,8.76338138e-05
GAU2,18,60,-1.1803,2.9508,1.05890858e-04
GAU2,19,1,-1.0820,-2.8525,1.82570445e-06
GAU2,19,2,-1.0820,-2.7541,3.65140891e-06
GAU2,19,3,-1.0820,-2.6557,1.64313401e-05
GAU2,19,4,-1.0820,-2.5574,2.37341579e-05
GAU2,19,5,-1.0820,-2.4590,6.02482470e-05
GAU2,19,6,-1.0820,-2.3607,6.38996559e-05
GAU2,19,7,-1.0820,-2.2623,1.46056356e-04
GAU2,19,8,-1.0820,-2.1639,2.50121510e-04
GAU2,19,9,-1.0820,-2.0656,3.94352162e-04
GAU2,19,10,-1.0820,-1.9672,5.47711336e-04
GAU2,19,11,-1.0820,-1.8689,5.00243020e-04
GAU2,19,12,-1.0820,-1.7705,4.83811680e-04
GAU2,19,13,-1.0820,-1.6721,5.23977178e-04
GAU2,19,14,-1.0820,-1.5738,6.11610992e-04
GAU2,19,15,-1.0820,-1.4754,7.04721919e-04
GAU2,19,16,-1.0820,-1.3770,8.61732502e-04
GAU2,19,17,-1.0820,-1.2787,9.62146247e-04
GAU2,19,18,-1.0820,-1.1803,1.14289099e-03
GAU2,19,19,-1.0820,-1.0820,1.31815862e-03
GAU2,19,20,-1.0820,-0.9836,1.67234528e-03
GAU2,19,21,-1.0820,-0.8852,1.76363050e-03
GAU2,19,22,-1.0820,-0.7869,1.91881538e-03
GAU2,19,23,-1.0820,-0.6885,2.22370802e-03
GAU2,19,24,-1.0820,-0.5902,2.58154610e-03
GAU2,19,25,-1.0820,-0.4918,2.77507077e-03
GAU2,19,26,-1.0820,-0.3934,3.02701798e-03
GAU2,19,27,-1.0820,-0.2951,3.47066417e-03
GAU2,19,28,-1.0820,-0.1967,3.79563956e-03
GAU2,19,29,-1.0820,-0.0984,4.22650581e-03
GAU2,19,30,-1.0820,0.0000,4.55695832e-03
GAU2,19,31,-1.0820,0.0984,5.01155873e-03
GAU2,19,32,-1.0820,0.1967,5.06267845e-03
GAU2,19,33,-1.0820,0.2951,5.20690910e-03
GAU2,19,34,-1.0820,0.3934,5.46250773e-03
GAU2,19,35,-1.0820,0.4918,5.57752711e-03
GAU2,19,36,-1.0820,0.5902,5.73088628e-03
GAU2,19,37,-1.0820,0.6885,5.54649013e-03
GAU2,19,38,-1.0820,0.7869,5.31097426e-03
GAU2,19,39,-1.0820,0.8852,5.25255171e-03
GAU2,19,40,-1.0820,0.9836,5.01155873e-03
GAU2,19,41,-1.0820,1.0820,4.46384739e-03
GAU2,19,42,-1.0820,1.1803,4.05671530e-03
GAU2,19,43,-1.0820,1.2787,3.55464657e-03
GAU2,19,44,-1.0820,1.3770,3.04892644e-03
GAU2,19,45,-1.0820,1.4754,2.68195984e-03
GAU2,19,46,-1.0820,1.5738,2.27665345e-03
GAU2,19,47,-1.0820,1.6721,1.97723792e-03
GAU2,19,48,-1.0820,1.7705,1.57558294e-03
GAU2,19,49,-1.0820,1.8689,1.31085580e-03
GAU2,19,50,-1.0820,1.9672,1.05343147e-03
GAU2,19,51,-1.0820,2.0656,8.59906798e-04
GAU2,19,52,-1.0820,2.1639,6.57253603e-04
GAU2,19,53,-1.0820,2.2623,5.78748312e-04
GAU2,19,54,-1.0820,2.3607,4.34517660e-04
GAU2,19,55,-1.0820,2.4590,3.21323984e-04
GAU2,19,56,-1.0820,2.5574,2.62901441e-04
GAU2,19,57,-1.0820,2.6557,2.13607421e-04
GAU2,19,58,-1.0820,2.7541,1.71616219e-04
GAU2,19,59,-1.0820,2.8525,1.31450721e-04
GAU2,19,60,-1.0820,2.9508,7.30281782e-05
GAU2,20,0,-0.9836,-2.9508,1.82570445e-06
GAU2,20,1,-0.9836,-2.8525,5.47711336e-06
GAU2,20,2,-0.9836,-2.7541,1.09542267e-05
GAU2,20,3,-0.9836,-2.6557,1.46056356e-05
GAU2,20,4,-0.9836,-2.5574,4.01654980e-05
GAU2,20,5,-0.9836,-2.4590,5.29454292e-05
GAU2,20,6,-0.9836,-2.3607,7.85052915e-05
GAU2,20,7,-0.9836,-2.2623,1.66139105e-04
GAU2,20,8,-0.9836,-2.1639,2.53772919e-04
GAU2,20,9,-0.9836,-2.0656,3.54186664e-04
GAU2,20,10,-0.9836,-1.9672,6.97419101e-04
GAU2,20,11,-0.9836,-1.8689,9.62146247e-04
GAU2,20,12,-0.9836,-1.7705,8.43475458e-04
GAU2,20,13,-0.9836,-1.6721,9.00072296e-04
GAU2,20,14,-0.9836,-1.5738,9.47540612e-04
GAU2,20,15,-0.9836,-1.4754,1.15749662e-03
GAU2,20,16,-0.9836,-1.3770,1.22869910e-03
GAU2,20,17,-0.9836,-1.2787,1.48794913e-03
GAU2,20,18,-0.9836,-1.1803,1.73989634e-03
GAU2,20,19,-0.9836,-1.0820,2.01192631e-03
GAU2,20,20,-0.9836,-0.9836,2.35333304e-03
GAU2,20,21,-0.9836,-0.8852,2.66005139e-03
GAU2,20,22,-0.9836,-0.7869,3.00693524e-03
GAU2,20,23,-0.9836,-0.6885,3.37390183e-03
GAU2,20,24,-0.9836,-0.5902,3.95812726e-03
GAU2,20,25,-0.9836,-0.4918,4.12061495e-03
GAU2,20,26,-0.9836,-0.3934,4.85089673e-03
GAU2,20,27,-0.9836,-0.2951,5.41138800e-03
GAU2,20,28,-0.9836,-0.1967,5.84773137e-03
GAU2,20,29,-0.9836,-0.0984,6.34249727e-03
GAU2,20,30,-0.9836,0.0000,7.02348503e-03
GAU2,20,31,-0.9836,0.0984,7.54563651e-03
GAU2,20,32,-0.9836,0.1967,7.86148338e-03
GAU2,20,33,-0.9836,0.2951,8.13351334e-03
GAU2,20,34,-0.9836,0.3934,8.14264186e-03
GAU2,20,35,-0.9836,0.4918,8.15907320e-03
GAU2,20,36,-0.9836,0.5902,8.44388310e-03
GAU2,20,37,-0.9836,0.6885,8.07143939e-03
GAU2,20,38,-0.9836,0.7869,7.98563128e-03
GAU2,20,39,-0.9836,0.8852,7.52920517e-03
GAU2,20,40,-0.9836,0.9836,6.87742868e-03
GAU2,20,41,-0.9836,1.0820,6.26581769e-03
GAU2,20,42,-0.9836,1.1803,5.90432820e-03
GAU2,20,43,-0.9836,1.2787,4.93487914e-03
GAU2,20,44,-0.9836,1.3770,4.16990897e-03
GAU2,20,45,-0.9836,1.4754,3.63132616e-03
GAU2,20,46,-0.9836,1.5738,2.96676974e-03
GAU2,20,47,-0.9836,1.6721,2.40627847e-03
GAU2,20,48,-0.9836,1.7705,2.06487174e-03
GAU2,20,49,-0.9836,1.8689,1.74537346e-03
GAU2,20,50,-0.9836,1.9672,1.28894734e-03
GAU2,20,51,-0.9836,2.0656,1.03882583e-03
GAU2,20,52,-0.9836,2.1639,7.35758895e-04
GAU2,20,53,-0.9836,2.2623,6.62730717e-04
GAU2,20,54,-0.9836,2.3607,5.27628587e-04
GAU2,20,55,-0.9836,2.4590,3.88875049e-04
GAU2,20,56,-0.9836,2.5574,3.19498279e-04
GAU2,20,57,-0.9836,2.6557,2.51947215e-04
GAU2,20,58,-0.9836,2.7541,1.88047559e-04
GAU2,20,59,-0.9836,2.8525,1.40579243e-04
GAU2,20,60,-0.9836,2.9508,1.46056356e-04
GAU2,21,0,-0.8852,-2.9508,1.82570445e-06
GAU2,21,1,-0.8852,-2.8525,3.65140891e-06
GAU2,21,2,-0.8852,-2.7541,9.12852227e-06
GAU2,21,3,-0.8852,-2.6557,1.27799312e-05
GAU2,21,4,-0.8852,-2.5574,3.46883846e-05
GAU2,21,5,-0.8852,-2.4590,7.66795871e-05
GAU2,21,6,-0.8852,-2.3607,1.02239449e-04
GAU2,21,7,-0.8852,-2.2623,1.60661992e-04
GAU2,21,8,-0.8852,-2.1639,2.35515875e-04
GAU2,21,9,-0.8852,-2.0656,4.25389138e-04
GAU2,21,10,-0.8852,-1.9672,6.40822263e-04
GAU2,21,11,-0.8852,-1.8689,1.08629415e-03
GAU2,21,12,-0.8852,-1.7705,1.74902487e-03
GAU2,21,13,-0.8852,-1.6721,1.73259353e-03
GAU2,21,14,-0.8852,-1.5738,1.53906885e-03
GAU2,21,15,-0.8852,-1.4754,1.79101607e-03
GAU2,21,16,-0.8852,-1.3770,2.00279779e-03
GAU2,21,17,-0.8852,-1.2787,2.36063586e-03
GAU2,21,18,-0.8852,-1.1803,2.73673098e-03
GAU2,21,19,-0.8852,-1.0820,3.18220286e-03
GAU2,21,20,-0.8852,-0.9836,3.50352685e-03
GAU2,21,21,-0.8852,-0.8852,4.15530334e-03
GAU2,21,22,-0.8852,-0.7869,4.63546361e-03
GAU2,21,23,-0.8852,-0.6885,5.31462567e-03
GAU2,21,24,-0.8852,-0.5902,6.03760463e-03
GAU2,21,25,-0.8852,-0.4918,6.77701493e-03
GAU2,21,26,-0.8852,-0.3934,7.33385479e-03
GAU2,21,27,-0.8852,-0.2951,8.34346935e-03
GAU2,21,28,-0.8852,-0.1967,9.11026522e-03
GAU2,21,29,-0.8852,-0.0984,1.00578058e-02
GAU2,21,30,-0.8852,0.0000,1.11422743e-02
GAU2,21,31,-0.8852,0.0984,1.14307356e-02
GAU2,21,32,-0.8852,0.1967,1.22796882e-02
GAU2,21,33,-0.8852,0.2951,1.26210949e-02
GAU2,21,34,-0.8852,0.3934,1.30300527e-02
GAU2,21,35,-0.8852,0.4918,1.25444153e-02
GAU2,21,36,-0.8852,0.5902,1.26776917e-02
GAU2,21,37,-0.8852,0.6885,1.24020104e-02
GAU2,21,38,-0.8852,0.7869,1.16881599e-02
GAU2,21,39,-0.8852,0.8852,1.08848500e-02
GAU2,21,40,-0.8852,0.9836,9.70909629e-03
GAU2,21,41,-0.8852,1.0820,8.79076695e-03
GAU2,21,42,-0.8852,1.1803,7.71542702e-03
GAU2,21,43,-0.8852,1.2787,6.56888462e-03
GAU2,21,44,-0.8852,1.3770,5.64690388e-03
GAU2,21,45,-0.8852,1.4754,4.67562911e-03
GAU2,21,46,-0.8852,1.5738,4.23015722e-03
GAU2,21,47,-0.8852,1.6721,3.21141413e-03
GAU2,21,48,-0.8852,1.7705,2.71847393e-03
GAU2,21,49,-0.8852,1.8689,2.14885414e-03
GAU2,21,50,-0.8852,1.9672,1.63948260e-03
GAU2,21,51,-0.8852,2.0656,1.31998432e-03
GAU2,21,52,-0.8852,2.1639,9.82228996e-04
GAU2,21,53,-0.8852,2.2623,7.57667348e-04
GAU2,21,54,-0.8852,2.3607,5.60491267e-04
GAU2,21,55,-0.8852,2.4590,4.74683158e-04
GAU2,21,56,-0.8852,2.5574,3.37755324e-04
GAU2,21,57,-0.8852,2.6557,2.59250032e-04
GAU2,21,58,-0.8852,2.7541,2.20910239e-04
GAU2,21,59,-0.8852,2.8525,1.64313401e-04
GAU2,21,60,-0.8852,2.9508,1.27799312e-04
GAU2,22,0,-0.7869,-2.9508,1.82570445e-06
GAU2,22,1,-0.7869,-2.8525,1.09542267e-05
GAU2,22,2,-0.7869,-2.7541,9.12852227e-06
GAU2,22,3,-0.7869,-2.6557,1.64313401e-05
GAU2,22,4,-0.7869,-2.5574,4.01654980e-05
GAU2,22,5,-0.7869,-2.4590,5.29454292e-05
GAU2,22,6,-0.7869,-2.3607,7.66795871e-05
GAU2,22,7,-0.7869,-2.2623,1.57010583e-04
GAU2,22,8,-0.7869,-2.1639,2.24561648e-04
GAU2,22,9,-0.7869,-2.0656,3.92526458e-04
GAU2,22,10,-0.7869,-1.9672,6.44473672e-04
GAU2,22,11,-0.7869,-1.8689,1.09542267e-03
GAU2,22,12,-0.7869,-1.7705,1.76180480e-03
GAU2,22,13,-0.7869,-1.6721,2.95398981e-03
GAU2,22,14,-0.7869,-1.5738,3.23697400e-03
GAU2,22,15,-0.7869,-1.4754,3.02884369e-03
GAU2,22,16,-0.7869,-1.3770,3.32278211e-03
GAU2,22,17,-0.7869,-1.2787,3.68244588e-03
GAU2,22,18,-0.7869,-1.1803,4.35978224e-03
GAU2,22,19,-0.7869,-1.0820,4.58434388e-03
GAU2,22,20,-0.7869,-0.9836,5.61951831e-03
GAU2,22,21,-0.7869,-0.8852,6.31146030e-03
GAU2,22,22,-0.7869,-0.7869,7.26265232e-03
GAU2,22,23,-0.7869,-0.6885,8.55707678e-03
GAU2,22,24,-0.7869,-0.5902,9.59590261e-03
GAU2,22,25,-0.7869,-0.4918,1.06894996e-02
GAU2,22,26,-0.7869,-0.3934,1.19255015e-02
GAU2,22,27,-0.7869,-0.2951,1.31195122e-02
GAU2,22,28,-0.7869,-0.1967,1.45070476e-02
GAU2,22,29,-0.7869,-0.0984,1.60442907e-02
GAU2,22,30,-0.7869,0.0000,1.73241096e-02
GAU2,22,31,-0.7869,0.0984,1.82260076e-02
GAU2,22,32,-0.7869,0.1967,1.92903933e-02
GAU2,22,33,-0.7869,0.2951,1.97742049e-02
GAU2,22,34,-0.7869,0.3934,1.99713810e-02
GAU2,22,35,-0.7869,0.4918,1.94163669e-02
GAU2,22,36,-0.7869,0.5902,1.90128862e-02
GAU2,22,37,-0.7869,0.6885,1.83574583e-02
GAU2,22,38,-0.7869,0.7869,1.71324106e-02
GAU2,22,39,-0.7869,0.8852,1.56919298e-02
GAU2,22,40,-0.7869,0.9836,1.43975053e-02
GAU2,22,41,-0.7869,1.0820,1.24969470e-02
GAU2,22,42,-0.7869,1.1803,1.08246017e-02
GAU2,22,43,-0.7869,1.2787,8.97881450e-03
GAU2,22,44,-0.7869,1.3770,7.62961891e-03
GAU2,22,45,-0.7869,1.4754,6.06316449e-03
GAU2,22,46,-0.7869,1.5738,5.11562388e-03
GAU2,22,47,-0.7869,1.6721,4.11513784e-03
GAU2,22,48,-0.7869,1.7705,3.27166238e-03
GAU2,22,49,-0.7869,1.8689,2.55233483e-03
GAU2,22,50,-0.7869,1.9672,1.92246679e-03
GAU2,22,51,-0.7869,2.0656,1.56828013e-03
GAU2,22,52,-0.7869,2.1639,1.17575367e-03
GAU2,22,53,-0.7869,2.2623,8.70861024e-04
GAU2,22,54,-0.7869,2.3607,6.97419101e-04
GAU2,22,55,-0.7869,2.4590,5.60491267e-04
GAU2,22,56,-0.7869,2.5574,3.77920822e-04
GAU2,22,57,-0.7869,2.6557,2.88461304e-04
GAU2,22,58,-0.7869,2.7541,2.55598624e-04
GAU2,22,59,-0.7869,2.8525,1.99001785e-04
GAU2,22,60,-0.7869,2.9508,9.85880405e-05
GAU2,23,0,-0.6885,-2.9508,5.47711336e-06
GAU2,23,1,-0.6885,-2.8525,1.27799312e-05
GAU2,23,2,-0.6885,-2.7541,2.19084534e-05
GAU2,23,3,-0.6885,-2.6557,2.73855668e-05
GAU2,23,4,-0.6885,-2.5574,3.46883846e-05
GAU2,23,5,-0.6885,-2.4590,6.38996559e-05
GAU2,23,6,-0.6885,-2.3607,1.04065154e-04
GAU2,23,7,-0.6885,-2.2623,1.69790514e-04
GAU2,23,8,-0.6885,-2.1639,2.30038761e-04
GAU2,23,9,-0.6885,-2.0656,3.46883846e-04
GAU2,23,10,-0.6885,-1.9672,6.59079308e-04
GAU2,23,11,-0.6885,-1.8689,1.00048604e-03
GAU2,23,12,-0.6885,-1.7705,1.80562170e-03
GAU2,23,13,-0.6885,-1.6721,2.69473977e-03
GAU2,23,14,-0.6885,-1.5738,4.69753756e-03
GAU2,23,15,-0.6885,-1.4754,6.41369975e-03
GAU2,23,16,-0.6885,-1.3770,6.12523844e-03
GAU2,23,17,-0.6885,-1.2787,6.49768215e-03
GAU2,23,18,-0.6885,-1.1803,6.96506249e-03
GAU2,23,19,-0.6885,-1.0820,7.83774922e-03
GAU2,23,20,-0.6885,-0.9836,9.41698357e-03
GAU2,23,21,-0.6885,-0.8852,1.05434432e-02
GAU2,23,22,-0.6885,-0.7869,1.20350438e-02
GAU2,23,23,-0.6885,-0.6885,1.35795897e-02
GAU2,23,24,-0.6885,-0.5902,1.51734297e-02
GAU2,23,25,-0.6885,-0.4918,1.71908331e-02
GAU2,23,26,-0.6885,-0.3934,1.92538792e-02
GAU2,23,27,-0.6885,-0.2951,2.14447245e-02
GAU2,23,28,-0.6885,-0.1967,2.38053604e-02
GAU2,23,29,-0.6885,-0.0984,2.56401933e-02
GAU2,23,30,-0.6885,0.0000,2.79351038e-02
GAU2,23,31,-0.6885,0.0984,2.93080336e-02
GAU2,23,32,-0.6885,0.1967,3.04308418e-02
GAU2,23,33,-0.6885,0.2951,3.07905056e-02
GAU2,23,34,-0.6885,0.3934,3.10351500e-02
GAU2,23,35,-0.6885,0.4918,3.06627063e-02
GAU2,23,36,-0.6885,0.5902,2.97042115e-02
GAU2,23,37,-0.6885,0.6885,2.79533609e-02
GAU2,23,38,-0.6885,0.7869,2.51034362e-02
GAU2,23,39,-0.6885,0.8852,2.31882723e-02
GAU2,23,40,-0.6885,0.9836,2.03018335e-02
GAU2,23,41,-0.6885,1.0820,1.78718209e-02
GAU2,23,42,-0.6885,1.1803,1.48356744e-02
GAU2,23,43,-0.6885,1.2787,1.19711441e-02
GAU2,23,44,-0.6885,1.3770,1.00231175e-02
GAU2,23,45,-0.6885,1.4754,8.16637602e-03
GAU2,23,46,-0.6885,1.5738,6.48490222e-03
GAU2,23,47,-0.6885,1.6721,5.18865206e-03
GAU2,23,48,-0.6885,1.7705,3.98003571e-03
GAU2,23,49,-0.6885,1.8689,3.11830321e-03
GAU2,23,50,-0.6885,1.9672,2.22735943e-03
GAU2,23,51,-0.6885,2.0656,1.78736466e-03
GAU2,23,52,-0.6885,2.1639,1.31815862e-03
GAU2,23,53,-0.6885,2.2623,1.04247724e-03
GAU2,23,54,-0.6885,2.3607,7.94181437e-04
GAU2,23,55,-0.6885,2.4590,5.98831061e-04
GAU2,23,56,-0.6885,2.5574,4.07132093e-04
GAU2,23,57,-0.6885,2.6557,3.01241235e-04
GAU2,23,58,-0.6885,2.7541,2.46470101e-04
GAU2,23,59,-0.6885,2.8525,1.99001785e-04
GAU2,23,60,-0.6885,2.9508,1.57010583e-04
GAU2,24,0,-0.5902,-2.9508,5.47711336e-06
GAU2,24,1,-0.5902,-2.8525,5.47711336e-06
GAU2,24,2,-0.5902,-2.7541,1.82570445e-05
GAU2,24,3,-0.5902,-2.6557,2.37341579e-05
GAU2,24,4,-0.5902,-2.5574,5.11197247e-05
GAU2,24,5,-0.5902,-2.4590,6.57253603e-05
GAU2,24,6,-0.5902,-2.3607,1.02239449e-04
GAU2,24,7,-0.5902,-2.2623,1.67964810e-04
GAU2,24,8,-0.5902,-2.1639,2.53772919e-04
GAU2,24,9,-0.5902,-2.0656,3.56012368e-04
GAU2,24,10,-0.5902,-1.9672,6.31693741e-04
GAU2,24,11,-0.5902,-1.8689,1.03152302e-03
GAU2,24,12,-0.5902,-1.7705,1.71798789e-03
GAU2,24,13,-0.5902,-1.6721,2.78237359e-03
GAU2,24,14,-0.5902,-1.5738,4.72127172e-03
GAU2,24,15,-0.5902,-1.4754,7.64239884e-03
GAU2,24,16,-0.5902,-1.3770,1.20514751e-02
GAU2,24,17,-0.5902,-1.2787,1.30829981e-02
GAU2,24,18,-0.5902,-1.1803,1.28365280e-02
GAU2,24,19,-0.5902,-1.0820,1.36179295e-02
GAU2,24,20,-0.5902,-0.9836,1.52829720e-02
GAU2,24,21,-0.5902,-0.8852,1.74975515e-02
GAU2,24,22,-0.5902,-0.7869,2.04022473e-02
GAU2,24,23,-0.5902,-0.6885,2.30750786e-02
GAU2,24,24,-0.5902,-0.5902,2.57515613e-02
GAU2,24,25,-0.5902,-0.4918,2.84718610e-02
GAU2,24,26,-0.5902,-0.3934,3.14568877e-02
GAU2,24,27,-0.5902,-0.2951,3.58623126e-02
GAU2,24,28,-0.5902,-0.1967,3.93274996e-02
GAU2,24,29,-0.5902,-0.0984,4.33805635e-02
GAU2,24,30,-0.5902,0.0000,4.56900797e-02
GAU2,24,31,-0.5902,0.0984,4.81876434e-02
GAU2,24,32,-0.5902,0.1967,5.03018091e-02
GAU2,24,33,-0.5902,0.2951,5.05829676e-02
GAU2,24,34,-0.5902,0.3934,5.02287809e-02
GAU2,24,35,-0.5902,0.4918,4.90585044e-02
GAU2,24,36,-0.5902,0.5902,4.53450215e-02
GAU2,24,37,-0.5902,0.6885,4.24969226e-02
GAU2,24,38,-0.5902,0.7869,3.81462689e-02
GAU2,24,39,-0.5902,0.8852,3.38138722e-02
GAU2,24,40,-0.5902,0.9836,2.89045529e-02
GAU2,24,41,-0.5902,1.0820,2.45831105e-02
GAU2,24,42,-0.5902,1.1803,2.03164392e-02
GAU2,24,43,-0.5902,1.2787,1.65773964e-02
GAU2,24,44,-0.5902,1.3770,1.32345316e-02
GAU2,24,45,-0.5902,1.4754,1.05470946e-02
GAU2,24,46,-0.5902,1.5738,8.17185314e-03
GAU2,24,47,-0.5902,1.6721,6.35162579e-03
GAU2,24,48,-0.5902,1.7705,4.90019075e-03
GAU2,24,49,-0.5902,1.8689,3.74817124e-03
GAU2,24,50,-0.5902,1.9672,2.79697922e-03
GAU2,24,51,-0.5902,2.0656,2.05939462e-03
GAU2,24,52,-0.5902,2.1639,1.54454597e-03
GAU2,24,53,-0.5902,2.2623,1.16114803e-03
GAU2,24,54,-0.5902,2.3607,8.98246591e-04
GAU2,24,55,-0.5902,2.4590,6.73684943e-04
GAU2,24,56,-0.5902,2.5574,5.07545838e-04
GAU2,24,57,-0.5902,2.6557,3.79746526e-04
GAU2,24,58,-0.5902,2.7541,3.32278211e-04
GAU2,24,59,-0.5902,2.8525,2.04478899e-04
GAU2,24,60,-0.5902,2.9508,1.78919036e-04
GAU2,25,0,-0.4918,-2.9508,9.12852227e-06
GAU2,25,1,-0.4918,-2.8525,1.09542267e-05
GAU2,25,2,-0.4918,-2.7541,1.09542267e-05
GAU2,25,3,-0.4918,-2.6557,1.82570445e-05
GAU2,25,4,-0.4918,-2.5574,4.74683158e-05
GAU2,25,5,-0.4918,-2.4590,8.76338138e-05
GAU2,25,6,-0.4918,-2.3607,1.07716563e-04
GAU2,25,7,-0.4918,-2.2623,2.06304603e-04
GAU2,25,8,-0.4918,-2.1639,2.50121510e-04
GAU2,25,9,-0.4918,-2.0656,4.39994773e-04
GAU2,25,10,-0.4918,-1.9672,6.26216628e-04
GAU2,25,11,-0.4918,-1.8689,1.05160577e-03
GAU2,25,12,-0.4918,-1.7705,1.73807064e-03
GAU2,25,13,-0.4918,-1.6721,2.71847393e-03
GAU2,25,14,-0.4918,-1.5738,4.63363790e-03
GAU2,25,15,-0.4918,-1.4754,7.66613300e-03
GAU2,25,16,-0.4918,-1.3770,1.27470685e-02
GAU2,25,17,-0.4918,-1.2787,2.10905379e-02
GAU2,25,18,-0.4918,-1.1803,2.82619049e-02
GAU2,25,19,-0.4918,-1.0820,2.82965933e-02
GAU2,25,20,-0.4918,-0.9836,2.87566709e-02
GAU2,25,21,-0.4918,-0.8852,3.14769705e-02
GAU2,25,22,-0.4918,-0.7869,3.55355115e-02
GAU2,25,23,-0.4918,-0.6885,4.00632585e-02
GAU2,25,24,-0.4918,-0.5902,4.49762292e-02
GAU2,25,25,-0.4918,-0.4918,5.04332598e-02
GAU2,25,26,-0.4918,-0.3934,5.66223979e-02
GAU2,25,27,-0.4918,-0.2951,6.23678898e-02
GAU2,25,28,-0.4918,-0.1967,6.82083184e-02
GAU2,25,29,-0.4918,-0.0984,7.35850180e-02
GAU2,25,30,-0.4918,0.0000,7.81383249e-02
GAU2,25,31,-0.4918,0.0984,8.28449910e-02
GAU2,25,32,-0.4918,0.1967,8.41394155e-02
GAU2,25,33,-0.4918,0.2951,8.43731056e-02
GAU2,25,34,-0.4918,0.3934,8.27427516e-02
GAU2,25,35,-0.4918,0.4918,7.91041226e-02
GAU2,25,36,-0.4918,0.5902,7.28602133e-02
GAU2,25,37,-0.4918,0.6885,6.52707599e-02
GAU2,25,38,-0.4918,0.7869,5.78876111e-02
GAU2,25,39,-0.4918,0.8852,4.94437280e-02
GAU2,25,40,-0.4918,0.9836,4.05324646e-02
GAU2,25,41,-0.4918,1.0820,3.36696415e-02
GAU2,25,42,-0.4918,1.1803,2.71463995e-02
GAU2,25,43,-0.4918,1.2787,2.16053865e-02
GAU2,25,44,-0.4918,1.3770,1.69370602e-02
GAU2,25,45,-0.4918,1.4754,1.31030809e-02
GAU2,25,46,-0.4918,1.5738,9.98112625e-03
GAU2,25,47,-0.4918,1.6721,7.73185836e-03
GAU2,25,48,-0.4918,1.7705,5.82034580e-03
GAU2,25,49,-0.4918,1.8689,4.37986498e-03
GAU2,25,50,-0.4918,1.9672,3.36112190e-03
GAU2,25,51,-0.4918,2.0656,2.33507600e-03
GAU2,25,52,-0.4918,2.1639,1.79101607e-03
GAU2,25,53,-0.4918,2.2623,1.29259875e-03
GAU2,25,54,-0.4918,2.3607,8.72686729e-04
GAU2,25,55,-0.4918,2.4590,6.75510648e-04
GAU2,25,56,-0.4918,2.5574,5.44059927e-04
GAU2,25,57,-0.4918,2.6557,3.99829275e-04
GAU2,25,58,-0.4918,2.7541,3.04892644e-04
GAU2,25,59,-0.4918,2.8525,2.17258830e-04
GAU2,25,60,-0.4918,2.9508,1.58836287e-04
GAU2,26,0,-0.3934,-2.9508,5.47711336e-06
GAU2,26,1,-0.3934,-2.8525,9.12852227e-06
GAU2,26,2,-0.3934,-2.7541,2.92112713e-05
GAU2,26,3,-0.3934,-2.6557,3.28626802e-05
GAU2,26,4,-0.3934,-2.5574,5.47711336e-05
GAU2,26,5,-0.3934,-2.4590,7.85052915e-05
GAU2,26,6,-0.3934,-2.3607,1.05890858e-04
GAU2,26,7,-0.3934,-2.2623,1.84396150e-04
GAU2,26,8,-0.3934,-2.1639,3.01241235e-04
GAU2,26,9,-0.3934,-2.0656,4.52774705e-04
GAU2,26,10,-0.3934,-1.9672,7.57667348e-04
GAU2,26,11,-0.3934,-1.8689,1.13376247e-03
GAU2,26,12,-0.3934,-1.7705,1.67599669e-03
GAU2,26,13,-0.3934,-1.6721,2.93938417e-03
GAU2,26,14,-0.3934,-1.5738,4.72492313e-03
GAU2,26,15,-0.3934,-1.4754,7.51642524e-03
GAU2,26,16,-0.3934,-1.3770,1.27324629e-02
GAU2,26,17,-0.3934,-1.2787,2.09426558e-02
GAU2,26,18,-0.3934,-1.1803,3.43652349e-02
GAU2,26,19,-0.3934,-1.0820,5.44589382e-02
GAU2,26,20,-0.3934,-0.9836,6.59718304e-02
GAU2,26,21,-0.3934,-0.8852,6.31949340e-02
GAU2,26,22,-0.3934,-0.7869,6.75364592e-02
GAU2,26,23,-0.3934,-0.6885,7.37566342e-02
GAU2,26,24,-0.3934,-0.5902,8.23082339e-02
GAU2,26,25,-0.3934,-0.4918,9.19625590e-02
GAU2,26,26,-0.3934,-0.3934,1.01713647e-01
GAU2,26,27,-0.3934,-0.2951,1.12956335e-01
GAU2,26,28,-0.3934,-0.1967,1.23238702e-01
GAU2,26,29,-0.3934,-0.0984,1.33553932e-01
GAU2,26,30,-0.3934,0.0000,1.40188542e-01
GAU2,26,31,-0.3934,0.0984,1.45977851e-01
GAU2,26,32,-0.3934,0.1967,1.49003043e-01
GAU2,26,33,-0.3934,0.2951,1.47164559e-01
GAU2,26,34,-0.3934,0.3934,1.40506215e-01
GAU2,26,35,-0.3934,0.4918,1.30702182e-01
GAU2,26,36,-0.3934,0.5902,1.15798956e-01
GAU2,26,37,-0.3934,0.6885,1.01888914e-01
GAU2,26,38,-0.3934,0.7869,8.64160689e-02
GAU2,26,39,-0.3934,0.8852,7.14215582e-02
GAU2,26,40,-0.3934,0.9836,5.75717642e-02
GAU2,26,41,-0.3934,1.0820,4.52226993e-02
GAU2,26,42,-0.3934,1.1803,3.54296206e-02
GAU2,26,43,-0.3934,1.2787,2.70715456e-02
GAU2,26,44,-0.3934,1.3770,2.09554357e-02
GAU2,26,45,-0.3934,1.4754,1.56499386e-02
GAU2,26,46,-0.3934,1.5738,1.21865772e-02
GAU2,26,47,-0.3934,1.6721,9.15773354e-03
GAU2,26,48,-0.3934,1.7705,6.55975610e-03
GAU2,26,49,-0.3934,1.8689,4.86550237e-03
GAU2,26,50,-0.3934,1.9672,3.74086843e-03
GAU2,26,51,-0.3934,2.0656,2.74220809e-03
GAU2,26,52,-0.3934,2.1639,1.95350377e-03
GAU2,26,53,-0.3934,2.2623,1.38023257e-03
GAU2,26,54,-0.3934,2.3607,9.54843429e-04
GAU2,26,55,-0.3934,2.4590,7.57667348e-04
GAU2,26,56,-0.3934,2.5574,5.82399721e-04
GAU2,26,57,-0.3934,2.6557,4.23563433e-04
GAU2,26,58,-0.3934,2.7541,3.39581028e-04
GAU2,26,59,-0.3934,2.8525,2.59250032e-04
GAU2,26,60,-0.3934,2.9508,1.69790514e-04
GAU2,27,0,-0.2951,-2.9508,1.09542267e-05
GAU2,27,1,-0.2951,-2.8525,1.27799312e-05
GAU2,27,2,-0.2951,-2.7541,1.82570445e-05
GAU2,27,3,-0.2951,-2.6557,2.92112713e-05
GAU2,27,4,-0.2951,-2.5574,3.65140891e-05
GAU2,27,5,-0.2951,-2.4590,7.12024737e-05
GAU2,27,6,-0.2951,-2.3607,1.20496494e-04
GAU2,27,7,-0.2951,-2.2623,1.89873263e-04
GAU2,27,8,-0.2951,-2.1639,2.72029964e-04
GAU2,27,9,-0.2951,-2.0656,4.12609207e-04
GAU2,27,10,-0.2951,-1.9672,6.38996559e-04
GAU2,27,11,-0.2951,-1.8689,1.04247724e-03
GAU2,27,12,-0.2951,-1.7705,1.74902487e-03
GAU2,27,13,-0.2951,-1.6721,3.01058664e-03
GAU2,27,14,-0.2951,-1.5738,4.82351117e-03
GAU2,27,15,-0.2951,-1.4754,7.78662950e-03
GAU2,27,16,-0.2951,-1.3770,1.26813431e-02
GAU2,27,17,-0.2951,-1.2787,2.06888829e-02
GAU2,27,18,-0.2951,-1.1803,3.51539393e-02
GAU2,27,19,-0.2951,-1.0820,5.74348364e-02
GAU2,27,20,-0.2951,-0.9836,9.32314236e-02
GAU2,27,21,-0.2951,-0.8852,1.38687813e-01
GAU2,27,22,-0.2951,-0.7869,1.62409191e-01
GAU2,27,23,-0.2951,-0.6885,1.56148851e-01
GAU2,27,24,-0.2951,-0.5902,1.65982095e-01
GAU2,27,25,-0.2951,-0.4918,1.80337609e-01
GAU2,27,26,-0.2951,-0.3934,1.99885426e-01
GAU2,27,27,-0.2951,-0.2951,2.19805688e-01
GAU2,27,28,-0.2951,-0.1967,2.36844987e-01
GAU2,27,29,-0.2951,-0.0984,2.54945021e-01
GAU2,27,30,-0.2951,0.0000,2.68491748e-01
GAU2,27,31,-0.2951,0.0984,2.75714235e-01
GAU2,27,32,-0.2951,0.1967,2.76849823e-01
GAU2,27,33,-0.2951,0.2951,2.64466070e-01
GAU2,27,34,-0.2951,0.3934,2.45283393e-01
GAU2,27,35,-0.2951,0.4918,2.19016983e-01
GAU2,27,36,-0.2951,0.5902,1.87998265e-01
GAU2,27,37,-0.2951,0.6885,1.57284439e-01
GAU2,27,38,-0.2951,0.7869,1.27748192e-01
GAU2,27,39,-0.2951,0.8852,1.00070513e-01
GAU2,27,40,-0.2951,0.9836,7.82935098e-02
GAU2,27,41,-0.2951,1.0820,5.98338121e-02
GAU2,27,42,-0.2951,1.1803,4.48776412e-02
GAU2,27,43,-0.2951,1.2787,3.37682296e-02
GAU2,27,44,-0.2951,1.3770,2.51527303e-02
GAU2,27,45,-0.2951,1.4754,1.86404425e-02
GAU2,27,46,-0.2951,1.5738,1.36964348e-02
GAU2,27,47,-0.2951,1.6721,1.01709995e-02
GAU2,27,48,-0.2951,1.7705,7.31559775e-03
GAU2,27,49,-0.2951,1.8689,5.23794608e-03
GAU2,27,50,-0.2951,1.9672,3.97273289e-03
GAU2,27,51,-0.2951,2.0656,2.97407256e-03
GAU2,27,52,-0.2951,2.1639,2.11599146e-03
GAU2,27,53,-0.2951,2.2623,1.60296851e-03
GAU2,27,54,-0.2951,2.3607,1.22322198e-03
GAU2,27,55,-0.2951,2.4590,8.41649753e-04
GAU2,27,56,-0.2951,2.5574,5.27628587e-04
GAU2,27,57,-0.2951,2.6557,4.94765907e-04
GAU2,27,58,-0.2951,2.7541,3.14021166e-04
GAU2,27,59,-0.2951,2.8525,2.37341579e-04
GAU2,27,60,-0.2951,2.9508,1.60661992e-04
GAU2,28,0,-0.1967,-2.9508,9.12852227e-06
GAU2,28,1,-0.1967,-2.8525,1.27799312e-05
GAU2,28,2,-0.1967,-2.7541,2.00827490e-05
GAU2,28,3,-0.1967,-2.6557,1.46056356e-05
GAU2,28,4,-0.1967,-2.5574,4.19912024e-05
GAU2,28,5,-0.1967,-2.4590,8.39824049e-05
GAU2,28,6,-0.1967,-2.3607,1.20496494e-04
GAU2,28,7,-0.1967,-2.2623,1.49707765e-04
GAU2,28,8,-0.1967,-2.1639,2.44644397e-04
GAU2,28,9,-0.1967,-2.0656,4.60077522e-04
GAU2,28,10,-0.1967,-1.9672,6.48125081e-04
GAU2,28,11,-0.1967,-1.8689,1.01326597e-03
GAU2,28,12,-0.1967,-1.7705,1.78188755e-03
GAU2,28,13,-0.1967,-1.6721,2.92295283e-03
GAU2,28,14,-0.1967,-1.5738,4.69571186e-03
GAU2,28,15,-0.1967,-1.4754,7.49269108e-03
GAU2,28,16,-0.1967,-1.3770,1.27288115e-02
GAU2,28,17,-0.1967,-1.2787,2.07107913e-02
GAU2,28,18,-0.1967,-1.1803,3.49275519e-02
GAU2,28,19,-0.1967,-1.0820,5.77159949e-02
GAU2,28,20,-0.1967,-0.9836,9.42465153e-02
GAU2,28,21,-0.1967,-0.8852,1.51843839e-01
GAU2,28,22,-0.1967,-0.7869,2.47474239e-01
GAU2,28,23,-0.1967,-0.6885,3.69913282e-01
GAU2,28,24,-0.1967,-0.5902,4.38307822e-01
GAU2,28,25,-0.1967,-0.4918,4.29697800e-01
GAU2,28,26,-0.1967,-0.3934,4.42998057e-01
GAU2,28,27,-0.1967,-0.2951,4.77253750e-01
GAU2,28,28,-0.1967,-0.1967,5.12502626e-01
GAU2,28,29,-0.1967,-0.0984,5.43424582e-01
GAU2,28,30,-0.1967,0.0000,5.66674928e-01
GAU2,28,31,-0.1967,0.0984,5.70200364e-01
GAU2,28,32,-0.1967,0.1967,5.50610555e-01
GAU2,28,33,-0.1967,0.2951,5.05267359e-01
GAU2,28,34,-0.1967,0.3934,4.41548448e-01
GAU2,28,35,-0.1967,0.4918,3.68381516e-01
GAU2,28,36,-0.1967,0.5902,2.97383521e-01
GAU2,28,37,-0.1967,0.6885,2.33295818e-01
GAU2,28,38,-0.1967,0.7869,1.78809494e-01
GAU2,28,39,-0.1967,0.8852,1.33871605e-01
GAU2,28,40,-0.1967,0.9836,9.99828787e-02
GAU2,28,41,-0.1967,1.0820,7.45635956e-02
GAU2,28,42,-0.1967,1.1803,5.44005156e-02
GAU2,28,43,-0.1967,1.2787,3.98496511e-02
GAU2,28,44,-0.1967,1.3770,2.89885353e-02
GAU2,28,45,-0.1967,1.4754,2.12475484e-02
GAU2,28,46,-0.1967,1.5738,1.53085318e-02
GAU2,28,47,-0.1967,1.6721,1.11276686e-02
GAU2,28,48,-0.1967,1.7705,7.97832846e-03
GAU2,28,49,-0.1967,1.8689,5.87511693e-03
GAU2,28,50,-0.1967,1.9672,4.35978224e-03
GAU2,28,51,-0.1967,2.0656,3.21323984e-03
GAU2,28,52,-0.1967,2.1639,2.22553373e-03
GAU2,28,53,-0.1967,2.2623,1.64313401e-03
GAU2,28,54,-0.1967,2.3607,1.12828535e-03
GAU2,28,55,-0.1967,2.4590,8.96420887e-04
GAU2,28,56,-0.1967,2.5574,6.79162057e-04
GAU2,28,57,-0.1967,2.6557,4.81985976e-04
GAU2,28,58,-0.1967,2.7541,3.30452506e-04
GAU2,28,59,-0.1967,2.8525,2.90287008e-04
GAU2,28,60,-0.1967,2.9508,1.64313401e-04
GAU2,29,0,-0.0984,-2.9508,7.30281782e-06
GAU2,29,1,-0.0984,-2.8525,9.12852227e-06
GAU2,29,2,-0.0984,-2.7541,1.82570445e-05
GAU2,29,3,-0.0984,-2.6557,2.37341579e-05
GAU2,29,4,-0.0984,-2.5574,4.01654980e-05
GAU2,29,5,-0.0984,-2.4590,9.67623361e-05
GAU2,29,6,-0.0984,-2.3607,1.07716563e-04
GAU2,29,7,-0.0984,-2.2623,1.95350377e-04
GAU2,29,8,-0.0984,-2.1639,2.95764122e-04
GAU2,29,9,-0.0984,-2.0656,4.54600409e-04
GAU2,29,10,-0.0984,-1.9672,7.44887417e-04
GAU2,29,11,-0.0984,-1.8689,1.23052480e-03
GAU2,29,12,-0.0984,-1.7705,1.91516397e-03
GAU2,29,13,-0.0984,-1.6721,2.90834719e-03
GAU2,29,14,-0.0984,-1.5738,5.01155873e-03
GAU2,29,15,-0.0984,-1.4754,7.90347458e-03
GAU2,29,16,-0.0984,-1.3770,1.27872340e-02
GAU2,29,17,-0.0984,-1.2787,2.10120326e-02
GAU2,29,18,-0.0984,-1.1803,3.44711258e-02
GAU2,29,19,-0.0984,-1.0820,5.79770706e-02
GAU2,29,20,-0.0984,-0.9836,9.38886772e-02
GAU2,29,21,-0.0984,-0.8852,1.52564993e-01
GAU2,29,22,-0.0984,-0.7869,2.48573313e-01
GAU2,29,23,-0.0984,-0.6885,4.04665566e-01
GAU2,29,24,-0.0984,-0.5902,6.62577358e-01
GAU2,29,25,-0.0984,-0.4918,1.02966993e+00
GAU2,29,26,-0.0984,-0.3934,1.35401545e+00
GAU2,29,27,-0.0984,-0.2951,1.48045096e+00
GAU2,29,28,-0.0984,-0.1967,1.43082831e+00
GAU2,29,29,-0.0984,-0.0984,1.45993370e+00
GAU2,29,30,-0.0984,0.0000,1.46699552e+00
GAU2,29,31,-0.0984,0.0984,1.40042668e+00
GAU2,29,32,-0.0984,0.1967,1.23497952e+00
GAU2,29,33,-0.0984,0.2951,1.01193686e+00
GAU2,29,34,-0.0984,0.3934,7.84203963e-01
GAU2,29,35,-0.0984,0.4918,5.89786521e-01
GAU2,29,36,-0.0984,0.5902,4.36704854e-01
GAU2,29,37,-0.0984,0.6885,3.17710915e-01
GAU2,29,38,-0.0984,0.7869,2.29129560e-01
GAU2,29,39,-0.0984,0.8852,1.65888984e-01
GAU2,29,40,-0.0984,0.9836,1.18139510e-01
GAU2,29,41,-0.0984,1.0820,8.58227150e-02
GAU2,29,42,-0.0984,1.1803,6.19972718e-02
GAU2,29,43,-0.0984,1.2787,4.47699246e-02
GAU2,29,44,-0.0984,1.3770,3.22912347e-02
GAU2,29,45,-0.0984,1.4754,2.29052881e-02
GAU2,29,46,-0.0984,1.5738,1.69261060e-02
GAU2,29,47,-0.0984,1.6721,1.19364557e-02
GAU2,29,48,-0.0984,1.7705,8.82180392e-03
GAU2,29,49,-0.0984,1.8689,6.38631418e-03
GAU2,29,50,-0.0984,1.9672,4.49671007e-03
GAU2,29,51,-0.0984,2.0656,3.13656025e-03
GAU2,29,52,-0.0984,2.1639,2.34420452e-03
GAU2,29,53,-0.0984,2.2623,1.66869387e-03
GAU2,29,54,-0.0984,2.3607,1.30355298e-03
GAU2,29,55,-0.0984,2.4590,9.84054701e-04
GAU2,29,56,-0.0984,2.5574,6.15262401e-04
GAU2,29,57,-0.0984,2.6557,4.72857454e-04
GAU2,29,58,-0.0984,2.7541,3.43232437e-04
GAU2,29,59,-0.0984,2.8525,2.35515875e-04
GAU2,29,60,-0.0984,2.9508,1.57010583e-04
GAU2,30,0,0.0000,-2.9508,5.47711336e-06
GAU2,30,1,0.0000,-2.8525,9.12852227e-06
GAU2,30,2,0.0000,-2.7541,2.19084534e-05
GAU2,30,3,0.0000,-2.6557,3.28626802e-05
GAU2,30,4,0.0000,-2.5574,4.38169069e-05
GAU2,30,5,0.0000,-2.4590,6.57253603e-05
GAU2,30,6,0.0000,-2.3607,1.09542267e-04
GAU2,30,7,0.0000,-2.2623,2.24561648e-04
GAU2,30,8,0.0000,-2.1639,2.53772919e-04
GAU2,30,9,0.0000,-2.0656,4.74683158e-04
GAU2,30,10,0.0000,-1.9672,7.35758895e-04
GAU2,30,11,0.0000,-1.8689,1.12828535e-03
GAU2,30,12,0.0000,-1.7705,1.97541222e-03
GAU2,30,13,0.0000,-1.6721,3.16394582e-03
GAU2,30,14,0.0000,-1.5738,4.89471364e-03
GAU2,30,15,0.0000,-1.4754,7.87791472e-03
GAU2,30,16,0.0000,-1.3770,1.29004277e-02
GAU2,30,17,0.0000,-1.2787,2.08477192e-02
GAU2,30,18,0.0000,-1.1803,3.44638230e-02
GAU2,30,19,0.0000,-1.0820,5.70477871e-02
GAU2,30,20,0.0000,-0.9836,9.33500944e-02
GAU2,30,21,0.0000,-0.8852,1.52457276e-01
GAU2,30,22,0.0000,-0.7869,2.46711094e-01
GAU2,30,23,0.0000,-0.6885,4.05684310e-01
GAU2,30,24,0.0000,-0.5902,6.60286098e-01
GAU2,30,25,0.0000,-0.4918,1.08466380e+00
GAU2,30,26,0.0000,-0.3934,1.77644330e+00
GAU2,30,27,0.0000,-0.2951,2.89942863e+00
GAU2,30,28,0.0000,-0.1967,4.22047916e+00
GAU2,30,29,0.0000,-0.0984,4.81779671e+00
GAU2,30,30,0.0000,0.0000,4.39222500e+00
GAU2,30,31,0.0000,0.0984,3.29840165e+00
GAU2,30,32,0.0000,0.1967,2.28885829e+00
GAU2,30,33,0.0000,0.2951,1.55544360e+00
GAU2,30,34,0.0000,0.3934,1.05864203e+00
GAU2,30,35,0.0000,0.4918,7.29807098e-01
GAU2,30,36,0.0000,0.5902,5.09866309e-01
GAU2,30,37,0.0000,0.6885,3.57713925e-01
GAU2,30,38,0.0000,0.7869,2.50765984e-01
GAU2,30,39,0.0000,0.8852,1.77283205e-01
GAU2,30,40,0.0000,0.9836,1.26884634e-01
GAU2,30,41,0.0000,1.0820,9.06608318e-02
GAU2,30,42,0.0000,1.1803,6.52981455e-02
GAU2,30,43,0.0000,1.2787,4.62268368e-02
GAU2,30,44,0.0000,1.3770,3.29576168e-02
GAU2,30,45,0.0000,1.4754,2.38583058e-02
GAU2,30,46,0.0000,1.5738,1.70009599e-02
GAU2,30,47,0.0000,1.6721,1.23709734e-02
GAU2,30,48,0.0000,1.7705,8.96968598e-03
GAU2,30,49,0.0000,1.8689,6.34614868e-03
GAU2,30,50,0.0000,1.9672,4.61538086e-03
GAU2,30,51,0.0000,2.0656,3.34469056e-03
GAU2,30,52,0.0000,2.1639,2.39532424e-03
GAU2,30,53,0.0000,2.2623,1.80014459e-03
GAU2,30,54,0.0000,2.3607,1.26521319e-03
GAU2,30,55,0.0000,2.4590,9.38412089e-04
GAU2,30,56,0.0000,2.5574,6.46299377e-04
GAU2,30,57,0.0000,2.6557,5.03894429e-04
GAU2,30,58,0.0000,2.7541,3.79746526e-04
GAU2,30,59,0.0000,2.8525,2.77507077e-04
GAU2,30,60,0.0000,2.9508,2.08130308e-04
GAU2,31,0,0.0984,-2.9508,3.65140891e-06
GAU2,31,1,0.0984,-2.8525,5.47711336e-06
GAU2,31,2,0.0984,-2.7541,2.19084534e-05
GAU2,31,3,0.0984,-2.6557,2.00827490e-05
GAU2,31,4,0.0984,-2.5574,4.92940203e-05
GAU2,31,5,0.0984,-2.4590,7.48538826e-05
GAU2,31,6,0.0984,-2.3607,1.07716563e-04
GAU2,31,7,0.0984,-2.2623,1.82570445e-04
GAU2,31,8,0.0984,-2.1639,3.06718348e-04
GAU2,31,9,0.0984,-2.0656,4.47297591e-04
GAU2,31,10,0.0984,-1.9672,7.37584599e-04
GAU2,31,11,0.0984,-1.8689,1.09724838e-03
GAU2,31,12,0.0984,-1.7705,2.00097208e-03
GAU2,31,13,0.0984,-1.6721,3.15664300e-03
GAU2,31,14,0.0984,-1.5738,4.80707983e-03
GAU2,31,15,0.0984,-1.4754,8.16089891e-03
GAU2,31,16,0.0984,-1.3770,1.26977745e-02
GAU2,31,17,0.0984,-1.2787,2.13698706e-02
GAU2,31,18,0.0984,-1.1803,3.42337842e-02
GAU2,31,19,0.0984,-1.0820,5.59359331e-02
GAU2,31,20,0.0984,-0.9836,9.16832263e-02
GAU2,31,21,0.0984,-0.8852,1.51108081e-01
GAU2,31,22,0.0984,-0.7869,2.48321366e-01
GAU2,31,23,0.0984,-0.6885,4.04598015e-01
GAU2,31,24,0.0984,-0.5902,6.61324924e-01
GAU2,31,25,0.0984,-0.4918,1.03321727e+00
GAU2,31,26,0.0984,-0.3934,1.34653189e+00
GAU2,31,27,0.0984,-0.2951,1.48030491e+00
GAU2,31,28,0.0984,-0.1967,1.43435192e+00
GAU2,31,29,0.0984,-0.0984,1.46520998e+00
GAU2,31,30,0.0984,0.0000,1.47380905e+00
GAU2,31,31,0.0984,0.0984,1.39871965e+00
GAU2,31,32,0.0984,0.1967,1.23727808e+00
GAU2,31,33,0.0984,0.2951,1.01267079e+00
GAU2,31,34,0.0984,0.3934,7.85051089e-01
GAU2,31,35,0.0984,0.4918,5.85695117e-01
GAU2,31,36,0.0984,0.5902,4.31782755e-01
GAU2,31,37,0.0984,0.6885,3.14369876e-01
GAU2,31,38,0.0984,0.7869,2.26516977e-01
GAU2,31,39,0.0984,0.8852,1.65069242e-01
GAU2,31,40,0.0984,0.9836,1.19371860e-01
GAU2,31,41,0.0984,1.0820,8.57569896e-02
GAU2,31,42,0.0984,1.1803,6.15079830e-02
GAU2,31,43,0.0984,1.2787,4.50802944e-02
GAU2,31,44,0.0984,1.3770,3.29028457e-02
GAU2,31,45,0.0984,1.4754,2.32010522e-02
GAU2,31,46,0.0984,1.5738,1.64441200e-02
GAU2,31,47,0.0984,1.6721,1.21044205e-02
GAU2,31,48,0.0984,1.7705,8.80902399e-03
GAU2,31,49,0.0984,1.8689,6.25303775e-03
GAU2,31,50,0.0984,1.9672,4.44559035e-03
GAU2,31,51,0.0984,2.0656,3.26435956e-03
GAU2,31,52,0.0984,2.1639,2.51216933e-03
GAU2,31,53,0.0984,2.2623,1.76728191e-03
GAU2,31,54,0.0984,2.3607,1.27434171e-03
GAU2,31,55,0.0984,2.4590,8.90943773e-04
GAU2,31,56,0.0984,2.5574,6.70033535e-04
GAU2,31,57,0.0984,2.6557,4.56426113e-04
GAU2,31,58,0.0984,2.7541,3.34103915e-04
GAU2,31,59,0.0984,2.8525,2.97589826e-04
GAU2,31,60,0.0984,2.9508,1.64313401e-04
GAU2,32,0,0.1967,-2.9508,7.30281782e-06
GAU2,32,1,0.1967,-2.8525,7.30281782e-06
GAU2,32,2,0.1967,-2.7541,2.37341579e-05
GAU2,32,3,0.1967,-2.6557,3.83397935e-05
GAU2,32,4,0.1967,-2.5574,4.56426113e-05
GAU2,32,5,0.1967,-2.4590,6.57253603e-05
GAU2,32,6,0.1967,-2.3607,1.09542267e-04
GAU2,32,7,0.1967,-2.2623,1.93524672e-04
GAU2,32,8,0.1967,-2.1639,2.93938417e-04
GAU2,32,9,0.1967,-2.0656,4.41820478e-04
GAU2,32,10,0.1967,-1.9672,6.95593397e-04
GAU2,32,11,0.1967,-1.8689,1.14289099e-03
GAU2,32,12,0.1967,-1.7705,1.90968686e-03
GAU2,32,13,0.1967,-1.6721,3.12560602e-03
GAU2,32,14,0.1967,-1.5738,5.11927529e-03
GAU2,32,15,0.1967,-1.4754,7.95094290e-03
GAU2,32,16,0.1967,-1.3770,1.28693907e-02
GAU2,32,17,0.1967,-1.2787,2.11562632e-02
GAU2,32,18,0.1967,-1.1803,3.44985114e-02
GAU2,32,19,0.1967,-1.0820,5.65712782e-02
GAU2,32,20,0.1967,-0.9836,9.25467845e-02
GAU2,32,21,0.1967,-0.8852,1.51670398e-01
GAU2,32,22,0.1967,-0.7869,2.49159364e-01
GAU2,32,23,0.1967,-0.6885,3.70050210e-01
GAU2,32,24,0.1967,-0.5902,4.37111986e-01
GAU2,32,25,0.1967,-0.4918,4.26347633e-01
GAU2,32,26,0.1967,-0.3934,4.46914193e-01
GAU2,32,27,0.1967,-0.2951,4.77031014e-01
GAU2,32,28,0.1967,-0.1967,5.14854133e-01
GAU2,32,29,0.1967,-0.0984,5.46646950e-01
GAU2,32,30,0.1967,0.0000,5.70399365e-01
GAU2,32,31,0.1967,0.0984,5.73610780e-01
GAU2,32,32,0.1967,0.1967,5.50658023e-01
GAU2,32,33,0.1967,0.2951,5.05448104e-01
GAU2,32,34,0.1967,0.3934,4.39631458e-01
GAU2,32,35,0.1967,0.4918,3.67461361e-01
GAU2,32,36,0.1967,0.5902,2.94809278e-01
GAU2,32,37,0.1967,0.6885,2.29823328e-01
GAU2,32,38,0.1967,0.7869,1.75848202e-01
GAU2,32,39,0.1967,0.8852,1.32246728e-01
GAU2,32,40,0.1967,0.9836,9.94169103e-02
GAU2,32,41,0.1967,1.0820,7.41290779e-02
GAU2,32,42,0.1967,1.1803,5.45447463e-02
GAU2,32,43,0.1967,1.2787,4.03225086e-02
GAU2,32,44,0.1967,1.3770,2.96403118e-02
GAU2,32,45,0.1967,1.4754,2.17952598e-02
GAU2,32,46,0.1967,1.5738,1.57686094e-02
GAU2,32,47,0.1967,1.6721,1.16151317e-02
GAU2,32,48,0.1967,1.7705,8.16272461e-03
GAU2,32,49,0.1967,1.8689,6.06681590e-03
GAU2,32,50,0.1967,1.9672,4.30501110e-03
GAU2,32,51,0.1967,2.0656,3.21506554e-03
GAU2,32,52,0.1967,2.1639,2.35333304e-03
GAU2,32,53,0.1967,2.2623,1.67964810e-03
GAU2,32,54,0.1967,2.3607,1.27799312e-03
GAU2,32,55,0.1967,2.4590,9.01898000e-04
GAU2,32,56,0.1967,2.5574,6.88290579e-04
GAU2,32,57,0.1967,2.6557,4.65554636e-04
GAU2,32,58,0.1967,2.7541,3.65140891e-04
GAU2,32,59,0.1967,2.8525,2.04478899e-04
GAU2,32,60,0.1967,2.9508,1.66139105e-04
GAU2,33,0,0.2951,-2.9508,3.65140891e-06
GAU2,33,1,0.2951,-2.8525,1.27799312e-05
GAU2,33,2,0.2951,-2.7541,2.00827490e-05
GAU2,33,3,0.2951,-2.6557,3.28626802e-05
GAU2,33,4,0.2951,-2.5574,5.65968381e-05
GAU2,33,5,0.2951,-2.4590,7.66795871e-05
GAU2,33,6,0.2951,-2.3607,7.85052915e-05
GAU2,33,7,0.2951,-2.2623,1.84396150e-04
GAU2,33,8,0.2951,-2.1639,2.31864466e-04
GAU2,33,9,0.2951,-2.0656,4.41820478e-04
GAU2,33,10,0.2951,-1.9672,6.48125081e-04
GAU2,33,11,0.2951,-1.8689,1.13011106e-03
GAU2,33,12,0.2951,-1.7705,1.82935586e-03
GAU2,33,13,0.2951,-1.6721,3.04344932e-03
GAU2,33,14,0.2951,-1.5738,4.79795130e-03
GAU2,33,15,0.2951,-1.4754,8.05135664e-03
GAU2,33,16,0.2951,-1.3770,1.31249893e-02
GAU2,33,17,0.2951,-1.2787,2.12822368e-02
GAU2,33,18,0.2951,-1.1803,3.47650642e-02
GAU2,33,19,0.2951,-1.0820,5.72303575e-02
GAU2,33,20,0.2951,-0.9836,9.32734148e-02
GAU2,33,21,0.2951,-0.8852,1.40385718e-01
GAU2,33,22,0.2951,-0.7869,1.61416008e-01
GAU2,33,23,0.2951,-0.6885,1.55005960e-01
GAU2,33,24,0.2951,-0.5902,1.65308410e-01
GAU2,33,25,0.2951,-0.4918,1.81181084e-01
GAU2,33,26,0.2951,-0.3934,2.00681434e-01
GAU2,33,27,0.2951,-0.2951,2.20254811e-01
GAU2,33,28,0.2951,-0.1967,2.40112998e-01
GAU2,33,29,0.2951,-0.0984,2.56922259e-01
GAU2,33,30,0.2951,0.0000,2.71241259e-01
GAU2,33,31,0.2951,0.0984,2.80041155e-01
GAU2,33,32,0.2951,0.1967,2.76656299e-01
GAU2,33,33,0.2951,0.2951,2.64843991e-01
GAU2,33,34,0.2951,0.3934,2.45407541e-01
GAU2,33,35,0.2951,0.4918,2.17118251e-01
GAU2,33,36,0.2951,0.5902,1.85807419e-01
GAU2,33,37,0.2951,0.6885,1.54111364e-01
GAU2,33,38,0.2951,0.7869,1.24867230e-01
GAU2,33,39,0.2951,0.8852,9.82411567e-02
GAU2,33,40,0.2951,0.9836,7.60168563e-02
GAU2,33,41,0.2951,1.0820,5.83604686e-02
GAU2,33,42,0.2951,1.1803,4.47407133e-02
GAU2,33,43,0.2951,1.2787,3.38540377e-02
GAU2,33,44,0.2951,1.3770,2.54320630e-02
GAU2,33,45,0.2951,1.4754,1.88686555e-02
GAU2,33,46,0.2951,1.5738,1.42350176e-02
GAU2,33,47,0.2951,1.6721,1.04065154e-02
GAU2,33,48,0.2951,1.7705,7.63509603e-03
GAU2,33,49,0.2951,1.8689,5.57570140e-03
GAU2,33,50,0.2951,1.9672,4.02020121e-03
GAU2,33,51,0.2951,2.0656,2.95764122e-03
GAU2,33,52,0.2951,2.1639,2.16345978e-03
GAU2,33,53,0.2951,2.2623,1.69425373e-03
GAU2,33,54,0.2951,2.3607,1.12280824e-03
GAU2,33,55,0.2951,2.4590,8.06961369e-04
GAU2,33,56,0.2951,2.5574,6.48125081e-04
GAU2,33,57,0.2951,2.6557,4.49123296e-04
GAU2,33,58,0.2951,2.7541,3.14021166e-04
GAU2,33,59,0.2951,2.8525,2.73855668e-04
GAU2,33,60,0.2951,2.9508,1.88047559e-04
GAU2,34,0,0.3934,-2.9508,1.27799312e-05
GAU2,34,1,0.3934,-2.8525,1.27799312e-05
GAU2,34,2,0.3934,-2.7541,2.00827490e-05
GAU2,34,3,0.3934,-2.6557,2.92112713e-05
GAU2,34,4,0.3934,-2.5574,3.10369757e-05
GAU2,34,5,0.3934,-2.4590,7.85052915e-05
GAU2,34,6,0.3934,-2.3607,1.22322198e-04
GAU2,34,7,0.3934,-2.2623,1.80744741e-04
GAU2,34,8,0.3934,-2.1639,2.62901441e-04
GAU2,34,9,0.3934,-2.0656,4.25389138e-04
GAU2,34,10,0.3934,-1.9672,6.35345150e-04
GAU2,34,11,0.3934,-1.8689,1.04612865e-03
GAU2,34,12,0.3934,-1.7705,1.80379600e-03
GAU2,34,13,0.3934,-1.6721,2.98867819e-03
GAU2,34,14,0.3934,-1.5738,5.15213797e-03
GAU2,34,15,0.3934,-1.4754,8.25948695e-03
GAU2,34,16,0.3934,-1.3770,1.30592640e-02
GAU2,34,17,0.3934,-1.2787,2.15122756e-02
GAU2,34,18,0.3934,-1.1803,3.47285501e-02
GAU2,34,19,0.3934,-1.0820,5.56675545e-02
GAU2,34,20,0.3934,-0.9836,6.72461721e-02
GAU2,34,21,0.3934,-0.8852,6.38357562e-02
GAU2,34,22,0.3934,-0.7869,6.66053499e-02
GAU2,34,23,0.3934,-0.6885,7.34882557e-02
GAU2,34,24,0.3934,-0.5902,8.24798501e-02
GAU2,34,25,0.3934,-0.4918,9.33281860e-02
GAU2,34,26,0.3934,-0.3934,1.03225330e-01
GAU2,34,27,0.3934,-0.2951,1.14331090e-01
GAU2,34,28,0.3934,-0.1967,1.25721660e-01
GAU2,34,29,0.3934,-0.0984,1.35368682e-01
GAU2,34,30,0.3934,0.0000,1.42954484e-01
GAU2,34,31,0.3934,0.0984,1.48690848e-01
GAU2,34,32,0.3934,0.1967,1.48982961e-01
GAU2,34,33,0.3934,0.2951,1.46425149e-01
GAU2,34,34,0.3934,0.3934,1.40668702e-01
GAU2,34,35,0.3934,0.4918,1.29973726e-01
GAU2,34,36,0.3934,0.5902,1.16479944e-01
GAU2,34,37,0.3934,0.6885,1.00660215e-01
GAU2,34,38,0.3934,0.7869,8.40901214e-02
GAU2,34,39,0.3934,0.8852,6.95374312e-02
GAU2,34,40,0.3934,0.9836,5.62316972e-02
GAU2,34,41,0.3934,1.0820,4.45362344e-02
GAU2,34,42,0.3934,1.1803,3.44510430e-02
GAU2,34,43,0.3934,1.2787,2.68944523e-02
GAU2,34,44,0.3934,1.3770,2.05537807e-02
GAU2,34,45,0.3934,1.4754,1.59767397e-02
GAU2,34,46,0.3934,1.5738,1.20898149e-02
GAU2,34,47,0.3934,1.6721,8.87657505e-03
GAU2,34,48,0.3934,1.7705,6.74597796e-03
GAU2,34,49,0.3934,1.8689,5.20508340e-03
GAU2,34,50,0.3934,1.9672,3.73539131e-03
GAU2,34,51,0.3934,2.0656,2.72395105e-03
GAU2,34,52,0.3934,2.1639,2.13059710e-03
GAU2,34,53,0.3934,2.2623,1.55550019e-03
GAU2,34,54,0.3934,2.3607,1.00048604e-03
GAU2,34,55,0.3934,2.4590,8.23392709e-04
GAU2,34,56,0.3934,2.5574,5.78748312e-04
GAU2,34,57,0.3934,2.6557,4.54600409e-04
GAU2,34,58,0.3934,2.7541,3.01241235e-04
GAU2,34,59,0.3934,2.8525,2.37341579e-04
GAU2,34,60,0.3934,2.9508,2.13607421e-04
GAU2,35,0,0.4918,-2.9508,1.27799312e-05
GAU2,35,1,0.4918,-2.8525,5.47711336e-06
GAU2,35,2,0.4918,-2.7541,1.64313401e-05
GAU2,35,3,0.4918,-2.6557,2.00827490e-05
GAU2,35,4,0.4918,-2.5574,4.38169069e-05
GAU2,35,5,0.4918,-2.4590,5.11197247e-05
GAU2,35,6,0.4918,-2.3607,8.94595182e-05
GAU2,35,7,0.4918,-2.2623,1.58836287e-04
GAU2,35,8,0.4918,-2.1639,2.62901441e-04
GAU2,35,9,0.4918,-2.0656,4.14434911e-04
GAU2,35,10,0.4918,-1.9672,6.73684943e-04
GAU2,35,11,0.4918,-1.8689,1.06073429e-03
GAU2,35,12,0.4918,-1.7705,1.76545621e-03
GAU2,35,13,0.4918,-1.6721,3.18402857e-03
GAU2,35,14,0.4918,-1.5738,4.97869605e-03
GAU2,35,15,0.4918,-1.4754,8.09152214e-03
GAU2,35,16,0.4918,-1.3770,1.32235774e-02
GAU2,35,17,0.4918,-1.2787,2.15287069e-02
GAU2,35,18,0.4918,-1.1803,2.91400688e-02
GAU2,35,19,0.4918,-1.0820,2.83623187e-02
GAU2,35,20,0.4918,-0.9836,2.88534332e-02
GAU2,35,21,0.4918,-0.8852,3.19406994e-02
GAU2,35,22,0.4918,-0.7869,3.54405749e-02
GAU2,35,23,0.4918,-0.6885,4.03371142e-02
GAU2,35,24,0.4918,-0.5902,4.55075092e-02
GAU2,35,25,0.4918,-0.4918,5.17696755e-02
GAU2,35,26,0.4918,-0.3934,5.76995636e-02
GAU2,35,27,0.4918,-0.2951,6.38229763e-02
GAU2,35,28,0.4918,-0.1967,6.96141108e-02
GAU2,35,29,0.4918,-0.0984,7.55859901e-02
GAU2,35,30,0.4918,0.0000,8.07052654e-02
GAU2,35,31,0.4918,0.0984,8.40426531e-02
GAU2,35,32,0.4918,0.1967,8.54155829e-02
GAU2,35,33,0.4918,0.2951,8.53845459e-02
GAU2,35,34,0.4918,0.3934,8.27993484e-02
GAU2,35,35,0.4918,0.4918,7.85491084e-02
GAU2,35,36,0.4918,0.5902,7.18798101e-02
GAU2,35,37,0.4918,0.6885,6.54076878e-02
GAU2,35,38,0.4918,0.7869,5.72029719e-02
GAU2,35,39,0.4918,0.8852,4.81383493e-02
GAU2,35,40,0.4918,0.9836,4.00523043e-02
GAU2,35,41,0.4918,1.0820,3.23058403e-02
GAU2,35,42,0.4918,1.1803,2.61787762e-02
GAU2,35,43,0.4918,1.2787,2.13059710e-02
GAU2,35,44,0.4918,1.3770,1.63254492e-02
GAU2,35,45,0.4918,1.4754,1.25973607e-02
GAU2,35,46,0.4918,1.5738,9.74743608e-03
GAU2,35,47,0.4918,1.6721,7.39227733e-03
GAU2,35,48,0.4918,1.7705,5.64872958e-03
GAU2,35,49,0.4918,1.8689,4.36708505e-03
GAU2,35,50,0.4918,1.9672,3.18037716e-03
GAU2,35,51,0.4918,2.0656,2.38802143e-03
GAU2,35,52,0.4918,2.1639,1.83483298e-03
GAU2,35,53,0.4918,2.2623,1.39301250e-03
GAU2,35,54,0.4918,2.3607,1.03517443e-03
GAU2,35,55,0.4918,2.4590,7.17501850e-04
GAU2,35,56,0.4918,2.5574,5.47711336e-04
GAU2,35,57,0.4918,2.6557,4.49123296e-04
GAU2,35,58,0.4918,2.7541,2.93938417e-04
GAU2,35,59,0.4918,2.8525,2.19084534e-04
GAU2,35,60,0.4918,2.9508,1.71616219e-04
GAU2,36,0,0.5902,-2.9508,5.47711336e-06
GAU2,36,1,0.5902,-2.8525,1.64313401e-05
GAU2,36,2,0.5902,-2.7541,1.82570445e-06
GAU2,36,3,0.5902,-2.6557,9.12852227e-06
GAU2,36,4,0.5902,-2.5574,2.73855668e-05
GAU2,36,5,0.5902,-2.4590,4.74683158e-05
GAU2,36,6,0.5902,-2.3607,7.85052915e-05
GAU2,36,7,0.5902,-2.2623,1.22322198e-04
GAU2,36,8,0.5902,-2.1639,2.50121510e-04
GAU2,36,9,0.5902,-2.0656,4.41820478e-04
GAU2,36,10,0.5902,-1.9672,6.33519445e-04
GAU2,36,11,0.5902,-1.8689,1.06438570e-03
GAU2,36,12,0.5902,-1.7705,1.80927311e-03
GAU2,36,13,0.5902,-1.6721,2.97224685e-03
GAU2,36,14,0.5902,-1.5738,5.10101824e-03
GAU2,36,15,0.5902,-1.4754,8.17002743e-03
GAU2,36,16,0.5902,-1.3770,1.24440016e-02
GAU2,36,17,0.5902,-1.2787,1.34024964e-02
GAU2,36,18,0.5902,-1.1803,1.26996002e-02
GAU2,36,19,0.5902,-1.0820,1.39885475e-02
GAU2,36,20,0.5902,-0.9836,1.57339210e-02
GAU2,36,21,0.5902,-0.8852,1.75924881e-02
GAU2,36,22,0.5902,-0.7869,2.02707966e-02
GAU2,36,23,0.5902,-0.6885,2.28724254e-02
GAU2,36,24,0.5902,-0.5902,2.59304804e-02
GAU2,36,25,0.5902,-0.4918,2.99287731e-02
GAU2,36,26,0.5902,-0.3934,3.32515552e-02
GAU2,36,27,0.5902,-0.2951,3.69230469e-02
GAU2,36,28,0.5902,-0.1967,4.04813449e-02
GAU2,36,29,0.5902,-0.0984,4.37055389e-02
GAU2,36,30,0.5902,0.0000,4.64294900e-02
GAU2,36,31,0.5902,0.0984,4.89873019e-02
GAU2,36,32,0.5902,0.1967,5.03766630e-02
GAU2,36,33,0.5902,0.2951,4.99111084e-02
GAU2,36,34,0.5902,0.3934,5.01995697e-02
GAU2,36,35,0.5902,0.4918,4.83227455e-02
GAU2,36,36,0.5902,0.5902,4.57777135e-02
GAU2,36,37,0.5902,0.6885,4.12846548e-02
GAU2,36,38,0.5902,0.7869,3.79947354e-02
GAU2,36,39,0.5902,0.8852,3.28006062e-02
GAU2,36,40,0.5902,0.9836,2.79624894e-02
GAU2,36,41,0.5902,1.0820,2.33708427e-02
GAU2,36,42,0.5902,1.1803,1.94474038e-02
GAU2,36,43,0.5902,1.2787,1.55403963e-02
GAU2,36,44,0.5902,1.3770,1.24695614e-02
GAU2,36,45,0.5902,1.4754,1.01290083e-02
GAU2,36,46,0.5902,1.5738,7.96189712e-03
GAU2,36,47,0.5902,1.6721,6.02117329e-03
GAU2,36,48,0.5902,1.7705,4.69753756e-03
GAU2,36,49,0.5902,1.8689,3.60576630e-03
GAU2,36,50,0.5902,1.9672,2.90104438e-03
GAU2,36,51,0.5902,2.0656,2.13972562e-03
GAU2,36,52,0.5902,2.1639,1.62122555e-03
GAU2,36,53,0.5902,2.2623,1.26521319e-03
GAU2,36,54,0.5902,2.3607,8.98246591e-04
GAU2,36,55,0.5902,2.4590,6.93767692e-04
GAU2,36,56,0.5902,2.5574,5.45885632e-04
GAU2,36,57,0.5902,2.6557,3.72443709e-04
GAU2,36,58,0.5902,2.7541,2.82984190e-04
GAU2,36,59,0.5902,2.8525,1.91698968e-04
GAU2,36,60,0.5902,2.9508,1.35102130e-04
GAU2,37,0,0.6885,-2.9508,3.65140891e-06
GAU2,37,1,0.6885,-2.8525,1.09542267e-05
GAU2,37,2,0.6885,-2.7541,5.47711336e-06
GAU2,37,3,0.6885,-2.6557,2.19084534e-05
GAU2,37,4,0.6885,-2.5574,2.00827490e-05
GAU2,37,5,0.6885,-2.4590,2.92112713e-05
GAU2,37,6,0.6885,-2.3607,5.29454292e-05
GAU2,37,7,0.6885,-2.2623,1.35102130e-04
GAU2,37,8,0.6885,-2.1639,2.62901441e-04
GAU2,37,9,0.6885,-2.0656,4.08957798e-04
GAU2,37,10,0.6885,-1.9672,5.95179652e-04
GAU2,37,11,0.6885,-1.8689,1.05708288e-03
GAU2,37,12,0.6885,-1.7705,1.82570445e-03
GAU2,37,13,0.6885,-1.6721,3.04527503e-03
GAU2,37,14,0.6885,-1.5738,5.07363268e-03
GAU2,37,15,0.6885,-1.4754,6.64921562e-03
GAU2,37,16,0.6885,-1.3770,6.08324724e-03
GAU2,37,17,0.6885,-1.2787,6.35162579e-03
GAU2,37,18,0.6885,-1.1803,6.93767692e-03
GAU2,37,19,0.6885,-1.0820,8.29052392e-03
GAU2,37,20,0.6885,-0.9836,9.08105395e-03
GAU2,37,21,0.6885,-0.8852,1.05562232e-02
GAU2,37,22,0.6885,-0.7869,1.20368695e-02
GAU2,37,23,0.6885,-0.6885,1.39611620e-02
GAU2,37,24,0.6885,-0.5902,1.54509368e-02
GAU2,37,25,0.6885,-0.4918,1.77841871e-02
GAU2,37,26,0.6885,-0.3934,2.00517120e-02
GAU2,37,27,0.6885,-0.2951,2.22352545e-02
GAU2,37,28,0.6885,-0.1967,2.41778041e-02
GAU2,37,29,0.6885,-0.0984,2.69729576e-02
GAU2,37,30,0.6885,0.0000,2.80629032e-02
GAU2,37,31,0.6885,0.0984,3.02172344e-02
GAU2,37,32,0.6885,0.1967,3.08434510e-02
GAU2,37,33,0.6885,0.2951,3.16047698e-02
GAU2,37,34,0.6885,0.3934,3.15901642e-02
GAU2,37,35,0.6885,0.4918,3.00182326e-02
GAU2,37,36,0.6885,0.5902,2.85960089e-02
GAU2,37,37,0.6885,0.6885,2.67137076e-02
GAU2,37,38,0.6885,0.7869,2.47857637e-02
GAU2,37,39,0.6885,0.8852,2.20216471e-02
GAU2,37,40,0.6885,0.9836,1.92794390e-02
GAU2,37,41,0.6885,1.0820,1.66686817e-02
GAU2,37,42,0.6885,1.1803,1.38278855e-02
GAU2,37,43,0.6885,1.2787,1.13613588e-02
GAU2,37,44,0.6885,1.3770,9.53748007e-03
GAU2,37,45,0.6885,1.4754,7.73916118e-03
GAU2,37,46,0.6885,1.5738,6.00109054e-03
GAU2,37,47,0.6885,1.6721,4.83263969e-03
GAU2,37,48,0.6885,1.7705,3.91796176e-03
GAU2,37,49,0.6885,1.8689,2.94851269e-03
GAU2,37,50,0.6885,1.9672,2.41905840e-03
GAU2,37,51,0.6885,2.0656,1.86221854e-03
GAU2,37,52,0.6885,2.1639,1.38570968e-03
GAU2,37,53,0.6885,2.2623,1.10089979e-03
GAU2,37,54,0.6885,2.3607,7.54015939e-04
GAU2,37,55,0.6885,2.4590,5.71445494e-04
GAU2,37,56,0.6885,2.5574,4.78334567e-04
GAU2,37,57,0.6885,2.6557,3.45058142e-04
GAU2,37,58,0.6885,2.7541,2.59250032e-04
GAU2,37,59,0.6885,2.8525,1.73441923e-04
GAU2,37,60,0.6885,2.9508,1.71616219e-04
GAU2,38,0,0.7869,-2.9508,5.47711336e-06
GAU2,38,1,0.7869,-2.8525,5.47711336e-06
GAU2,38,2,0.7869,-2.7541,1.82570445e-06
GAU2,38,3,0.7869,-2.6557,1.09542267e-05
GAU2,38,4,0.7869,-2.5574,1.46056356e-05
GAU2,38,5,0.7869,-2.4590,4.01654980e-05
GAU2,38,6,0.7869,-2.3607,7.48538826e-05
GAU2,38,7,0.7869,-2.2623,1.60661992e-04
GAU2,38,8,0.7869,-2.1639,2.40992988e-04
GAU2,38,9,0.7869,-2.0656,4.10783502e-04
GAU2,38,10,0.7869,-1.9672,6.88290579e-04
GAU2,38,11,0.7869,-1.8689,1.10089979e-03
GAU2,38,12,0.7869,-1.7705,1.71433648e-03
GAU2,38,13,0.7869,-1.6721,2.98685249e-03
GAU2,38,14,0.7869,-1.5738,3.46336135e-03
GAU2,38,15,0.7869,-1.4754,3.16394582e-03
GAU2,38,16,0.7869,-1.3770,3.34469056e-03
GAU2,38,17,0.7869,-1.2787,3.89605330e-03
GAU2,38,18,0.7869,-1.1803,4.19912024e-03
GAU2,38,19,0.7869,-1.0820,5.02068725e-03
GAU2,38,20,0.7869,-0.9836,5.57204999e-03
GAU2,38,21,0.7869,-0.8852,6.33336875e-03
GAU2,38,22,0.7869,-0.7869,7.40688297e-03
GAU2,38,23,0.7869,-0.6885,8.44570880e-03
GAU2,38,24,0.7869,-0.5902,9.89166673e-03
GAU2,38,25,0.7869,-0.4918,1.07734820e-02
GAU2,38,26,0.7869,-0.3934,1.23874047e-02
GAU2,38,27,0.7869,-0.2951,1.39739419e-02
GAU2,38,28,0.7869,-0.1967,1.53450459e-02
GAU2,38,29,0.7869,-0.0984,1.67599669e-02
GAU2,38,30,0.7869,0.0000,1.74044406e-02
GAU2,38,31,0.7869,0.0984,1.89142981e-02
GAU2,38,32,0.7869,0.1967,1.95587718e-02
GAU2,38,33,0.7869,0.2951,1.96299743e-02
GAU2,38,34,0.7869,0.3934,1.94017612e-02
GAU2,38,35,0.7869,0.4918,1.96135429e-02
GAU2,38,36,0.7869,0.5902,1.86678280e-02
GAU2,38,37,0.7869,0.6885,1.76801219e-02
GAU2,38,38,0.7869,0.7869,1.61921728e-02
GAU2,38,39,0.7869,0.8852,1.47297835e-02
GAU2,38,40,0.7869,0.9836,1.38187570e-02
GAU2,38,41,0.7869,1.0820,1.17210226e-02
GAU2,38,42,0.7869,1.1803,9.97930054e-03
GAU2,38,43,0.7869,1.2787,8.77981272e-03
GAU2,38,44,0.7869,1.3770,7.11477026e-03
GAU2,38,45,0.7869,1.4754,5.73636339e-03
GAU2,38,46,0.7869,1.5738,4.57338966e-03
GAU2,38,47,0.7869,1.6721,3.76460258e-03
GAU2,38,48,0.7869,1.7705,3.00876094e-03
GAU2,38,49,0.7869,1.8689,2.44461826e-03
GAU2,38,50,0.7869,1.9672,1.90786115e-03
GAU2,38,51,0.7869,2.0656,1.53176604e-03
GAU2,38,52,0.7869,2.1639,1.16662515e-03
GAU2,38,53,0.7869,2.2623,9.78577587e-04
GAU2,38,54,0.7869,2.3607,7.30281782e-04
GAU2,38,55,0.7869,2.4590,5.03894429e-04
GAU2,38,56,0.7869,2.5574,3.96177866e-04
GAU2,38,57,0.7869,2.6557,3.14021166e-04
GAU2,38,58,0.7869,2.7541,2.26387352e-04
GAU2,38,59,0.7869,2.8525,1.77093332e-04
GAU2,38,60,0.7869,2.9508,1.22322198e-04
GAU2,39,0,0.8852,-2.9508,5.47711336e-06
GAU2,39,1,0.8852,-2.8525,5.47711336e-06
GAU2,39,2,0.8852,-2.7541,1.82570445e-06
GAU2,39,3,0.8852,-2.6557,2.00827490e-05
GAU2,39,4,0.8852,-2.5574,2.55598624e-05
GAU2,39,5,0.8852,-2.4590,4.38169069e-05
GAU2,39,6,0.8852,-2.3607,9.67623361e-05
GAU2,39,7,0.8852,-2.2623,1.44230652e-04
GAU2,39,8,0.8852,-2.1639,2.35515875e-04
GAU2,39,9,0.8852,-2.0656,3.50535255e-04
GAU2,39,10,0.8852,-1.9672,6.64556421e-04
GAU2,39,11,0.8852,-1.8689,1.08081704e-03
GAU2,39,12,0.8852,-1.7705,1.59383999e-03
GAU2,39,13,0.8852,-1.6721,1.74537346e-03
GAU2,39,14,0.8852,-1.5738,1.61027133e-03
GAU2,39,15,0.8852,-1.4754,1.84943861e-03
GAU2,39,16,0.8852,-1.3770,2.15980837e-03
GAU2,39,17,0.8852,-1.2787,2.32959888e-03
GAU2,39,18,0.8852,-1.1803,2.68378555e-03
GAU2,39,19,0.8852,-1.0820,3.16577152e-03
GAU2,39,20,0.8852,-0.9836,3.51448107e-03
GAU2,39,21,0.8852,-0.8852,3.89605330e-03
GAU2,39,22,0.8852,-0.7869,4.55330691e-03
GAU2,39,23,0.8852,-0.6885,5.05537563e-03
GAU2,39,24,0.8852,-0.5902,6.09420147e-03
GAU2,39,25,0.8852,-0.4918,7.01070510e-03
GAU2,39,26,0.8852,-0.3934,7.88704324e-03
GAU2,39,27,0.8852,-0.2951,8.85831801e-03
GAU2,39,28,0.8852,-0.1967,9.75656460e-03
GAU2,39,29,0.8852,-0.0984,1.03864326e-02
GAU2,39,30,0.8852,0.0000,1.09925665e-02
GAU2,39,31,0.8852,0.0984,1.20332181e-02
GAU2,39,32,0.8852,0.1967,1.24841671e-02
GAU2,39,33,0.8852,0.2951,1.24841671e-02
GAU2,39,34,0.8852,0.3934,1.32126231e-02
GAU2,39,35,0.8852,0.4918,1.27342886e-02
GAU2,39,36,0.8852,0.5902,1.21902286e-02
GAU2,39,37,0.8852,0.6885,1.19328043e-02
GAU2,39,38,0.8852,0.7869,1.10236035e-02
GAU2,39,39,0.8852,0.8852,1.02513305e-02
GAU2,39,40,0.8852,0.9836,9.35125821e-03
GAU2,39,41,0.8852,1.0820,8.34529506e-03
GAU2,39,42,0.8852,1.1803,7.23526675e-03
GAU2,39,43,0.8852,1.2787,6.34432298e-03
GAU2,39,44,0.8852,1.3770,5.42234223e-03
GAU2,39,45,0.8852,1.4754,4.61538086e-03
GAU2,39,46,0.8852,1.5738,3.62402334e-03
GAU2,39,47,0.8852,1.6721,3.14751448e-03
GAU2,39,48,0.8852,1.7705,2.58337180e-03
GAU2,39,49,0.8852,1.8689,1.99366926e-03
GAU2,39,50,0.8852,1.9672,1.71981360e-03
GAU2,39,51,0.8852,2.0656,1.34006707e-03
GAU2,39,52,0.8852,2.1639,9.87706110e-04
GAU2,39,53,0.8852,2.2623,7.50364531e-04
GAU2,39,54,0.8852,2.3607,5.98831061e-04
GAU2,39,55,0.8852,2.4590,5.09371543e-04
GAU2,39,56,0.8852,2.5574,3.66966595e-04
GAU2,39,57,0.8852,2.6557,2.84809895e-04
GAU2,39,58,0.8852,2.7541,2.02653194e-04
GAU2,39,59,0.8852,2.8525,1.38753538e-04
GAU2,39,60,0.8852,2.9508,9.85880405e-05
GAU2,40,1,0.9836,-2.8525,1.82570445e-06
GAU2,40,2,0.9836,-2.7541,5.47711336e-06
GAU2,40,3,0.9836,-2.6557,7.30281782e-06
GAU2,40,4,0.9836,-2.5574,2.37341579e-05
GAU2,40,5,0.9836,-2.4590,5.47711336e-05
GAU2,40,6,0.9836,-2.3607,6.75510648e-05
GAU2,40,7,0.9836,-2.2623,1.58836287e-04
GAU2,40,8,0.9836,-2.1639,2.33690170e-04
GAU2,40,9,0.9836,-2.0656,4.41820478e-04
GAU2,40,10,0.9836,-1.9672,5.93353947e-04
GAU2,40,11,0.9836,-1.8689,8.34346935e-04
GAU2,40,12,0.9836,-1.7705,9.03723705e-04
GAU2,40,13,0.9836,-1.6721,8.79989547e-04
GAU2,40,14,0.9836,-1.5738,9.91357518e-04
GAU2,40,15,0.9836,-1.4754,1.17575367e-03
GAU2,40,16,0.9836,-1.3770,1.32181002e-03
GAU2,40,17,0.9836,-1.2787,1.46969209e-03
GAU2,40,18,0.9836,-1.1803,1.70338226e-03
GAU2,40,19,0.9836,-1.0820,2.06487174e-03
GAU2,40,20,0.9836,-0.9836,2.31681895e-03
GAU2,40,21,0.9836,-0.8852,2.71299682e-03
GAU2,40,22,0.9836,-0.7869,2.99780671e-03
GAU2,40,23,0.9836,-0.6885,3.41954444e-03
GAU2,40,24,0.9836,-0.5902,3.89605330e-03
GAU2,40,25,0.9836,-0.4918,4.64276643e-03
GAU2,40,26,0.9836,-0.3934,5.16309220e-03
GAU2,40,27,0.9836,-0.2951,5.83130003e-03
GAU2,40,28,0.9836,-0.1967,6.19096380e-03
GAU2,40,29,0.9836,-0.0984,6.80622620e-03
GAU2,40,30,0.9836,0.0000,7.04904490e-03
GAU2,40,31,0.9836,0.0984,7.53103087e-03
GAU2,40,32,0.9836,0.1967,7.94181437e-03
GAU2,40,33,0.9836,0.2951,8.27956970e-03
GAU2,40,34,0.9836,0.3934,8.45483733e-03
GAU2,40,35,0.9836,0.4918,8.27409258e-03
GAU2,40,36,0.9836,0.5902,8.19376159e-03
GAU2,40,37,0.9836,0.6885,8.04587953e-03
GAU2,40,38,0.9836,0.7869,7.50912242e-03
GAU2,40,39,0.9836,0.8852,6.72224380e-03
GAU2,40,40,0.9836,0.9836,6.63460999e-03
GAU2,40,41,0.9836,1.0820,5.86233700e-03
GAU2,40,42,0.9836,1.1803,5.16309220e-03
GAU2,40,43,0.9836,1.2787,4.65006924e-03
GAU2,40,44,0.9836,1.3770,3.95447585e-03
GAU2,40,45,0.9836,1.4754,3.36112190e-03
GAU2,40,46,0.9836,1.5738,2.72395105e-03
GAU2,40,47,0.9836,1.6721,2.39167283e-03
GAU2,40,48,0.9836,1.7705,1.90786115e-03
GAU2,40,49,0.9836,1.8689,1.65043683e-03
GAU2,40,50,0.9836,1.9672,1.25060755e-03
GAU2,40,51,0.9836,2.0656,1.00413745e-03
GAU2,40,52,0.9836,2.1639,8.74512433e-04
GAU2,40,53,0.9836,2.2623,6.48125081e-04
GAU2,40,54,0.9836,2.3607,5.16674360e-04
GAU2,40,55,0.9836,2.4590,4.32691956e-04
GAU2,40,56,0.9836,2.5574,3.28626802e-04
GAU2,40,57,0.9836,2.6557,1.99001785e-04
GAU2,40,58,0.9836,2.7541,1.82570445e-04
GAU2,40,59,0.9836,2.8525,9.31109271e-05
GAU2,40,60,0.9836,2.9508,9.67623361e-05
GAU2,41,0,1.0820,-2.9508,1.82570445e-06
GAU2,41,1,1.0820,-2.8525,3.65140891e-06
GAU2,41,2,1.0820,-2.7541,5.47711336e-06
GAU2,41,3,1.0820,-2.6557,1.09542267e-05
GAU2,41,4,1.0820,-2.5574,3.83397935e-05
GAU2,41,5,1.0820,-2.4590,5.47711336e-05
GAU2,41,6,1.0820,-2.3607,1.18670789e-04
GAU2,41,7,1.0820,-2.2623,1.35102130e-04
GAU2,41,8,1.0820,-2.1639,2.20910239e-04
GAU2,41,9,1.0820,-2.0656,3.76095117e-04
GAU2,41,10,1.0820,-1.9672,4.83811680e-04
GAU2,41,11,1.0820,-1.8689,5.23977178e-04
GAU2,41,12,1.0820,-1.7705,5.16674360e-04
GAU2,41,13,1.0820,-1.6721,5.47711336e-04
GAU2,41,14,1.0820,-1.5738,6.07959583e-04
GAU2,41,15,1.0820,-1.4754,7.08373328e-04
GAU2,41,16,1.0820,-1.3770,8.37998344e-04
GAU2,41,17,1.0820,-1.2787,9.80403292e-04
GAU2,41,18,1.0820,-1.1803,1.09177126e-03
GAU2,41,19,1.0820,-1.0820,1.36927834e-03
GAU2,41,20,1.0820,-0.9836,1.66139105e-03
GAU2,41,21,1.0820,-0.8852,1.82570445e-03
GAU2,41,22,1.0820,-0.7869,1.91151256e-03
GAU2,41,23,1.0820,-0.6885,2.25291930e-03
GAU2,41,24,1.0820,-0.5902,2.58884892e-03
GAU2,41,25,1.0820,-0.4918,2.99415530e-03
GAU2,41,26,1.0820,-0.3934,3.44510430e-03
GAU2,41,27,1.0820,-0.2951,3.69340011e-03
GAU2,41,28,1.0820,-0.1967,4.21555158e-03
GAU2,41,29,1.0820,-0.0984,4.48393014e-03
GAU2,41,30,1.0820,0.0000,4.88010801e-03
GAU2,41,31,1.0820,0.0984,5.14483515e-03
GAU2,41,32,1.0820,0.1967,5.25437742e-03
GAU2,41,33,1.0820,0.2951,5.49719611e-03
GAU2,41,34,1.0820,0.3934,5.78383171e-03
GAU2,41,35,1.0820,0.4918,5.69802360e-03
GAU2,41,36,1.0820,0.5902,5.77835460e-03
GAU2,41,37,1.0820,0.6885,5.32375419e-03
GAU2,41,38,1.0820,0.7869,5.09188972e-03
GAU2,41,39,1.0820,0.8852,4.80707983e-03
GAU2,41,40,1.0820,0.9836,4.61355515e-03
GAU2,41,41,1.0820,1.0820,4.26119420e-03
GAU2,41,42,1.0820,1.1803,3.82119942e-03
GAU2,41,43,1.0820,1.2787,3.35564479e-03
GAU2,41,44,1.0820,1.3770,2.97224685e-03
GAU2,41,45,1.0820,1.4754,2.52860067e-03
GAU2,41,46,1.0820,1.5738,2.33872741e-03
GAU2,41,47,1.0820,1.6721,1.84578720e-03
GAU2,41,48,1.0820,1.7705,1.57740865e-03
GAU2,41,49,1.0820,1.8689,1.25243326e-03
GAU2,41,50,1.0820,1.9672,1.15567092e-03
GAU2,41,51,1.0820,2.0656,8.63558207e-04
GAU2,41,52,1.0820,2.1639,7.19327555e-04
GAU2,41,53,1.0820,2.2623,5.71445494e-04
GAU2,41,54,1.0820,2.3607,4.21737729e-04
GAU2,41,55,1.0820,2.4590,3.24975393e-04
GAU2,41,56,1.0820,2.5574,2.79332781e-04
GAU2,41,57,1.0820,2.6557,2.02653194e-04
GAU2,41,58,1.0820,2.7541,1.33276425e-04
GAU2,41,59,1.0820,2.8525,1.09542267e-04
GAU2,41,60,1.0820,2.9508,8.39824049e-05
GAU2,42,1,1.1803,-2.8525,3.65140891e-06
GAU2,42,2,1.1803,-2.7541,1.82570445e-06
GAU2,42,3,1.1803,-2.6557,1.46056356e-05
GAU2,42,4,1.1803,-2.5574,2.55598624e-05
GAU2,42,5,1.1803,-2.4590,7.12024737e-05
GAU2,42,6,1.1803,-2.3607,1.02239449e-04
GAU2,42,7,1.1803,-2.2623,1.29625016e-04
GAU2,42,8,1.1803,-2.1639,2.24561648e-04
GAU2,42,9,1.1803,-2.0656,2.35515875e-04
GAU2,42,10,1.1803,-1.9672,2.06304603e-04
GAU2,42,11,1.1803,-1.8689,2.68378555e-04
GAU2,42,12,1.1803,-1.7705,3.45058142e-04
GAU2,42,13,1.1803,-1.6721,3.54186664e-04
GAU2,42,14,1.1803,-1.5738,4.41820478e-04
GAU2,42,15,1.1803,-1.4754,4.45471887e-04
GAU2,42,16,1.1803,-1.3770,5.44059927e-04
GAU2,42,17,1.1803,-1.2787,6.79162057e-04
GAU2,42,18,1.1803,-1.1803,7.54015939e-04
GAU2,42,19,1.1803,-1.0820,9.56669134e-04
GAU2,42,20,1.1803,-0.9836,9.71274769e-04
GAU2,42,21,1.1803,-0.8852,1.16114803e-03
GAU2,42,22,1.1803,-0.7869,1.31633291e-03
GAU2,42,23,1.1803,-0.6885,1.41492095e-03
GAU2,42,24,1.1803,-0.5902,1.72529071e-03
GAU2,42,25,1.1803,-0.4918,2.03931187e-03
GAU2,42,26,1.1803,-0.3934,2.33142459e-03
GAU2,42,27,1.1803,-0.2951,2.60162885e-03
GAU2,42,28,1.1803,-0.1967,2.75863943e-03
GAU2,42,29,1.1803,-0.0984,3.01423805e-03
GAU2,42,30,1.1803,0.0000,3.19498279e-03
GAU2,42,31,1.1803,0.0984,3.40128740e-03
GAU2,42,32,1.1803,0.1967,3.54734375e-03
GAU2,42,33,1.1803,0.2951,3.76642829e-03
GAU2,42,34,1.1803,0.3934,3.87049344e-03
GAU2,42,35,1.1803,0.4918,3.73721702e-03
GAU2,42,36,1.1803,0.5902,3.91796176e-03
GAU2,42,37,1.1803,0.6885,3.82850224e-03
GAU2,42,38,1.1803,0.7869,3.61306911e-03
GAU2,42,39,1.1803,0.8852,3.44875571e-03
GAU2,42,40,1.1803,0.9836,3.24610252e-03
GAU2,42,41,1.1803,1.0820,2.85905317e-03
GAU2,42,42,1.1803,1.1803,2.74768520e-03
GAU2,42,43,1.1803,1.2787,2.44096685e-03
GAU2,42,44,1.1803,1.3770,2.24561648e-03
GAU2,42,45,1.1803,1.4754,2.02105483e-03
GAU2,42,46,1.1803,1.5738,1.64313401e-03
GAU2,42,47,1.1803,1.6721,1.44960934e-03
GAU2,42,48,1.1803,1.7705,1.21774487e-03
GAU2,42,49,1.1803,1.8689,1.04430295e-03
GAU2,42,50,1.1803,1.9672,8.89118069e-04
GAU2,42,51,1.1803,2.0656,7.10199033e-04
GAU2,42,52,1.1803,2.1639,5.67794085e-04
GAU2,42,53,1.1803,2.2623,4.14434911e-04
GAU2,42,54,1.1803,2.3607,3.32278211e-04
GAU2,42,55,1.1803,2.4590,2.84809895e-04
GAU2,42,56,1.1803,2.5574,2.11781717e-04
GAU2,42,57,1.1803,2.6557,1.99001785e-04
GAU2,42,58,1.1803,2.7541,1.44230652e-04
GAU2,42,59,1.1803,2.8525,1.00413745e-04
GAU2,42,60,1.1803,2.9508,6.57253603e-05
GAU2,43,0,1.2787,-2.9508,1.82570445e-06
GAU2,43,1,1.2787,-2.8525,1.09542267e-05
GAU2,43,2,1.2787,-2.7541,1.46056356e-05
GAU2,43,3,1.2787,-2.6557,2.55598624e-05
GAU2,43,4,1.2787,-2.5574,4.74683158e-05
GAU2,43,5,1.2787,-2.4590,6.20739514e-05
GAU2,43,6,1.2787,-2.3607,8.39824049e-05
GAU2,43,7,1.2787,-2.2623,1.57010583e-04
GAU2,43,8,1.2787,-2.1639,1.46056356e-04
GAU2,43,9,1.2787,-2.0656,1.35102130e-04
GAU2,43,10,1.2787,-1.9672,1.91698968e-04
GAU2,43,11,1.2787,-1.8689,1.91698968e-04
GAU2,43,12,1.2787,-1.7705,2.24561648e-04
GAU2,43,13,1.2787,-1.6721,2.42818692e-04
GAU2,43,14,1.2787,-1.5738,2.44644397e-04
GAU2,43,15,1.2787,-1.4754,3.65140891e-04
GAU2,43,16,1.2787,-1.3770,3.56012368e-04
GAU2,43,17,1.2787,-1.2787,4.23563433e-04
GAU2,43,18,1.2787,-1.1803,5.58665563e-04
GAU2,43,19,1.2787,-1.0820,5.98831061e-04
GAU2,43,20,1.2787,-0.9836,6.64556421e-04
GAU2,43,21,1.2787,-0.8852,7.59493053e-04
GAU2,43,22,1.2787,-0.7869,8.54429684e-04
GAU2,43,23,1.2787,-0.6885,1.02969731e-03
GAU2,43,24,1.2787,-0.5902,1.16845085e-03
GAU2,43,25,1.2787,-0.4918,1.30172728e-03
GAU2,43,26,1.2787,-0.3934,1.55550019e-03
GAU2,43,27,1.2787,-0.2951,1.62670267e-03
GAU2,43,28,1.2787,-0.1967,1.95167806e-03
GAU2,43,29,1.2787,-0.0984,2.09043160e-03
GAU2,43,30,1.2787,0.0000,2.20910239e-03
GAU2,43,31,1.2787,0.0984,2.24744218e-03
GAU2,43,32,1.2787,0.1967,2.57606898e-03
GAU2,43,33,1.2787,0.2951,2.49573799e-03
GAU2,43,34,1.2787,0.3934,2.56146335e-03
GAU2,43,35,1.2787,0.4918,2.70569400e-03
GAU2,43,36,1.2787,0.5902,2.58702321e-03
GAU2,43,37,1.2787,0.6885,2.63449153e-03
GAU2,43,38,1.2787,0.7869,2.52860067e-03
GAU2,43,39,1.2787,0.8852,2.43548974e-03
GAU2,43,40,1.2787,0.9836,2.19997387e-03
GAU2,43,41,1.2787,1.0820,2.14337703e-03
GAU2,43,42,1.2787,1.1803,1.94620095e-03
GAU2,43,43,1.2787,1.2787,1.84396150e-03
GAU2,43,44,1.2787,1.3770,1.59931710e-03
GAU2,43,45,1.2787,1.4754,1.46238927e-03
GAU2,43,46,1.2787,1.5738,1.24513044e-03
GAU2,43,47,1.2787,1.6721,1.14471669e-03
GAU2,43,48,1.2787,1.7705,9.49366316e-04
GAU2,43,49,1.2787,1.8689,6.95593397e-04
GAU2,43,50,1.2787,1.9672,6.64556421e-04
GAU2,43,51,1.2787,2.0656,5.27628587e-04
GAU2,43,52,1.2787,2.1639,4.61903227e-04
GAU2,43,53,1.2787,2.2623,3.46883846e-04
GAU2,43,54,1.2787,2.3607,2.82984190e-04
GAU2,43,55,1.2787,2.4590,2.22735943e-04
GAU2,43,56,1.2787,2.5574,1.99001785e-04
GAU2,43,57,1.2787,2.6557,1.38753538e-04
GAU2,43,58,1.2787,2.7541,1.00413745e-04
GAU2,43,59,1.2787,2.8525,8.21567004e-05
GAU2,43,60,1.2787,2.9508,7.85052915e-05
GAU2,44,0,1.3770,-2.9508,3.65140891e-06
GAU2,44,1,1.3770,-2.8525,1.09542267e-05
GAU2,44,2,1.3770,-2.7541,1.27799312e-05
GAU2,44,3,1.3770,-2.6557,2.00827490e-05
GAU2,44,4,1.3770,-2.5574,2.92112713e-05
GAU2,44,5,1.3770,-2.4590,5.47711336e-05
GAU2,44,6,1.3770,-2.3607,8.76338138e-05
GAU2,44,7,1.3770,-2.2623,8.03309960e-05
GAU2,44,8,1.3770,-2.1639,6.93767692e-05
GAU2,44,9,1.3770,-2.0656,9.85880405e-05
GAU2,44,10,1.3770,-1.9672,8.94595182e-05
GAU2,44,11,1.3770,-1.8689,1.16845085e-04
GAU2,44,12,1.3770,-1.7705,1.31450721e-04
GAU2,44,13,1.3770,-1.6721,1.64313401e-04
GAU2,44,14,1.3770,-1.5738,1.51533470e-04
GAU2,44,15,1.3770,-1.4754,1.51533470e-04
GAU2,44,16,1.3770,-1.3770,2.72029964e-04
GAU2,44,17,1.3770,-1.2787,2.68378555e-04
GAU2,44,18,1.3770,-1.1803,3.94352162e-04
GAU2,44,19,1.3770,-1.0820,4.29040547e-04
GAU2,44,20,1.3770,-0.9836,4.65554636e-04
GAU2,44,21,1.3770,-0.8852,5.64142676e-04
GAU2,44,22,1.3770,-0.7869,5.02068725e-04
GAU2,44,23,1.3770,-0.6885,6.62730717e-04
GAU2,44,24,1.3770,-0.5902,8.14264186e-04
GAU2,44,25,1.3770,-0.4918,9.67623361e-04
GAU2,44,26,1.3770,-0.3934,1.07899133e-03
GAU2,44,27,1.3770,-0.2951,1.20131353e-03
GAU2,44,28,1.3770,-0.1967,1.33824136e-03
GAU2,44,29,1.3770,-0.0984,1.37110404e-03
GAU2,44,30,1.3770,0.0000,1.55367449e-03
GAU2,44,31,1.3770,0.0984,1.61027133e-03
GAU2,44,32,1.3770,0.1967,1.70885937e-03
GAU2,44,33,1.3770,0.2951,1.72529071e-03
GAU2,44,34,1.3770,0.3934,1.66869387e-03
GAU2,44,35,1.3770,0.4918,1.93342102e-03
GAU2,44,36,1.3770,0.5902,1.80197030e-03
GAU2,44,37,1.3770,0.6885,1.81657593e-03
GAU2,44,38,1.3770,0.7869,1.82387875e-03
GAU2,44,39,1.3770,0.8852,1.69973085e-03
GAU2,44,40,1.3770,0.9836,1.58653717e-03
GAU2,44,41,1.3770,1.0820,1.54454597e-03
GAU2,44,42,1.3770,1.1803,1.46786638e-03
GAU2,44,43,1.3770,1.2787,1.34189277e-03
GAU2,44,44,1.3770,1.3770,1.19035930e-03
GAU2,44,45,1.3770,1.4754,1.09542267e-03
GAU2,44,46,1.3770,1.5738,9.60320543e-04
GAU2,44,47,1.3770,1.6721,8.58081093e-04
GAU2,44,48,1.3770,1.7705,7.64970166e-04
GAU2,44,49,1.3770,1.8689,5.80574016e-04
GAU2,44,50,1.3770,1.9672,5.33105701e-04
GAU2,44,51,1.3770,2.0656,4.45471887e-04
GAU2,44,52,1.3770,2.1639,3.43232437e-04
GAU2,44,53,1.3770,2.2623,2.86635599e-04
GAU2,44,54,1.3770,2.3607,1.86221854e-04
GAU2,44,55,1.3770,2.4590,1.93524672e-04
GAU2,44,56,1.3770,2.5574,1.33276425e-04
GAU2,44,57,1.3770,2.6557,1.27799312e-04
GAU2,44,58,1.3770,2.7541,1.00413745e-04
GAU2,44,59,1.3770,2.8525,8.03309960e-05
GAU2,44,60,1.3770,2.9508,4.74683158e-05
GAU2,45,0,1.4754,-2.9508,5.47711336e-06
GAU2,45,1,1.4754,-2.8525,1.27799312e-05
GAU2,45,2,1.4754,-2.7541,9.12852227e-06
GAU2,45,3,1.4754,-2.6557,2.00827490e-05
GAU2,45,4,1.4754,-2.5574,5.29454292e-05
GAU2,45,5,1.4754,-2.4590,6.20739514e-05
GAU2,45,6,1.4754,-2.3607,5.84225425e-05
GAU2,45,7,1.4754,-2.2623,7.48538826e-05
GAU2,45,8,1.4754,-2.1639,7.12024737e-05
GAU2,45,9,1.4754,-2.0656,8.21567004e-05
GAU2,45,10,1.4754,-1.9672,7.85052915e-05
GAU2,45,11,1.4754,-1.8689,9.67623361e-05
GAU2,45,12,1.4754,-1.7705,8.21567004e-05
GAU2,45,13,1.4754,-1.6721,8.03309960e-05
GAU2,45,14,1.4754,-1.5738,1.24147903e-04
GAU2,45,15,1.4754,-1.4754,1.20496494e-04
GAU2,45,16,1.4754,-1.3770,1.78919036e-04
GAU2,45,17,1.4754,-1.2787,2.42818692e-04
GAU2,45,18,1.4754,-1.1803,2.57424328e-04
GAU2,45,19,1.4754,-1.0820,2.73855668e-04
GAU2,45,20,1.4754,-0.9836,3.23149688e-04
GAU2,45,21,1.4754,-0.8852,3.59663777e-04
GAU2,45,22,1.4754,-0.7869,3.23149688e-04
GAU2,45,23,1.4754,-0.6885,4.92940203e-04
GAU2,45,24,1.4754,-0.5902,5.14848656e-04
GAU2,45,25,1.4754,-0.4918,5.93353947e-04
GAU2,45,26,1.4754,-0.3934,6.57253603e-04
GAU2,45,27,1.4754,-0.2951,7.83227211e-04
GAU2,45,28,1.4754,-0.1967,9.49366316e-04
GAU2,45,29,1.4754,-0.0984,9.89531814e-04
GAU2,45,30,1.4754,0.0000,1.03152302e-03
GAU2,45,31,1.4754,0.0984,1.09542267e-03
GAU2,45,32,1.4754,0.1967,1.22139628e-03
GAU2,45,33,1.4754,0.2951,1.19948783e-03
GAU2,45,34,1.4754,0.3934,1.26886460e-03
GAU2,45,35,1.4754,0.4918,1.33824136e-03
GAU2,45,36,1.4754,0.5902,1.32363573e-03
GAU2,45,37,1.4754,0.6885,1.21774487e-03
GAU2,45,38,1.4754,0.7869,1.23600192e-03
GAU2,45,39,1.4754,0.8852,1.06803711e-03
GAU2,45,40,1.4754,0.9836,1.09542267e-03
GAU2,45,41,1.4754,1.0820,1.11733113e-03
GAU2,45,42,1.4754,1.1803,1.10272549e-03
GAU2,45,43,1.4754,1.2787,9.49366316e-04
GAU2,45,44,1.4754,1.3770,8.63558207e-04
GAU2,45,45,1.4754,1.4754,7.88704324e-04
GAU2,45,46,1.4754,1.5738,6.95593397e-04
GAU2,45,47,1.4754,1.6721,6.37170854e-04
GAU2,45,48,1.4754,1.7705,5.67794085e-04
GAU2,45,49,1.4754,1.8689,4.61903227e-04
GAU2,45,50,1.4754,1.9672,4.25389138e-04
GAU2,45,51,1.4754,2.0656,3.30452506e-04
GAU2,45,52,1.4754,2.1639,2.55598624e-04
GAU2,45,53,1.4754,2.2623,2.53772919e-04
GAU2,45,54,1.4754,2.3607,1.89873263e-04
GAU2,45,55,1.4754,2.4590,1.38753538e-04
GAU2,45,56,1.4754,2.5574,1.18670789e-04
GAU2,45,57,1.4754,2.6557,8.39824049e-05
GAU2,45,58,1.4754,2.7541,8.21567004e-05
GAU2,45,59,1.4754,2.8525,5.47711336e-05
GAU2,45,60,1.4754,2.9508,5.65968381e-05
GAU2,46,0,1.5738,-2.9508,3.65140891e-06
GAU2,46,1,1.5738,-2.8525,3.65140891e-06
GAU2,46,2,1.5738,-2.7541,1.82570445e-05
GAU2,46,3,1.5738,-2.6557,2.55598624e-05
GAU2,46,4,1.5738,-2.5574,4.19912024e-05
GAU2,46,5,1.5738,-2.4590,2.55598624e-05
GAU2,46,6,1.5738,-2.3607,3.65140891e-05
GAU2,46,7,1.5738,-2.2623,4.74683158e-05
GAU2,46,8,1.5738,-2.1639,6.38996559e-05
GAU2,46,9,1.5738,-2.0656,3.10369757e-05
GAU2,46,10,1.5738,-1.9672,4.38169069e-05
GAU2,46,11,1.5738,-1.8689,6.20739514e-05
GAU2,46,12,1.5738,-1.7705,7.66795871e-05
GAU2,46,13,1.5738,-1.6721,7.30281782e-05
GAU2,46,14,1.5738,-1.5738,7.48538826e-05
GAU2,46,15,1.5738,-1.4754,8.39824049e-05
GAU2,46,16,1.5738,-1.3770,1.29625016e-04
GAU2,46,17,1.5738,-1.2787,1.36927834e-04
GAU2,46,18,1.5738,-1.1803,1.67964810e-04
GAU2,46,19,1.5738,-1.0820,1.71616219e-04
GAU2,46,20,1.5738,-0.9836,2.19084534e-04
GAU2,46,21,1.5738,-0.8852,2.62901441e-04
GAU2,46,22,1.5738,-0.7869,3.04892644e-04
GAU2,46,23,1.5738,-0.6885,3.17672575e-04
GAU2,46,24,1.5738,-0.5902,3.10369757e-04
GAU2,46,25,1.5738,-0.4918,4.12609207e-04
GAU2,46,26,1.5738,-0.3934,4.25389138e-04
GAU2,46,27,1.5738,-0.2951,5.33105701e-04
GAU2,46,28,1.5738,-0.1967,6.22565219e-04
GAU2,46,29,1.5738,-0.0984,6.79162057e-04
GAU2,46,30,1.5738,0.0000,7.75924393e-04
GAU2,46,31,1.5738,0.0984,7.35758895e-04
GAU2,46,32,1.5738,0.1967,8.19741300e-04
GAU2,46,33,1.5738,0.2951,8.08787073e-04
GAU2,46,34,1.5738,0.3934,8.54429684e-04
GAU2,46,35,1.5738,0.4918,9.27457863e-04
GAU2,46,36,1.5738,0.5902,9.54843429e-04
GAU2,46,37,1.5738,0.6885,9.38412089e-04
GAU2,46,38,1.5738,0.7869,9.93183223e-04
GAU2,46,39,1.5738,0.8852,8.05135664e-04
GAU2,46,40,1.5738,0.9836,7.97832846e-04
GAU2,46,41,1.5738,1.0820,7.68621575e-04
GAU2,46,42,1.5738,1.1803,6.84639170e-04
GAU2,46,43,1.5738,1.2787,6.66382126e-04
GAU2,46,44,1.5738,1.3770,6.29868037e-04
GAU2,46,45,1.5738,1.4754,5.45885632e-04
GAU2,46,46,1.5738,1.5738,5.20325769e-04
GAU2,46,47,1.5738,1.6721,4.29040547e-04
GAU2,46,48,1.5738,1.7705,3.70618004e-04
GAU2,46,49,1.5738,1.8689,3.41406733e-04
GAU2,46,50,1.5738,1.9672,3.10369757e-04
GAU2,46,51,1.5738,2.0656,2.93938417e-04
GAU2,46,52,1.5738,2.1639,2.48295806e-04
GAU2,46,53,1.5738,2.2623,2.09956012e-04
GAU2,46,54,1.5738,2.3607,1.49707765e-04
GAU2,46,55,1.5738,2.4590,1.47882061e-04
GAU2,46,56,1.5738,2.5574,1.00413745e-04
GAU2,46,57,1.5738,2.6557,9.49366316e-05
GAU2,46,58,1.5738,2.7541,6.02482470e-05
GAU2,46,59,1.5738,2.8525,5.11197247e-05
GAU2,46,60,1.5738,2.9508,4.38169069e-05
GAU2,47,0,1.6721,-2.9508,9.12852227e-06
GAU2,47,1,1.6721,-2.8525,5.47711336e-06
GAU2,47,2,1.6721,-2.7541,2.19084534e-05
GAU2,47,3,1.6721,-2.6557,2.37341579e-05
GAU2,47,4,1.6721,-2.5574,2.37341579e-05
GAU2,47,5,1.6721,-2.4590,1.09542267e-05
GAU2,47,6,1.6721,-2.3607,1.46056356e-05
GAU2,47,7,1.6721,-2.2623,2.73855668e-05
GAU2,47,8,1.6721,-2.1639,2.92112713e-05
GAU2,47,9,1.6721,-2.0656,2.73855668e-05
GAU2,47,10,1.6721,-1.9672,3.10369757e-05
GAU2,47,11,1.6721,-1.8689,3.28626802e-05
GAU2,47,12,1.6721,-1.7705,4.56426113e-05
GAU2,47,13,1.6721,-1.6721,4.92940203e-05
GAU2,47,14,1.6721,-1.5738,5.84225425e-05
GAU2,47,15,1.6721,-1.4754,7.12024737e-05
GAU2,47,16,1.6721,-1.3770,7.48538826e-05
GAU2,47,17,1.6721,-1.2787,1.27799312e-04
GAU2,47,18,1.6721,-1.1803,1.18670789e-04
GAU2,47,19,1.6721,-1.0820,1.57010583e-04
GAU2,47,20,1.6721,-0.9836,1.57010583e-04
GAU2,47,21,1.6721,-0.8852,1.62487696e-04
GAU2,47,22,1.6721,-0.7869,1.95350377e-04
GAU2,47,23,1.6721,-0.6885,2.26387352e-04
GAU2,47,24,1.6721,-0.5902,2.37341579e-04
GAU2,47,25,1.6721,-0.4918,3.14021166e-04
GAU2,47,26,1.6721,-0.3934,3.54186664e-04
GAU2,47,27,1.6721,-0.2951,3.94352162e-04
GAU2,47,28,1.6721,-0.1967,4.12609207e-04
GAU2,47,29,1.6721,-0.0984,4.63728931e-04
GAU2,47,30,1.6721,0.0000,5.29454292e-04
GAU2,47,31,1.6721,0.0984,5.36757109e-04
GAU2,47,32,1.6721,0.1967,6.15262401e-04
GAU2,47,33,1.6721,0.2951,5.82399721e-04
GAU2,47,34,1.6721,0.3934,6.17088105e-04
GAU2,47,35,1.6721,0.4918,6.57253603e-04
GAU2,47,36,1.6721,0.5902,6.75510648e-04
GAU2,47,37,1.6721,0.6885,6.86464875e-04
GAU2,47,38,1.6721,0.7869,6.40822263e-04
GAU2,47,39,1.6721,0.8852,6.55427899e-04
GAU2,47,40,1.6721,0.9836,6.00656765e-04
GAU2,47,41,1.6721,1.0820,5.65968381e-04
GAU2,47,42,1.6721,1.1803,5.02068725e-04
GAU2,47,43,1.6721,1.2787,5.13022952e-04
GAU2,47,44,1.6721,1.3770,4.29040547e-04
GAU2,47,45,1.6721,1.4754,4.03480684e-04
GAU2,47,46,1.6721,1.5738,3.74269413e-04
GAU2,47,47,1.6721,1.6721,2.92112713e-04
GAU2,47,48,1.6721,1.7705,3.14021166e-04
GAU2,47,49,1.6721,1.8689,2.70204259e-04
GAU2,47,50,1.6721,1.9672,2.39167283e-04
GAU2,47,51,1.6721,2.0656,2.04478899e-04
GAU2,47,52,1.6721,2.1639,2.26387352e-04
GAU2,47,53,1.6721,2.2623,1.82570445e-04
GAU2,47,54,1.6721,2.3607,1.18670789e-04
GAU2,47,55,1.6721,2.4590,8.94595182e-05
GAU2,47,56,1.6721,2.5574,8.03309960e-05
GAU2,47,57,1.6721,2.6557,7.30281782e-05
GAU2,47,58,1.6721,2.7541,5.84225425e-05
GAU2,47,59,1.6721,2.8525,3.65140891e-05
GAU2,47,60,1.6721,2.9508,3.28626802e-05
GAU2,48,0,1.7705,-2.9508,3.65140891e-06
GAU2,48,1,1.7705,-2.8525,3.65140891e-06
GAU2,48,2,1.7705,-2.7541,1.46056356e-05
GAU2,48,3,1.7705,-2.6557,1.09542267e-05
GAU2,48,4,1.7705,-2.5574,9.12852227e-06
GAU2,48,5,1.7705,-2.4590,7.30281782e-06
GAU2,48,6,1.7705,-2.3607,1.09542267e-05
GAU2,48,7,1.7705,-2.2623,2.37341579e-05
GAU2,48,8,1.7705,-2.1639,2.73855668e-05
GAU2,48,9,1.7705,-2.0656,2.00827490e-05
GAU2,48,10,1.7705,-1.9672,2.73855668e-05
GAU2,48,11,1.7705,-1.8689,3.46883846e-05
GAU2,48,12,1.7705,-1.7705,2.73855668e-05
GAU2,48,13,1.7705,-1.6721,3.28626802e-05
GAU2,48,14,1.7705,-1.5738,2.73855668e-05
GAU2,48,15,1.7705,-1.4754,4.74683158e-05
GAU2,48,16,1.7705,-1.3770,6.38996559e-05
GAU2,48,17,1.7705,-1.2787,5.84225425e-05
GAU2,48,18,1.7705,-1.1803,8.58081093e-05
GAU2,48,19,1.7705,-1.0820,7.48538826e-05
GAU2,48,20,1.7705,-0.9836,1.16845085e-04
GAU2,48,21,1.7705,-0.8852,1.16845085e-04
GAU2,48,22,1.7705,-0.7869,1.22322198e-04
GAU2,48,23,1.7705,-0.6885,1.33276425e-04
GAU2,48,24,1.7705,-0.5902,1.67964810e-04
GAU2,48,25,1.7705,-0.4918,2.09956012e-04
GAU2,48,26,1.7705,-0.3934,2.09956012e-04
GAU2,48,27,1.7705,-0.2951,2.40992988e-04
GAU2,48,28,1.7705,-0.1967,2.90287008e-04
GAU2,48,29,1.7705,-0.0984,3.28626802e-04
GAU2,48,30,1.7705,0.0000,3.39581028e-04
GAU2,48,31,1.7705,0.0984,3.76095117e-04
GAU2,48,32,1.7705,0.1967,3.63315186e-04
GAU2,48,33,1.7705,0.2951,4.39994773e-04
GAU2,48,34,1.7705,0.3934,4.38169069e-04
GAU2,48,35,1.7705,0.4918,4.23563433e-04
GAU2,48,36,1.7705,0.5902,4.47297591e-04
GAU2,48,37,1.7705,0.6885,4.47297591e-04
GAU2,48,38,1.7705,0.7869,5.09371543e-04
GAU2,48,39,1.7705,0.8852,4.18086320e-04
GAU2,48,40,1.7705,0.9836,4.07132093e-04
GAU2,48,41,1.7705,1.0820,4.47297591e-04
GAU2,48,42,1.7705,1.1803,3.98003571e-04
GAU2,48,43,1.7705,1.2787,3.46883846e-04
GAU2,48,44,1.7705,1.3770,3.45058142e-04
GAU2,48,45,1.7705,1.4754,3.06718348e-04
GAU2,48,46,1.7705,1.5738,2.62901441e-04
GAU2,48,47,1.7705,1.6721,2.15433126e-04
GAU2,48,48,1.7705,1.7705,2.11781717e-04
GAU2,48,49,1.7705,1.8689,1.77093332e-04
GAU2,48,50,1.7705,1.9672,1.97176081e-04
GAU2,48,51,1.7705,2.0656,1.55184879e-04
GAU2,48,52,1.7705,2.1639,1.36927834e-04
GAU2,48,53,1.7705,2.2623,1.47882061e-04
GAU2,48,54,1.7705,2.3607,1.05890858e-04
GAU2,48,55,1.7705,2.4590,1.02239449e-04
GAU2,48,56,1.7705,2.5574,6.57253603e-05
GAU2,48,57,1.7705,2.6557,5.11197247e-05
GAU2,48,58,1.7705,2.7541,3.46883846e-05
GAU2,48,59,1.7705,2.8525,3.10369757e-05
GAU2,48,60,1.7705,2.9508,2.92112713e-05
GAU2,49,0,1.8689,-2.9508,3.65140891e-06
GAU2,49,1,1.8689,-2.8525,2.19084534e-05
GAU2,49,2,1.8689,-2.7541,9.12852227e-06
GAU2,49,3,1.8689,-2.6557,9.12852227e-06
GAU2,49,4,1.8689,-2.5574,1.27799312e-05
GAU2,49,5,1.8689,-2.4590,7.30281782e-06
GAU2,49,6,1.8689,-2.3607,5.47711336e-06
GAU2,49,7,1.8689,-2.2623,1.64313401e-05
GAU2,49,8,1.8689,-2.1639,2.19084534e-05
GAU2,49,9,1.8689,-2.0656,1.82570445e-05
GAU2,49,10,1.8689,-1.9672,2.92112713e-05
GAU2,49,11,1.8689,-1.8689,1.82570445e-05
GAU2,49,12,1.8689,-1.7705,1.82570445e-05
GAU2,49,13,1.8689,-1.6721,3.28626802e-05
GAU2,49,14,1.8689,-1.5738,3.28626802e-05
GAU2,49,15,1.8689,-1.4754,4.74683158e-05
GAU2,49,16,1.8689,-1.3770,4.74683158e-05
GAU2,49,17,1.8689,-1.2787,6.38996559e-05
GAU2,49,18,1.8689,-1.1803,4.74683158e-05
GAU2,49,19,1.8689,-1.0820,8.39824049e-05
GAU2,49,20,1.8689,-0.9836,5.65968381e-05
GAU2,49,21,1.8689,-0.8852,7.30281782e-05
GAU2,49,22,1.8689,-0.7869,6.38996559e-05
GAU2,49,23,1.8689,-0.6885,9.85880405e-05
GAU2,49,24,1.8689,-0.5902,1.24147903e-04
GAU2,49,25,1.8689,-0.4918,1.55184879e-04
GAU2,49,26,1.8689,-0.3934,1.66139105e-04
GAU2,49,27,1.8689,-0.2951,1.69790514e-04
GAU2,49,28,1.8689,-0.1967,2.35515875e-04
GAU2,49,29,1.8689,-0.0984,2.55598624e-04
GAU2,49,30,1.8689,0.0000,2.46470101e-04
GAU2,49,31,1.8689,0.0984,2.73855668e-04
GAU2,49,32,1.8689,0.1967,2.82984190e-04
GAU2,49,33,1.8689,0.2951,3.04892644e-04
GAU2,49,34,1.8689,0.3934,2.84809895e-04
GAU2,49,35,1.8689,0.4918,3.01241235e-04
GAU2,49,36,1.8689,0.5902,3.43232437e-04
GAU2,49,37,1.8689,0.6885,3.03066939e-04
GAU2,49,38,1.8689,0.7869,3.04892644e-04
GAU2,49,39,1.8689,0.8852,2.95764122e-04
GAU2,49,40,1.8689,0.9836,3.08544053e-04
GAU2,49,41,1.8689,1.0820,3.26801097e-04
GAU2,49,42,1.8689,1.1803,2.55598624e-04
GAU2,49,43,1.8689,1.2787,2.55598624e-04
GAU2,49,44,1.8689,1.3770,2.24561648e-04
GAU2,49,45,1.8689,1.4754,2.28213057e-04
GAU2,49,46,1.8689,1.5738,2.04478899e-04
GAU2,49,47,1.8689,1.6721,1.62487696e-04
GAU2,49,48,1.8689,1.7705,1.60661992e-04
GAU2,49,49,1.8689,1.8689,1.47882061e-04
GAU2,49,50,1.8689,1.9672,1.35102130e-04
GAU2,49,51,1.8689,2.0656,1.13193676e-04
GAU2,49,52,1.8689,2.1639,9.85880405e-05
GAU2,49,53,1.8689,2.2623,8.94595182e-05
GAU2,49,54,1.8689,2.3607,8.21567004e-05
GAU2,49,55,1.8689,2.4590,6.20739514e-05
GAU2,49,56,1.8689,2.5574,4.74683158e-05
GAU2,49,57,1.8689,2.6557,2.19084534e-05
GAU2,49,58,1.8689,2.7541,4.19912024e-05
GAU2,49,59,1.8689,2.8525,2.92112713e-05
GAU2,49,60,1.8689,2.9508,2.73855668e-05
GAU2,50,0,1.9672,-2.9508,1.82570445e-06
GAU2,50,1,1.9672,-2.8525,1.82570445e-06
GAU2,50,2,1.9672,-2.7541,1.27799312e-05
GAU2,50,3,1.9672,-2.6557,7.30281782e-06
GAU2,50,4,1.9672,-2.5574,3.65140891e-06
GAU2,50,5,1.9672,-2.4590,7.30281782e-06
GAU2,50,6,1.9672,-2.3607,7.30281782e-06
GAU2,50,7,1.9672,-2.2623,1.46056356e-05
GAU2,50,8,1.9672,-2.1639,9.12852227e-06
GAU2,50,9,1.9672,-2.0656,1.09542267e-05
GAU2,50,10,1.9672,-1.9672,1.46056356e-05
GAU2,50,11,1.9672,-1.8689,1.64313401e-05
GAU2,50,12,1.9672,-1.7705,2.73855668e-05
GAU2,50,13,1.9672,-1.6721,1.82570445e-05
GAU2,50,14,1.9672,-1.5738,1.64313401e-05
GAU2,50,15,1.9672,-1.4754,2.92112713e-05
GAU2,50,16,1.9672,-1.3770,4.92940203e-05
GAU2,50,17,1.9672,-1.2787,3.46883846e-05
GAU2,50,18,1.9672,-1.1803,3.28626802e-05
GAU2,50,19,1.9672,-1.0820,5.47711336e-05
GAU2,50,20,1.9672,-0.9836,5.11197247e-05
GAU2,50,21,1.9672,-0.8852,6.57253603e-05
GAU2,50,22,1.9672,-0.7869,8.39824049e-05
GAU2,50,23,1.9672,-0.6885,6.38996559e-05
GAU2,50,24,1.9672,-0.5902,9.85880405e-05
GAU2,50,25,1.9672,-0.4918,8.76338138e-05
GAU2,50,26,1.9672,-0.3934,1.35102130e-04
GAU2,50,27,1.9672,-0.2951,1.35102130e-04
GAU2,50,28,1.9672,-0.1967,1.31450721e-04
GAU2,50,29,1.9672,-0.0984,1.42404947e-04
GAU2,50,30,1.9672,0.0000,1.49707765e-04
GAU2,50,31,1.9672,0.0984,1.99001785e-04
GAU2,50,32,1.9672,0.1967,2.33690170e-04
GAU2,50,33,1.9672,0.2951,2.26387352e-04
GAU2,50,34,1.9672,0.3934,1.95350377e-04
GAU2,50,35,1.9672,0.4918,2.06304603e-04
GAU2,50,36,1.9672,0.5902,2.50121510e-04
GAU2,50,37,1.9672,0.6885,2.06304603e-04
GAU2,50,38,1.9672,0.7869,2.28213057e-04
GAU2,50,39,1.9672,0.8852,2.00827490e-04
GAU2,50,40,1.9672,0.9836,2.09956012e-04
GAU2,50,41,1.9672,1.0820,1.80744741e-04
GAU2,50,42,1.9672,1.1803,2.13607421e-04
GAU2,50,43,1.9672,1.2787,1.53359174e-04
GAU2,50,44,1.9672,1.3770,1.62487696e-04
GAU2,50,45,1.9672,1.4754,1.58836287e-04
GAU2,50,46,1.9672,1.5738,1.58836287e-04
GAU2,50,47,1.9672,1.6721,1.18670789e-04
GAU2,50,48,1.9672,1.7705,1.29625016e-04
GAU2,50,49,1.9672,1.8689,9.12852227e-05
GAU2,50,50,1.9672,1.9672,6.20739514e-05
GAU2,50,51,1.9672,2.0656,9.67623361e-05
GAU2,50,52,1.9672,2.1639,1.07716563e-04
GAU2,50,53,1.9672,2.2623,5.84225425e-05
GAU2,50,54,1.9672,2.3607,7.30281782e-05
GAU2,50,55,1.9672,2.4590,5.11197247e-05
GAU2,50,56,1.9672,2.5574,4.74683158e-05
GAU2,50,57,1.9672,2.6557,2.55598624e-05
GAU2,50,58,1.9672,2.7541,4.19912024e-05
GAU2,50,59,1.9672,2.8525,3.65140891e-05
GAU2,50,60,1.9672,2.9508,2.00827490e-05
GAU2,51,0,2.0656,-2.9508,3.65140891e-06
GAU2,51,1,2.0656,-2.8525,3.65140891e-06
GAU2,51,2,2.0656,-2.7541,1.82570445e-06
GAU2,51,3,2.0656,-2.6557,5.47711336e-06
GAU2,51,4,2.0656,-2.5574,3.65140891e-06
GAU2,51,5,2.0656,-2.4590,1.82570445e-06
GAU2,51,6,2.0656,-2.3607,1.27799312e-05
GAU2,51,7,2.0656,-2.2623,9.12852227e-06
GAU2,51,8,2.0656,-2.1639,3.65140891e-06
GAU2,51,9,2.0656,-2.0656,9.12852227e-06
GAU2,51,10,2.0656,-1.9672,1.27799312e-05
GAU2,51,11,2.0656,-1.8689,9.12852227e-06
GAU2,51,12,2.0656,-1.7705,1.09542267e-05
GAU2,51,13,2.0656,-1.6721,1.27799312e-05
GAU2,51,14,2.0656,-1.5738,2.19084534e-05
GAU2,51,15,2.0656,-1.4754,2.00827490e-05
GAU2,51,16,2.0656,-1.3770,2.00827490e-05
GAU2,51,17,2.0656,-1.2787,3.10369757e-05
GAU2,51,18,2.0656,-1.1803,4.19912024e-05
GAU2,51,19,2.0656,-1.0820,3.65140891e-05
GAU2,51,20,2.0656,-0.9836,4.01654980e-05
GAU2,51,21,2.0656,-0.8852,4.92940203e-05
GAU2,51,22,2.0656,-0.7869,2.73855668e-05
GAU2,51,23,2.0656,-0.6885,4.38169069e-05
GAU2,51,24,2.0656,-0.5902,5.47711336e-05
GAU2,51,25,2.0656,-0.4918,7.85052915e-05
GAU2,51,26,2.0656,-0.3934,1.16845085e-04
GAU2,51,27,2.0656,-0.2951,7.12024737e-05
GAU2,51,28,2.0656,-0.1967,9.31109271e-05
GAU2,51,29,2.0656,-0.0984,1.00413745e-04
GAU2,51,30,2.0656,0.0000,1.00413745e-04
GAU2,51,31,2.0656,0.0984,1.33276425e-04
GAU2,51,32,2.0656,0.1967,1.46056356e-04
GAU2,51,33,2.0656,0.2951,1.67964810e-04
GAU2,51,34,2.0656,0.3934,1.75267628e-04
GAU2,51,35,2.0656,0.4918,1.69790514e-04
GAU2,51,36,2.0656,0.5902,1.66139105e-04
GAU2,51,37,2.0656,0.6885,1.36927834e-04
GAU2,51,38,2.0656,0.7869,1.33276425e-04
GAU2,51,39,2.0656,0.8852,1.64313401e-04
GAU2,51,40,2.0656,0.9836,1.75267628e-04
GAU2,51,41,2.0656,1.0820,1.47882061e-04
GAU2,51,42,2.0656,1.1803,1.69790514e-04
GAU2,51,43,2.0656,1.2787,1.35102130e-04
GAU2,51,44,2.0656,1.3770,1.16845085e-04
GAU2,51,45,2.0656,1.4754,1.29625016e-04
GAU2,51,46,2.0656,1.5738,1.15019381e-04
GAU2,51,47,2.0656,1.6721,1.27799312e-04
GAU2,51,48,2.0656,1.7705,1.04065154e-04
GAU2,51,49,2.0656,1.8689,6.20739514e-05
GAU2,51,50,2.0656,1.9672,7.12024737e-05
GAU2,51,51,2.0656,2.0656,5.84225425e-05
GAU2,51,52,2.0656,2.1639,6.57253603e-05
GAU2,51,53,2.0656,2.2623,6.02482470e-05
GAU2,51,54,2.0656,2.3607,6.20739514e-05
GAU2,51,55,2.0656,2.4590,4.56426113e-05
GAU2,51,56,2.0656,2.5574,4.38169069e-05
GAU2,51,57,2.0656,2.6557,3.10369757e-05
GAU2,51,58,2.0656,2.7541,2.73855668e-05
GAU2,51,59,2.0656,2.8525,1.09542267e-05
GAU2,51,60,2.0656,2.9508,7.30281782e-06
GAU2,52,0,2.1639,-2.9508,1.82570445e-06
GAU2,52,1,2.1639,-2.8525,7.30281782e-06
GAU2,52,2,2.1639,-2.7541,3.65140891e-06
GAU2,52,3,2.1639,-2.6557,1.82570445e-06
GAU2,52,4,2.1639,-2.5574,3.65140891e-06
GAU2,52,5,2.1639,-2.4590,5.47711336e-06
GAU2,52,6,2.1639,-2.3607,3.65140891e-06
GAU2,52,7,2.1639,-2.2623,3.65140891e-06
GAU2,52,8,2.1639,-2.1639,1.09542267e-05
GAU2,52,9,2.1639,-2.0656,7.30281782e-06
GAU2,52,10,2.1639,-1.9672,7.30281782e-06
GAU2,52,11,2.1639,-1.8689,5.47711336e-06
GAU2,52,12,2.1639,-1.7705,9.12852227e-06
GAU2,52,13,2.1639,-1.6721,9.12852227e-06
GAU2,52,14,2.1639,-1.5738,7.30281782e-06
GAU2,52,15,2.1639,-1.4754,1.09542267e-05
GAU2,52,16,2.1639,-1.3770,1.82570445e-05
GAU2,52,17,2.1639,-1.2787,1.64313401e-05
GAU2,52,18,2.1639,-1.1803,9.12852227e-06
GAU2,52,19,2.1639,-1.0820,3.46883846e-05
GAU2,52,20,2.1639,-0.9836,2.37341579e-05
GAU2,52,21,2.1639,-0.8852,3.46883846e-05
GAU2,52,22,2.1639,-0.7869,4.38169069e-05
GAU2,52,23,2.1639,-0.6885,4.01654980e-05
GAU2,52,24,2.1639,-0.5902,6.57253603e-05
GAU2,52,25,2.1639,-0.4918,4.01654980e-05
GAU2,52,26,2.1639,-0.3934,6.57253603e-05
GAU2,52,27,2.1639,-0.2951,7.85052915e-05
GAU2,52,28,2.1639,-0.1967,5.11197247e-05
GAU2,52,29,2.1639,-0.0984,9.85880405e-05
GAU2,52,30,2.1639,0.0000,9.85880405e-05
GAU2,52,31,2.1639,0.0984,9.67623361e-05
GAU2,52,32,2.1639,0.1967,1.35102130e-04
GAU2,52,33,2.1639,0.2951,1.04065154e-04
GAU2,52,34,2.1639,0.3934,1.16845085e-04
GAU2,52,35,2.1639,0.4918,1.11367972e-04
GAU2,52,36,2.1639,0.5902,1.16845085e-04
GAU2,52,37,2.1639,0.6885,9.67623361e-05
GAU2,52,38,2.1639,0.7869,1.07716563e-04
GAU2,52,39,2.1639,0.8852,1.04065154e-04
GAU2,52,40,2.1639,0.9836,1.25973607e-04
GAU2,52,41,2.1639,1.0820,1.09542267e-04
GAU2,52,42,2.1639,1.1803,1.11367972e-04
GAU2,52,43,2.1639,1.2787,1.09542267e-04
GAU2,52,44,2.1639,1.3770,9.31109271e-05
GAU2,52,45,2.1639,1.4754,8.39824049e-05
GAU2,52,46,2.1639,1.5738,7.48538826e-05
GAU2,52,47,2.1639,1.6721,7.66795871e-05
GAU2,52,48,2.1639,1.7705,5.11197247e-05
GAU2,52,49,2.1639,1.8689,6.20739514e-05
GAU2,52,50,2.1639,1.9672,6.20739514e-05
GAU2,52,51,2.1639,2.0656,4.92940203e-05
GAU2,52,52,2.1639,2.1639,4.38169069e-05
GAU2,52,53,2.1639,2.2623,7.30281782e-05
GAU2,52,54,2.1639,2.3607,4.19912024e-05
GAU2,52,55,2.1639,2.4590,3.65140891e-05
GAU2,52,56,2.1639,2.5574,2.92112713e-05
GAU2,52,57,2.1639,2.6557,2.00827490e-05
GAU2,52,58,2.1639,2.7541,1.82570445e-05
GAU2,52,59,2.1639,2.8525,2.19084534e-05
GAU2,52,60,2.1639,2.9508,1.64313401e-05
GAU2,53,2,2.2623,-2.7541,9.12852227e-06
GAU2,53,3,2.2623,-2.6557,1.82570445e-06
GAU2,53,4,2.2623,-2.5574,3.65140891e-06
GAU2,53,5,2.2623,-2.4590,3.65140891e-06
GAU2,53,6,2.2623,-2.3607,5.47711336e-06
GAU2,53,7,2.2623,-2.2623,1.82570445e-06
GAU2,53,8,2.2623,-2.1639,5.47711336e-06
GAU2,53,9,2.2623,-2.0656,5.47711336e-06
GAU2,53,10,2.2623,-1.9672,7.30281782e-06
GAU2,53,11,2.2623,-1.8689,1.46056356e-05
GAU2,53,12,2.2623,-1.7705,9.12852227e-06
GAU2,53,13,2.2623,-1.6721,9.12852227e-06
GAU2,53,14,2.2623,-1.5738,1.27799312e-05
GAU2,53,15,2.2623,-1.4754,9.12852227e-06
GAU2,53,16,2.2623,-1.3770,3.65140891e-06
GAU2,53,17,2.2623,-1.2787,1.82570445e-05
GAU2,53,18,2.2623,-1.1803,1.09542267e-05
GAU2,53,19,2.2623,-1.0820,9.12852227e-06
GAU2,53,20,2.2623,-0.9836,1.09542267e-05
GAU2,53,21,2.2623,-0.8852,2.73855668e-05
GAU2,53,22,2.2623,-0.7869,3.46883846e-05
GAU2,53,23,2.2623,-0.6885,3.65140891e-05
GAU2,53,24,2.2623,-0.5902,3.28626802e-05
GAU2,53,25,2.2623,-0.4918,3.10369757e-05
GAU2,53,26,2.2623,-0.3934,4.01654980e-05
GAU2,53,27,2.2623,-0.2951,3.65140891e-05
GAU2,53,28,2.2623,-0.1967,4.92940203e-05
GAU2,53,29,2.2623,-0.0984,4.74683158e-05
GAU2,53,30,2.2623,0.0000,8.39824049e-05
GAU2,53,31,2.2623,0.0984,7.12024737e-05
GAU2,53,32,2.2623,0.1967,6.75510648e-05
GAU2,53,33,2.2623,0.2951,6.93767692e-05
GAU2,53,34,2.2623,0.3934,8.03309960e-05
GAU2,53,35,2.2623,0.4918,7.66795871e-05
GAU2,53,36,2.2623,0.5902,1.13193676e-04
GAU2,53,37,2.2623,0.6885,8.58081093e-05
GAU2,53,38,2.2623,0.7869,7.48538826e-05
GAU2,53,39,2.2623,0.8852,5.47711336e-05
GAU2,53,40,2.2623,0.9836,7.85052915e-05
GAU2,53,41,2.2623,1.0820,8.39824049e-05
GAU2,53,42,2.2623,1.1803,7.48538826e-05
GAU2,53,43,2.2623,1.2787,9.12852227e-05
GAU2,53,44,2.2623,1.3770,6.38996559e-05
GAU2,53,45,2.2623,1.4754,7.48538826e-05
GAU2,53,46,2.2623,1.5738,4.92940203e-05
GAU2,53,47,2.2623,1.6721,6.20739514e-05
GAU2,53,48,2.2623,1.7705,6.20739514e-05
GAU2,53,49,2.2623,1.8689,4.74683158e-05
GAU2,53,50,2.2623,1.9672,4.38169069e-05
GAU2,53,51,2.2623,2.0656,3.10369757e-05
GAU2,53,52,2.2623,2.1639,4.38169069e-05
GAU2,53,53,2.2623,2.2623,4.01654980e-05
GAU2,53,54,2.2623,2.3607,2.73855668e-05
GAU2,53,55,2.2623,2.4590,2.55598624e-05
GAU2,53,56,2.2623,2.5574,2.55598624e-05
GAU2,53,57,2.2623,2.6557,2.92112713e-05
GAU2,53,58,2.2623,2.7541,1.09542267e-05
GAU2,53,59,2.2623,2.8525,1.46056356e-05
GAU2,53,60,2.2623,2.9508,5.47711336e-06
GAU2,54,1,2.3607,-2.8525,1.82570445e-06
GAU2,54,3,2.3607,-2.6557,1.82570445e-06
GAU2,54,4,2.3607,-2.5574,1.82570445e-06
GAU2,54,5,2.3607,-2.4590,1.82570445e-06
GAU2,54,7,2.3607,-2.2623,5.47711336e-06
GAU2,54,8,2.3607,-2.1639,5.47711336e-06
GAU2,54,10,2.3607,-1.9672,3.65140891e-06
GAU2,54,11,2.3607,-1.8689,7.30281782e-06
GAU2,54,12,2.3607,-1.7705,7.30281782e-06
GAU2,54,13,2.3607,-1.6721,9.12852227e-06
GAU2,54,14,2.3607,-1.5738,5.47711336e-06
GAU2,54,15,2.3607,-1.4754,9.12852227e-06
GAU2,54,16,2.3607,-1.3770,7.30281782e-06
GAU2,54,17,2.3607,-1.2787,9.12852227e-06
GAU2,54,18,2.3607,-1.1803,9.12852227e-06
GAU2,54,19,2.3607,-1.0820,7.30281782e-06
GAU2,54,20,2.3607,-0.9836,2.00827490e-05
GAU2,54,21,2.3607,-0.8852,1.46056356e-05
GAU2,54,22,2.3607,-0.7869,2.19084534e-05
GAU2,54,23,2.3607,-0.6885,2.37341579e-05
GAU2,54,24,2.3607,-0.5902,2.00827490e-05
GAU2,54,25,2.3607,-0.4918,3.10369757e-05
GAU2,54,26,2.3607,-0.3934,1.46056356e-05
GAU2,54,27,2.3607,-0.2951,3.28626802e-05
GAU2,54,28,2.3607,-0.1967,3.46883846e-05
GAU2,54,29,2.3607,-0.0984,4.01654980e-05
GAU2,54,30,2.3607,0.0000,3.83397935e-05
GAU2,54,31,2.3607,0.0984,3.65140891e-05
GAU2,54,32,2.3607,0.1967,4.38169069e-05
GAU2,54,33,2.3607,0.2951,5.65968381e-05
GAU2,54,34,2.3607,0.3934,3.83397935e-05
GAU2,54,35,2.3607,0.4918,6.38996559e-05
GAU2,54,36,2.3607,0.5902,5.29454292e-05
GAU2,54,37,2.3607,0.6885,5.84225425e-05
GAU2,54,38,2.3607,0.7869,6.75510648e-05
GAU2,54,39,2.3607,0.8852,5.65968381e-05
GAU2,54,40,2.3607,0.9836,4.56426113e-05
GAU2,54,41,2.3607,1.0820,6.57253603e-05
GAU2,54,42,2.3607,1.1803,5.84225425e-05
GAU2,54,43,2.3607,1.2787,4.56426113e-05
GAU2,54,44,2.3607,1.3770,5.29454292e-05
GAU2,54,45,2.3607,1.4754,2.55598624e-05
GAU2,54,46,2.3607,1.5738,5.29454292e-05
GAU2,54,47,2.3607,1.6721,3.28626802e-05
GAU2,54,48,2.3607,1.7705,2.55598624e-05
GAU2,54,49,2.3607,1.8689,3.10369757e-05
GAU2,54,50,2.3607,1.9672,4.01654980e-05
GAU2,54,51,2.3607,2.0656,3.65140891e-05
GAU2,54,52,2.3607,2.1639,3.28626802e-05
GAU2,54,53,2.3607,2.2623,2.92112713e-05
GAU2,54,54,2.3607,2.3607,3.83397935e-05
GAU2,54,55,2.3607,2.4590,1.64313401e-05
GAU2,54,56,2.3607,2.5574,2.37341579e-05
GAU2,54,57,2.3607,2.6557,1.46056356e-05
GAU2,54,58,2.3607,2.7541,1.64313401e-05
GAU2,54,59,2.3607,2.8525,9.12852227e-06
GAU2,54,60,2.3607,2.9508,5.47711336e-06
GAU2,55,6,2.4590,-2.3607,1.82570445e-06
GAU2,55,7,2.4590,-2.2623,1.82570445e-06
GAU2,55,8,2.4590,-2.1639,1.82570445e-06
GAU2,55,9,2.4590,-2.0656,3.65140891e-06
GAU2,55,10,2.4590,-1.9672,3.65140891e-06
GAU2,55,11,2.4590,-1.8689,1.82570445e-06
GAU2,55,12,2.4590,-1.7705,1.09542267e-05
GAU2,55,13,2.4590,-1.6721,7.30281782e-06
GAU2,55,14,2.4590,-1.5738,5.47711336e-06
GAU2,55,15,2.4590,-1.4754,5.47711336e-06
GAU2,55,16,2.4590,-1.3770,7.30281782e-06
GAU2,55,17,2.4590,-1.2787,1.09542267e-05
GAU2,55,18,2.4590,-1.1803,1.82570445e-06
GAU2,55,19,2.4590,-1.0820,3.65140891e-06
GAU2,55,20,2.4590,-0.9836,1.27799312e-05
GAU2,55,21,2.4590,-0.8852,1.09542267e-05
GAU2,55,22,2.4590,-0.7869,2.00827490e-05
GAU2,55,23,2.4590,-0.6885,1.82570445e-05
GAU2,55,24,2.4590,-0.5902,1.64313401e-05
GAU2,55,25,2.4590,-0.4918,1.64313401e-05
GAU2,55,26,2.4590,-0.3934,2.00827490e-05
GAU2,55,27,2.4590,-0.2951,2.92112713e-05
GAU2,55,28,2.4590,-0.1967,2.73855668e-05
GAU2,55,29,2.4590,-0.0984,2.37341579e-05
GAU2,55,30,2.4590,0.0000,2.37341579e-05
GAU2,55,31,2.4590,0.0984,2.73855668e-05
GAU2,55,32,2.4590,0.1967,3.28626802e-05
GAU2,55,33,2.4590,0.2951,2.92112713e-05
GAU2,55,34,2.4590,0.3934,4.38169069e-05
GAU2,55,35,2.4590,0.4918,4.19912024e-05
GAU2,55,36,2.4590,0.5902,4.74683158e-05
GAU2,55,37,2.4590,0.6885,4.19912024e-05
GAU2,55,38,2.4590,0.7869,4.74683158e-05
GAU2,55,39,2.4590,0.8852,4.74683158e-05
GAU2,55,40,2.4590,0.9836,5.65968381e-05
GAU2,55,41,2.4590,1.0820,4.74683158e-05
GAU2,55,42,2.4590,1.1803,3.10369757e-05
GAU2,55,43,2.4590,1.2787,3.65140891e-05
GAU2,55,44,2.4590,1.3770,3.65140891e-05
GAU2,55,45,2.4590,1.4754,2.19084534e-05
GAU2,55,46,2.4590,1.5738,3.10369757e-05
GAU2,55,47,2.4590,1.6721,1.27799312e-05
GAU2,55,48,2.4590,1.7705,2.00827490e-05
GAU2,55,49,2.4590,1.8689,2.37341579e-05
GAU2,55,50,2.4590,1.9672,3.10369757e-05
GAU2,55,51,2.4590,2.0656,3.10369757e-05
GAU2,55,52,2.4590,2.1639,3.28626802e-05
GAU2,55,53,2.4590,2.2623,2.73855668e-05
GAU2,55,54,2.4590,2.3607,1.64313401e-05
GAU2,55,55,2.4590,2.4590,1.46056356e-05
GAU2,55,56,2.4590,2.5574,1.27799312e-05
GAU2,55,57,2.4590,2.6557,5.47711336e-06
GAU2,55,58,2.4590,2.7541,9.12852227e-06
GAU2,55,59,2.4590,2.8525,9.12852227e-06
GAU2,55,60,2.4590,2.9508,7.30281782e-06
GAU2,56,2,2.5574,-2.7541,1.82570445e-06
GAU2,56,5,2.5574,-2.4590,1.82570445e-06
GAU2,56,7,2.5574,-2.2623,1.82570445e-06
GAU2,56,9,2.5574,-2.0656,7.30281782e-06
GAU2,56,10,2.5574,-1.9672,1.82570445e-06
GAU2,56,11,2.5574,-1.8689,1.82570445e-06
GAU2,56,12,2.5574,-1.7705,1.82570445e-06
GAU2,56,13,2.5574,-1.6721,3.65140891e-06
GAU2,56,14,2.5574,-1.5738,5.47711336e-06
GAU2,56,15,2.5574,-1.4754,3.65140891e-06
GAU2,56,16,2.5574,-1.3770,7.30281782e-06
GAU2,56,17,2.5574,-1.2787,5.47711336e-06
GAU2,56,18,2.5574,-1.1803,3.65140891e-06
GAU2,56,19,2.5574,-1.0820,3.65140891e-06
GAU2,56,20,2.5574,-0.9836,3.65140891e-06
GAU2,56,21,2.5574,-0.8852,3.65140891e-06
GAU2,56,22,2.5574,-0.7869,1.09542267e-05
GAU2,56,23,2.5574,-0.6885,5.47711336e-06
GAU2,56,24,2.5574,-0.5902,2.00827490e-05
GAU2,56,25,2.5574,-0.4918,2.19084534e-05
GAU2,56,26,2.5574,-0.3934,5.47711336e-06
GAU2,56,27,2.5574,-0.2951,1.27799312e-05
GAU2,56,28,2.5574,-0.1967,2.37341579e-05
GAU2,56,29,2.5574,-0.0984,1.64313401e-05
GAU2,56,30,2.5574,0.0000,3.10369757e-05
GAU2,56,31,2.5574,0.0984,2.92112713e-05
GAU2,56,32,2.5574,0.1967,2.73855668e-05
GAU2,56,33,2.5574,0.2951,2.73855668e-05
GAU2,56,34,2.5574,0.3934,3.83397935e-05
GAU2,56,35,2.5574,0.4918,2.73855668e-05
GAU2,56,36,2.5574,0.5902,4.19912024e-05
GAU2,56,37,2.5574,0.6885,2.19084534e-05
GAU2,56,38,2.5574,0.7869,2.55598624e-05
GAU2,56,39,2.5574,0.8852,3.65140891e-05
GAU2,56,40,2.5574,0.9836,3.28626802e-05
GAU2,56,41,2.5574,1.0820,3.28626802e-05
GAU2,56,42,2.5574,1.1803,4.38169069e-05
GAU2,56,43,2.5574,1.2787,3.83397935e-05
GAU2,56,44,2.5574,1.3770,2.37341579e-05
GAU2,56,45,2.5574,1.4754,1.82570445e-05
GAU2,56,46,2.5574,1.5738,2.19084534e-05
GAU2,56,47,2.5574,1.6721,3.10369757e-05
GAU2,56,48,2.5574,1.7705,3.10369757e-05
GAU2,56,49,2.5574,1.8689,2.55598624e-05
GAU2,56,50,2.5574,1.9672,2.92112713e-05
GAU2,56,51,2.5574,2.0656,2.92112713e-05
GAU2,56,52,2.5574,2.1639,1.82570445e-05
GAU2,56,53,2.5574,2.2623,2.73855668e-05
GAU2,56,54,2.5574,2.3607,1.82570445e-05
GAU2,56,55,2.5574,2.4590,1.64313401e-05
GAU2,56,56,2.5574,2.5574,1.09542267e-05
GAU2,56,57,2.5574,2.6557,7.30281782e-06
GAU2,56,58,2.5574,2.7541,5.47711336e-06
GAU2,56,59,2.5574,2.8525,3.65140891e-06
GAU2,56,60,2.5574,2.9508,5.47711336e-06
GAU2,57,5,2.6557,-2.4590,1.82570445e-06
GAU2,57,8,2.6557,-2.1639,5.47711336e-06
GAU2,57,11,2.6557,-1.8689,1.82570445e-06
GAU2,57,12,2.6557,-1.7705,5.47711336e-06
GAU2,57,13,2.6557,-1.6721,3.65140891e-06
GAU2,57,14,2.6557,-1.5738,1.82570445e-06
GAU2,57,15,2.6557,-1.4754,3.65140891e-06
GAU2,57,16,2.6557,-1.3770,3.65140891e-06
GAU2,57,18,2.6557,-1.1803,3.65140891e-06
GAU2,57,19,2.6557,-1.0820,1.82570445e-06
GAU2,57,20,2.6557,-0.9836,3.65140891e-06
GAU2,57,21,2.6557,-0.8852,3.65140891e-06
GAU2,57,22,2.6557,-0.7869,5.47711336e-06
GAU2,57,23,2.6557,-0.6885,1.27799312e-05
GAU2,57,24,2.6557,-0.5902,1.09542267e-05
GAU2,57,25,2.6557,-0.4918,2.00827490e-05
GAU2,57,26,2.6557,-0.3934,7.30281782e-06
GAU2,57,27,2.6557,-0.2951,2.00827490e-05
GAU2,57,28,2.6557,-0.1967,1.82570445e-05
GAU2,57,29,2.6557,-0.0984,1.27799312e-05
GAU2,57,30,2.6557,0.0000,1.27799312e-05
GAU2,57,31,2.6557,0.0984,2.37341579e-05
GAU2,57,32,2.6557,0.1967,2.55598624e-05
GAU2,57,33,2.6557,0.2951,2.19084534e-05
GAU2,57,34,2.6557,0.3934,2.55598624e-05
GAU2,57,35,2.6557,0.4918,2.55598624e-05
GAU2,57,36,2.6557,0.5902,3.65140891e-05
GAU2,57,37,2.6557,0.6885,1.27799312e-05
GAU2,57,38,2.6557,0.7869,2.00827490e-05
GAU2,57,39,2.6557,0.8852,2.00827490e-05
GAU2,57,40,2.6557,0.9836,1.82570445e-05
GAU2,57,41,2.6557,1.0820,2.92112713e-05
GAU2,57,42,2.6557,1.1803,2.19084534e-05
GAU2,57,43,2.6557,1.2787,1.82570445e-05
GAU2,57,44,2.6557,1.3770,2.00827490e-05
GAU2,57,45,2.6557,1.4754,1.46056356e-05
GAU2,57,46,2.6557,1.5738,1.09542267e-05
GAU2,57,47,2.6557,1.6721,1.27799312e-05
GAU2,57,48,2.6557,1.7705,1.82570445e-05
GAU2,57,49,2.6557,1.8689,2.55598624e-05
GAU2,57,50,2.6557,1.9672,2.19084534e-05
GAU2,57,51,2.6557,2.0656,2.19084534e-05
GAU2,57,52,2.6557,2.1639,2.73855668e-05
GAU2,57,53,2.6557,2.2623,1.64313401e-05
GAU2,57,54,2.6557,2.3607,7.30281782e-06
GAU2,57,55,2.6557,2.4590,9.12852227e-06
GAU2,57,56,2.6557,2.5574,1.64313401e-05
GAU2,57,57,2.6557,2.6557,5.47711336e-06
GAU2,57,58,2.6557,2.7541,3.65140891e-06
GAU2,57,59,2.6557,2.8525,1.82570445e-06
GAU2,57,60,2.6557,2.9508,1.82570445e-06
GAU2,58,7,2.7541,-2.2623,1.82570445e-06
GAU2,58,12,2.7541,-1.7705,1.82570445e-06
GAU2,58,15,2.7541,-1.4754,1.82570445e-06
GAU2,58,16,2.7541,-1.3770,1.82570445e-06
GAU2,58,19,2.7541,-1.0820,3.65140891e-06
GAU2,58,20,2.7541,-0.9836,3.65140891e-06
GAU2,58,21,2.7541,-0.8852,1.82570445e-06
GAU2,58,22,2.7541,-0.7869,5.47711336e-06
GAU2,58,23,2.7541,-0.6885,1.09542267e-05
GAU2,58,24,2.7541,-0.5902,9.12852227e-06
GAU2,58,25,2.7541,-0.4918,5.47711336e-06
GAU2,58,26,2.7541,-0.3934,1.27799312e-05
GAU2,58,27,2.7541,-0.2951,9.12852227e-06
GAU2,58,28,2.7541,-0.1967,1.64313401e-05
GAU2,58,29,2.7541,-0.0984,3.65140891e-06
GAU2,58,30,2.7541,0.0000,1.46056356e-05
GAU2,58,31,2.7541,0.0984,1.64313401e-05
GAU2,58,32,2.7541,0.1967,1.46056356e-05
GAU2,58,33,2.7541,0.2951,2.92112713e-05
GAU2,58,34,2.7541,0.3934,1.09542267e-05
GAU2,58,35,2.7541,0.4918,1.46056356e-05
GAU2,58,36,2.7541,0.5902,2.00827490e-05
GAU2,58,37,2.7541,0.6885,1.46056356e-05
GAU2,58,38,2.7541,0.7869,1.82570445e-05
GAU2,58,39,2.7541,0.8852,2.00827490e-05
GAU2,58,40,2.7541,0.9836,1.27799312e-05
GAU2,58,41,2.7541,1.0820,1.09542267e-05
GAU2,58,42,2.7541,1.1803,9.12852227e-06
GAU2,58,43,2.7541,1.2787,2.00827490e-05
GAU2,58,44,2.7541,1.3770,1.46056356e-05
GAU2,58,45,2.7541,1.4754,9.12852227e-06
GAU2,58,46,2.7541,1.5738,1.64313401e-05
GAU2,58,47,2.7541,1.6721,9.12852227e-06
GAU2,58,48,2.7541,1.7705,1.09542267e-05
GAU2,58,49,2.7541,1.8689,1.09542267e-05
GAU2,58,50,2.7541,1.9672,9.12852227e-06
GAU2,58,51,2.7541,2.0656,3.65140891e-06
GAU2,58,52,2.7541,2.1639,1.82570445e-05
GAU2,58,53,2.7541,2.2623,1.46056356e-05
GAU2,58,54,2.7541,2.3607,9.12852227e-06
GAU2,58,55,2.7541,2.4590,9.12852227e-06
GAU2,58,56,2.7541,2.5574,7.30281782e-06
GAU2,58,57,2.7541,2.6557,9.12852227e-06
GAU2,58,58,2.7541,2.7541,9.12852227e-06
GAU2,58,59,2.7541,2.8525,7.30281782e-06
GAU2,58,60,2.7541,2.9508,1.82570445e-06
GAU2,59,14,2.8525,-1.5738,1.82570445e-06
GAU2,59,15,2.8525,-1.4754,1.82570445e-06
GAU2,59,17,2.8525,-1.2787,3.65140891e-06
GAU2,59,18,2.8525,-1.1803,1.82570445e-06
GAU2,59,20,2.8525,-0.9836,1.82570445e-06
GAU2,59,21,2.8525,-0.8852,3.65140891e-06
GAU2,59,22,2.8525,-0.7869,1.82570445e-06
GAU2,59,23,2.8525,-0.6885,3.65140891e-06
GAU2,59,24,2.8525,-0.5902,3.65140891e-06
GAU2,59,25,2.8525,-0.4918,9.12852227e-06
GAU2,59,26,2.8525,-0.3934,7.30281782e-06
GAU2,59,27,2.8525,-0.2951,1.46056356e-05
GAU2,59,28,2.8525,-0.1967,1.82570445e-06
GAU2,59,29,2.8525,-0.0984,1.09542267e-05
GAU2,59,30,2.8525,0.0000,7.30281782e-06
GAU2,59,31,2.8525,0.0984,1.09542267e-05
GAU2,59,32,2.8525,0.1967,1.64313401e-05
GAU2,59,33,2.8525,0.2951,7.30281782e-06
GAU2,59,34,2.8525,0.3934,1.09542267e-05
GAU2,59,35,2.8525,0.4918,9.12852227e-06
GAU2,59,36,2.8525,0.5902,2.55598624e-05
GAU2,59,37,2.8525,0.6885,1.27799312e-05
GAU2,59,38,2.8525,0.7869,1.46056356e-05
GAU2,59,39,2.8525,0.8852,1.82570445e-05
GAU2,59,40,2.8525,0.9836,1.09542267e-05
GAU2,59,41,2.8525,1.0820,1.09542267e-05
GAU2,59,42,2.8525,1.1803,5.47711336e-06
GAU2,59,43,2.8525,1.2787,7.30281782e-06
GAU2,59,44,2.8525,1.3770,1.64313401e-05
GAU2,59,45,2.8525,1.4754,2.19084534e-05
GAU2,59,46,2.8525,1.5738,1.27799312e-05
GAU2,59,47,2.8525,1.6721,7.30281782e-06
GAU2,59,48,2.8525,1.7705,9.12852227e-06
GAU2,59,49,2.8525,1.8689,7.30281782e-06
GAU2,59,50,2.8525,1.9672,1.09542267e-05
GAU2,59,51,2.8525,2.0656,1.46056356e-05
GAU2,59,52,2.8525,2.1639,9.12852227e-06
GAU2,59,53,2.8525,2.2623,9.12852227e-06
GAU2,59,54,2.8525,2.3607,1.27799312e-05
GAU2,59,56,2.8525,2.5574,3.65140891e-06
GAU2,59,57,2.8525,2.6557,1.82570445e-06
GAU2,59,58,2.8525,2.7541,3.65140891e-06
GAU2,59,59,2.8525,2.8525,3.65140891e-06
GAU2,59,60,2.8525,2.9508,5.47711336e-06
GAU2,60,16,2.9508,-1.3770,1.82570445e-06
GAU2,60,17,2.9508,-1.2787,1.82570445e-06
GAU2,60,20,2.9508,-0.9836,3.65140891e-06
GAU2,60,21,2.9508,-0.8852,1.82570445e-06
GAU2,60,22,2.9508,-0.7869,1.82570445e-06
GAU2,60,24,2.9508,-0.5902,5.47711336e-06
GAU2,60,25,2.9508,-0.4918,1.09542267e-05
GAU2,60,26,2.9508,-0.3934,1.82570445e-06
GAU2,60,27,2.9508,-0.2951,3.65140891e-06
GAU2,60,28,2.9508,-0.1967,3.65140891e-06
GAU2,60,29,2.9508,-0.0984,7.30281782e-06
GAU2,60,30,2.9508,0.0000,3.65140891e-06
GAU2,60,31,2.9508,0.0984,5.47711336e-06
GAU2,60,32,2.9508,0.1967,5.47711336e-06
GAU2,60,33,2.9508,0.2951,5.47711336e-06
GAU2,60,34,2.9508,0.3934,1.82570445e-06
GAU2,60,35,2.9508,0.4918,1.09542267e-05
GAU2,60,36,2.9508,0.5902,5.47711336e-06
GAU2,60,37,2.9508,0.6885,7.30281782e-06
GAU2,60,38,2.9508,0.7869,1.82570445e-06
GAU2,60,39,2.9508,0.8852,1.27799312e-05
GAU2,60,40,2.9508,0.9836,5.47711336e-06
GAU2,60,41,2.9508,1.0820,7.30281782e-06
GAU2,60,42,2.9508,1.1803,9.12852227e-06
GAU2,60,43,2.9508,1.2787,3.65140891e-06
GAU2,60,44,2.9508,1.3770,3.65140891e-06
GAU2,60,45,2.9508,1.4754,1.82570445e-06
GAU2,60,46,2.9508,1.5738,9.12852227e-06
GAU2,60,47,2.9508,1.6721,1.09542267e-05
GAU2,60,48,2.9508,1.7705,7.30281782e-06
GAU2,60,49,2.9508,1.8689,1.82570445e-06
GAU2,60,50,2.9508,1.9672,5.47711336e-06
GAU2,60,51,2.9508,2.0656,5.47711336e-06
GAU2,60,52,2.9508,2.1639,5.47711336e-06
GAU2,60,53,2.9508,2.2623,1.09542267e-05
GAU2,60,54,2.9508,2.3607,1.82570445e-06
GAU2,60,55,2.9508,2.4590,9.12852227e-06
GAU2,60,56,2.9508,2.5574,7.30281782e-06
GAU2,60,57,2.9508,2.6557,7.30281782e-06
GAU2,60,58,2.9508,2.7541,3.65140891e-06
GAU2,60,59,2.9508,2.8525,1.82570445e-06
SUR2,0,22,-2.9508,-0.7869,2.92207207e-05
SUR2,0,24,-2.9508,-0.5902,2.92207207e-05
SUR2,0,25,-2.9508,-0.4918,2.92207207e-05
SUR2,0,26,-2.9508,-0.3934,1.16882883e-04
SUR2,0,27,-2.9508,-0.2951,5.84414414e-05
SUR2,0,28,-2.9508,-0.1967,2.92207207e-05
SUR2,0,31,-2.9508,0.0984,2.92207207e-05
SUR2,0,32,-2.9508,0.1967,8.76621620e-05
SUR2,0,33,-2.9508,0.2951,5.84414414e-05
SUR2,0,34,-2.9508,0.3934,5.84414414e-05
SUR2,0,35,-2.9508,0.4918,8.76621620e-05
SUR2,0,36,-2.9508,0.5902,5.84414414e-05
SUR2,0,37,-2.9508,0.6885,5.84414414e-05
SUR2,0,38,-2.9508,0.7869,8.76621620e-05
SUR2,0,39,-2.9508,0.8852,2.92207207e-05
SUR2,0,40,-2.9508,0.9836,8.76621620e-05
SUR2,0,41,-2.9508,1.0820,2.92207207e-05
SUR2,0,43,-2.9508,1.2787,2.92207207e-05
SUR2,0,45,-2.9508,1.4754,2.92207207e-05
SUR2,0,46,-2.9508,1.5738,5.84414414e-05
SUR2,0,47,-2.9508,1.6721,2.92207207e-05
SUR2,0,48,-2.9508,1.7705,5.84414414e-05
SUR2,0,49,-2.9508,1.8689,8.76621620e-05
SUR2,0,50,-2.9508,1.9672,2.92207207e-05
SUR2,0,51,-2.9508,2.0656,1.46103603e-04
SUR2,0,52,-2.9508,2.1639,8.76621620e-05
SUR2,0,53,-2.9508,2.2623,8.76621620e-05
SUR2,0,54,-2.9508,2.3607,2.92207207e-05
SUR2,0,55,-2.9508,2.4590,2.92207207e-05
SUR2,0,56,-2.9508,2.5574,5.84414414e-05
SUR2,0,58,-2.9508,2.7541,2.92207207e-05
SUR2,1,17,-2.8525,-1.2787,2.92207207e-05
SUR2,1,20,-2.8525,-0.9836,2.92207207e-05
SUR2,1,22,-2.8525,-0.7869,2.92207207e-05
SUR2,1,24,-2.8525,-0.5902,1.46103603e-04
SUR2,1,25,-2.8525,-0.4918,2.92207207e-05
SUR2,1,26,-2.8525,-0.3934,5.84414414e-05
SUR2,1,27,-2.8525,-0.2951,5.84414414e-05
SUR2,1,28,-2.8525,-0.1967,2.92207207e-05
SUR2,1,32,-2.8525,0.1967,1.16882883e-04
SUR2,1,33,-2.8525,0.2951,8.76621620e-05
SUR2,1,34,-2.8525,0.3934,8.76621620e-05
SUR2,1,35,-2.8525,0.4918,5.84414414e-05
SUR2,1,37,-2.8525,0.6885,5.84414414e-05
SUR2,1,38,-2.8525,0.7869,2.92207207e-05
SUR2,1,39,-2.8525,0.8852,1.16882883e-04
SUR2,1,40,-2.8525,0.9836,8.76621620e-05
SUR2,1,41,-2.8525,1.0820,8.76621620e-05
SUR2,1,43,-2.8525,1.2787,5.84414414e-05
SUR2,1,45,-2.8525,1.4754,1.46103603e-04
SUR2,1,46,-2.8525,1.5738,2.92207207e-05
SUR2,1,47,-2.8525,1.6721,2.92207207e-05
SUR2,1,48,-2.8525,1.7705,5.84414414e-05
SUR2,1,49,-2.8525,1.8689,2.92207207e-05
SUR2,1,51,-2.8525,2.0656,5.84414414e-05
SUR2,1,52,-2.8525,2.1639,5.84414414e-05
SUR2,1,53,-2.8525,2.2623,8.76621620e-05
SUR2,1,54,-2.8525,2.3607,2.92207207e-05
SUR2,1,55,-2.8525,2.4590,5.84414414e-05
SUR2,1,56,-2.8525,2.5574,5.84414414e-05
SUR2,1,58,-2.8525,2.7541,2.92207207e-05
SUR2,2,12,-2.7541,-1.7705,2.92207207e-05
SUR2,2,14,-2.7541,-1.5738,2.92207207e-05
SUR2,2,19,-2.7541,-1.0820,2.92207207e-05
SUR2,2,20,-2.7541,-0.9836,2.92207207e-05
SUR2,2,25,-2.7541,-0.4918,8.76621620e-05
SUR2,2,26,-2.7541,-0.3934,2.92207207e-05
SUR2,2,27,-2.7541,-0.2951,5.84414414e-05
SUR2,2,28,-2.7541,-0.1967,2.92207207e-05
SUR2,2,30,-2.7541,0.0000,8.76621620e-05
SUR2,2,31,-2.7541,0.0984,8.76621620e-05
SUR2,2,32,-2.7541,0.1967,2.92207207e-05
SUR2,2,33,-2.7541,0.2951,2.92207207e-05
SUR2,2,34,-2.7541,0.3934,5.84414414e-05
SUR2,2,35,-2.7541,0.4918,1.16882883e-04
SUR2,2,36,-2.7541,0.5902,2.92207207e-05
SUR2,2,37,-2.7541,0.6885,5.84414414e-05
SUR2,2,39,-2.7541,0.8852,8.76621620e-05
SUR2,2,41,-2.7541,1.0820,2.92207207e-05
SUR2,2,42,-2.7541,1.1803,2.92207207e-05
SUR2,2,43,-2.7541,1.2787,2.92207207e-05
SUR2,2,45,-2.7541,1.4754,1.16882883e-04
SUR2,2,46,-2.7541,1.5738,8.76621620e-05
SUR2,2,47,-2.7541,1.6721,2.92207207e-05
SUR2,2,48,-2.7541,1.7705,2.92207207e-05
SUR2,2,49,-2.7541,1.8689,2.92207207e-05
SUR2,2,50,-2.7541,1.9672,2.92207207e-05
SUR2,2,51,-2.7541,2.0656,2.92207207e-05
SUR2,2,53,-2.7541,2.2623,5.84414414e-05
SUR2,2,54,-2.7541,2.3607,2.92207207e-05
SUR2,2,56,-2.7541,2.5574,5.84414414e-05
SUR2,2,57,-2.7541,2.6557,2.92207207e-05
SUR2,2,59,-2.7541,2.8525,5.84414414e-05
SUR2,3,13,-2.6557,-1.6721,2.92207207e-05
SUR2,3,17,-2.6557,-1.2787,2.92207207e-05
SUR2,3,24,-2.6557,-0.5902,8.76621620e-05
SUR2,3,25,-2.6557,-0.4918,5.84414414e-05
SUR2,3,26,-2.6557,-0.3934,2.92207207e-05
SUR2,3,27,-2.6557,-0.2951,2.92207207e-05
SUR2,3,28,-2.6557,-0.1967,8.76621620e-05
SUR2,3,29,-2.6557,-0.0984,2.92207207e-05
SUR2,3,30,-2.6557,0.0000,2.92207207e-05
SUR2,3,31,-2.6557,0.0984,2.92207207e-05
SUR2,3,32,-2.6557,0.1967,5.84414414e-05
SUR2,3,33,-2.6557,0.2951,8.76621620e-05
SUR2,3,34,-2.6557,0.3934,5.84414414e-05
SUR2,3,35,-2.6557,0.4918,5.84414414e-05
SUR2,3,37,-2.6557,0.6885,2.92207207e-05
SUR2,3,40,-2.6557,0.9836,5.84414414e-05
SUR2,3,41,-2.6557,1.0820,5.84414414e-05
SUR2,3,42,-2.6557,1.1803,5.84414414e-05
SUR2,3,44,-2.6557,1.3770,2.92207207e-05
SUR2,3,45,-2.6557,1.4754,2.92207207e-05
SUR2,3,46,-2.6557,1.5738,8.76621620e-05
SUR2,3,48,-2.6557,1.7705,2.92207207e-05
SUR2,3,49,-2.6557,1.8689,5.84414414e-05
SUR2,3,50,-2.6557,1.9672,8.76621620e-05
SUR2,3,51,-2.6557,2.0656,8.76621620e-05
SUR2,3,54,-2.6557,2.3607,2.92207207e-05
SUR2,3,55,-2.6557,2.4590,2.92207207e-05
SUR2,3,56,-2.6557,2.5574,5.84414414e-05
SUR2,3,58,-2.6557,2.7541,2.92207207e-05
SUR2,3,59,-2.6557,2.8525,2.92207207e-05
SUR2,4,11,-2.5574,-1.8689,2.92207207e-05
SUR2,4,14,-2.5574,-1.5738,2.92207207e-05
SUR2,4,17,-2.5574,-1.2787,2.92207207e-05
SUR2,4,20,-2.5574,-0.9836,2.92207207e-05
SUR2,4,21,-2.5574,-0.8852,2.92207207e-05
SUR2,4,22,-2.5574,-0.7869,8.76621620e-05
SUR2,4,24,-2.5574,-0.5902,5.84414414e-05
SUR2,4,25,-2.5574,-0.4918,2.92207207e-05
SUR2,4,26,-2.5574,-0.3934,5.84414414e-05
SUR2,4,27,-2.5574,-0.2951,2.92207207e-05
SUR2,4,29,-2.5574,-0.0984,2.92207207e-05
SUR2,4,30,-2.5574,0.0000,5.84414414e-05
SUR2,4,31,-2.5574,0.0984,1.16882883e-04
SUR2,4,32,-2.5574,0.1967,5.84414414e-05
SUR2,4,33,-2.5574,0.2951,8.76621620e-05
SUR2,4,35,-2.5574,0.4918,1.16882883e-04
SUR2,4,36,-2.5574,0.5902,8.76621620e-05
SUR2,4,37,-2.5574,0.6885,1.16882883e-04
SUR2,4,38,-2.5574,0.7869,2.92207207e-05
SUR2,4,39,-2.5574,0.8852,5.84414414e-05
SUR2,4,40,-2.5574,0.9836,8.76621620e-05
SUR2,4,41,-2.5574,1.0820,8.76621620e-05
SUR2,4,42,-2.5574,1.1803,1.75324324e-04
SUR2,4,43,-2.5574,1.2787,2.92207207e-05
SUR2,4,46,-2.5574,1.5738,1.16882883e-04
SUR2,4,47,-2.5574,1.6721,5.84414414e-05
SUR2,4,48,-2.5574,1.7705,2.92207207e-05
SUR2,4,49,-2.5574,1.8689,1.46103603e-04
SUR2,4,50,-2.5574,1.9672,2.92207207e-05
SUR2,4,51,-2.5574,2.0656,1.16882883e-04
SUR2,4,52,-2.5574,2.1639,1.16882883e-04
SUR2,4,53,-2.5574,2.2623,2.92207207e-05
SUR2,4,55,-2.5574,2.4590,2.92207207e-05
SUR2,4,57,-2.5574,2.6557,2.92207207e-05
SUR2,4,58,-2.5574,2.7541,2.92207207e-05
SUR2,5,9,-2.4590,-2.0656,2.92207207e-05
SUR2,5,12,-2.4590,-1.7705,5.84414414e-05
SUR2,5,16,-2.4590,-1.3770,2.92207207e-05
SUR2,5,17,-2.4590,-1.2787,2.92207207e-05
SUR2,5,19,-2.4590,-1.0820,5.84414414e-05
SUR2,5,20,-2.4590,-0.9836,2.92207207e-05
SUR2,5,21,-2.4590,-0.8852,8.76621620e-05
SUR2,5,25,-2.4590,-0.4918,5.84414414e-05
SUR2,5,27,-2.4590,-0.2951,1.16882883e-04
SUR2,5,28,-2.4590,-0.1967,5.84414414e-05
SUR2,5,29,-2.4590,-0.0984,2.92207207e-05
SUR2,5,30,-2.4590,0.0000,1.46103603e-04
SUR2,5,32,-2.4590,0.1967,5.84414414e-05
SUR2,5,33,-2.4590,0.2951,2.92207207e-05
SUR2,5,34,-2.4590,0.3934,2.04545045e-04
SUR2,5,35,-2.4590,0.4918,1.46103603e-04
SUR2,5,36,-2.4590,0.5902,1.16882883e-04
SUR2,5,37,-2.4590,0.6885,1.46103603e-04
SUR2,5,38,-2.4590,0.7869,2.92207207e-05
SUR2,5,39,-2.4590,0.8852,8.76621620e-05
SUR2,5,40,-2.4590,0.9836,1.16882883e-04
SUR2,5,41,-2.4590,1.0820,5.84414414e-05
SUR2,5,42,-2.4590,1.1803,1.16882883e-04
SUR2,5,43,-2.4590,1.2787,1.16882883e-04
SUR2,5,44,-2.4590,1.3770,5.84414414e-05
SUR2,5,45,-2.4590,1.4754,2.92207207e-05
SUR2,5,47,-2.4590,1.6721,2.92207207e-05
SUR2,5,48,-2.4590,1.7705,5.84414414e-05
SUR2,5,49,-2.4590,1.8689,5.84414414e-05
SUR2,5,50,-2.4590,1.9672,8.76621620e-05
SUR2,5,51,-2.4590,2.0656,1.16882883e-04
SUR2,5,52,-2.4590,2.1639,5.84414414e-05
SUR2,5,53,-2.4590,2.2623,2.92207207e-05
SUR2,5,54,-2.4590,2.3607,2.92207207e-05
SUR2,5,55,-2.4590,2.4590,2.92207207e-05
SUR2,5,56,-2.4590,2.5574,8.76621620e-05
SUR2,5,57,-2.4590,2.6557,2.92207207e-05
SUR2,5,60,-2.4590,2.9508,5.84414414e-05
SUR2,6,8,-2.3607,-2.1639,2.92207207e-05
SUR2,6,9,-2.3607,-2.0656,5.84414414e-05
SUR2,6,11,-2.3607,-1.8689,2.92207207e-05
SUR2,6,12,-2.3607,-1.7705,5.84414414e-05
SUR2,6,13,-2.3607,-1.6721,2.92207207e-05
SUR2,6,15,-2.3607,-1.4754,8.76621620e-05
SUR2,6,16,-2.3607,-1.3770,2.92207207e-05
SUR2,6,19,-2.3607,-1.0820,2.92207207e-05
SUR2,6,21,-2.3607,-0.8852,2.92207207e-05
SUR2,6,22,-2.3607,-0.7869,2.92207207e-05
SUR2,6,23,-2.3607,-0.6885,2.04545045e-04
SUR2,6,24,-2.3607,-0.5902,5.84414414e-05
SUR2,6,25,-2.3607,-0.4918,1.16882883e-04
SUR2,6,26,-2.3607,-0.3934,1.46103603e-04
SUR2,6,27,-2.3607,-0.2951,5.84414414e-05
SUR2,6,28,-2.3607,-0.1967,1.46103603e-04
SUR2,6,29,-2.3607,-0.0984,1.46103603e-04
SUR2,6,30,-2.3607,0.0000,5.84414414e-05
SUR2,6,31,-2.3607,0.0984,1.16882883e-04
SUR2,6,32,-2.3607,0.1967,8.76621620e-05
SUR2,6,33,-2.3607,0.2951,2.92207207e-05
SUR2,6,34,-2.3607,0.3934,1.16882883e-04
SUR2,6,35,-2.3607,0.4918,1.16882883e-04
SUR2,6,36,-2.3607,0.5902,5.84414414e-05
SUR2,6,37,-2.3607,0.6885,1.46103603e-04
SUR2,6,38,-2.3607,0.7869,1.16882883e-04
SUR2,6,39,-2.3607,0.8852,1.46103603e-04
SUR2,6,40,-2.3607,0.9836,2.92207207e-05
SUR2,6,41,-2.3607,1.0820,8.76621620e-05
SUR2,6,42,-2.3607,1.1803,5.84414414e-05
SUR2,6,43,-2.3607,1.2787,2.92207207e-05
SUR2,6,44,-2.3607,1.3770,1.75324324e-04
SUR2,6,45,-2.3607,1.4754,5.84414414e-05
SUR2,6,46,-2.3607,1.5738,2.92207207e-05
SUR2,6,47,-2.3607,1.6721,2.92207207e-05
SUR2,6,48,-2.3607,1.7705,8.76621620e-05
SUR2,6,49,-2.3607,1.8689,2.92207207e-05
SUR2,6,50,-2.3607,1.9672,2.92207207e-05
SUR2,6,51,-2.3607,2.0656,1.46103603e-04
SUR2,6,52,-2.3607,2.1639,1.16882883e-04
SUR2,6,53,-2.3607,2.2623,8.76621620e-05
SUR2,6,54,-2.3607,2.3607,8.76621620e-05
SUR2,6,55,-2.3607,2.4590,5.84414414e-05
SUR2,6,56,-2.3607,2.5574,2.92207207e-05
SUR2,6,58,-2.3607,2.7541,8.76621620e-05
SUR2,7,0,-2.2623,-2.9508,5.84414414e-05
SUR2,7,9,-2.2623,-2.0656,2.92207207e-05
SUR2,7,10,-2.2623,-1.9672,2.92207207e-05
SUR2,7,12,-2.2623,-1.7705,2.92207207e-05
SUR2,7,13,-2.2623,-1.6721,5.84414414e-05
SUR2,7,14,-2.2623,-1.5738,2.92207207e-05
SUR2,7,17,-2.2623,-1.2787,2.92207207e-05
SUR2,7,18,-2.2623,-1.1803,8.76621620e-05
SUR2,7,19,-2.2623,-1.0820,8.76621620e-05
SUR2,7,21,-2.2623,-0.8852,1.16882883e-04
SUR2,7,22,-2.2623,-0.7869,8.76621620e-05
SUR2,7,23,-2.2623,-0.6885,1.16882883e-04
SUR2,7,24,-2.2623,-0.5902,1.16882883e-04
SUR2,7,25,-2.2623,-0.4918,5.84414414e-05
SUR2,7,26,-2.2623,-0.3934,8.76621620e-05
SUR2,7,27,-2.2623,-0.2951,8.76621620e-05
SUR2,7,28,-2.2623,-0.1967,8.76621620e-05
SUR2,7,29,-2.2623,-0.0984,8.76621620e-05
SUR2,7,30,-2.2623,0.0000,5.84414414e-05
SUR2,7,31,-2.2623,0.0984,2.92207207e-05
SUR2,7,32,-2.2623,0.1967,1.46103603e-04
SUR2,7,33,-2.2623,0.2951,8.76621620e-05
SUR2,7,34,-2.2623,0.3934,8.76621620e-05
SUR2,7,35,-2.2623,0.4918,1.75324324e-04
SUR2,7,36,-2.2623,0.5902,8.76621620e-05
SUR2,7,37,-2.2623,0.6885,5.84414414e-05
SUR2,7,38,-2.2623,0.7869,1.16882883e-04
SUR2,7,39,-2.2623,0.8852,2.92207207e-04
SUR2,7,40,-2.2623,0.9836,3.21427927e-04
SUR2,7,41,-2.2623,1.0820,5.84414414e-05
SUR2,7,42,-2.2623,1.1803,1.75324324e-04
SUR2,7,43,-2.2623,1.2787,1.46103603e-04
SUR2,7,44,-2.2623,1.3770,1.75324324e-04
SUR2,7,45,-2.2623,1.4754,8.76621620e-05
SUR2,7,46,-2.2623,1.5738,1.46103603e-04
SUR2,7,47,-2.2623,1.6721,8.76621620e-05
SUR2,7,48,-2.2623,1.7705,1.46103603e-04
SUR2,7,49,-2.2623,1.8689,8.76621620e-05
SUR2,7,50,-2.2623,1.9672,1.16882883e-04
SUR2,7,51,-2.2623,2.0656,2.92207207e-05
SUR2,7,52,-2.2623,2.1639,2.92207207e-05
SUR2,7,53,-2.2623,2.2623,2.92207207e-05
SUR2,7,54,-2.2623,2.3607,1.16882883e-04
SUR2,7,55,-2.2623,2.4590,2.92207207e-05
SUR2,7,56,-2.2623,2.5574,2.92207207e-05
SUR2,7,57,-2.2623,2.6557,5.84414414e-05
SUR2,7,59,-2.2623,2.8525,2.92207207e-05
SUR2,7,60,-2.2623,2.9508,2.92207207e-05
SUR2,8,0,-2.1639,-2.9508,2.92207207e-05
SUR2,8,1,-2.1639,-2.8525,2.92207207e-05
SUR2,8,2,-2.1639,-2.7541,2.92207207e-05
SUR2,8,8,-2.1639,-2.1639,5.84414414e-05
SUR2,8,10,-2.1639,-1.9672,2.92207207e-05
SUR2,8,13,-2.1639,-1.6721,2.92207207e-05
SUR2,8,14,-2.1639,-1.5738,2.92207207e-05
SUR2,8,15,-2.1639,-1.4754,2.92207207e-05
SUR2,8,16,-2.1639,-1.3770,2.92207207e-05
SUR2,8,17,-2.1639,-1.2787,8.76621620e-05
SUR2,8,18,-2.1639,-1.1803,8.76621620e-05
SUR2,8,19,-2.1639,-1.0820,8.76621620e-05
SUR2,8,20,-2.1639,-0.9836,2.92207207e-05
SUR2,8,21,-2.1639,-0.8852,1.75324324e-04
SUR2,8,22,-2.1639,-0.7869,1.75324324e-04
SUR2,8,23,-2.1639,-0.6885,2.04545045e-04
SUR2,8,24,-2.1639,-0.5902,5.84414414e-05
SUR2,8,25,-2.1639,-0.4918,2.33765765e-04
SUR2,8,26,-2.1639,-0.3934,8.76621620e-05
SUR2,8,27,-2.1639,-0.2951,1.75324324e-04
SUR2,8,28,-2.1639,-0.1967,5.84414414e-05
SUR2,8,29,-2.1639,-0.0984,8.76621620e-05
SUR2,8,30,-2.1639,0.0000,1.46103603e-04
SUR2,8,31,-2.1639,0.0984,2.92207207e-05
SUR2,8,32,-2.1639,0.1967,1.16882883e-04
SUR2,8,33,-2.1639,0.2951,5.84414414e-05
SUR2,8,34,-2.1639,0.3934,8.76621620e-05
SUR2,8,35,-2.1639,0.4918,1.75324324e-04
SUR2,8,36,-2.1639,0.5902,1.16882883e-04
SUR2,8,37,-2.1639,0.6885,1.46103603e-04
SUR2,8,38,-2.1639,0.7869,1.46103603e-04
SUR2,8,39,-2.1639,0.8852,1.46103603e-04
SUR2,8,40,-2.1639,0.9836,2.33765765e-04
SUR2,8,41,-2.1639,1.0820,2.62986486e-04
SUR2,8,42,-2.1639,1.1803,1.75324324e-04
SUR2,8,43,-2.1639,1.2787,8.76621620e-05
SUR2,8,44,-2.1639,1.3770,2.04545045e-04
SUR2,8,45,-2.1639,1.4754,1.16882883e-04
SUR2,8,46,-2.1639,1.5738,2.04545045e-04
SUR2,8,47,-2.1639,1.6721,5.84414414e-05
SUR2,8,48,-2.1639,1.7705,2.92207207e-05
SUR2,8,49,-2.1639,1.8689,1.16882883e-04
SUR2,8,50,-2.1639,1.9672,2.33765765e-04
SUR2,8,51,-2.1639,2.0656,1.16882883e-04
SUR2,8,52,-2.1639,2.1639,2.92207207e-05
SUR2,8,54,-2.1639,2.3607,8.76621620e-05
SUR2,8,55,-2.1639,2.4590,2.92207207e-05
SUR2,8,57,-2.1639,2.6557,5.84414414e-05
SUR2,8,58,-2.1639,2.7541,5.84414414e-05
SUR2,8,59,-2.1639,2.8525,2.92207207e-05
SUR2,8,60,-2.1639,2.9508,1.16882883e-04
SUR2,9,0,-2.0656,-2.9508,2.92207207e-05
SUR2,9,1,-2.0656,-2.8525,1.16882883e-04
SUR2,9,2,-2.0656,-2.7541,5.84414414e-05
SUR2,9,8,-2.0656,-2.1639,5.84414414e-05
SUR2,9,11,-2.0656,-1.8689,5.84414414e-05
SUR2,9,13,-2.0656,-1.6721,5.84414414e-05
SUR2,9,14,-2.0656,-1.5738,2.92207207e-05
SUR2,9,15,-2.0656,-1.4754,2.92207207e-05
SUR2,9,16,-2.0656,-1.3770,2.92207207e-05
SUR2,9,17,-2.0656,-1.2787,8.76621620e-05
SUR2,9,18,-2.0656,-1.1803,5.84414414e-05
SUR2,9,19,-2.0656,-1.0820,2.62986486e-04
SUR2,9,20,-2.0656,-0.9836,8.76621620e-05
SUR2,9,21,-2.0656,-0.8852,3.79869369e-04
SUR2,9,22,-2.0656,-0.7869,4.38310810e-04
SUR2,9,23,-2.0656,-0.6885,3.21427927e-04
SUR2,9,24,-2.0656,-0.5902,1.46103603e-04
SUR2,9,25,-2.0656,-0.4918,3.50648648e-04
SUR2,9,26,-2.0656,-0.3934,2.04545045e-04
SUR2,9,27,-2.0656,-0.2951,8.76621620e-05
SUR2,9,28,-2.0656,-0.1967,1.75324324e-04
SUR2,9,29,-2.0656,-0.0984,8.76621620e-05
SUR2,9,30,-2.0656,0.0000,1.46103603e-04
SUR2,9,31,-2.0656,0.0984,1.75324324e-04
SUR2,9,32,-2.0656,0.1967,1.46103603e-04
SUR2,9,33,-2.0656,0.2951,4.38310810e-04
SUR2,9,34,-2.0656,0.3934,3.79869369e-04
SUR2,9,35,-2.0656,0.4918,1.46103603e-04
SUR2,9,36,-2.0656,0.5902,2.33765765e-04
SUR2,9,37,-2.0656,0.6885,2.04545045e-04
SUR2,9,38,-2.0656,0.7869,2.62986486e-04
SUR2,9,39,-2.0656,0.8852,2.04545045e-04
SUR2,9,40,-2.0656,0.9836,1.75324324e-04
SUR2,9,41,-2.0656,1.0820,3.50648648e-04
SUR2,9,42,-2.0656,1.1803,2.92207207e-04
SUR2,9,43,-2.0656,1.2787,2.62986486e-04
SUR2,9,44,-2.0656,1.3770,1.46103603e-04
SUR2,9,45,-2.0656,1.4754,3.50648648e-04
SUR2,9,46,-2.0656,1.5738,2.62986486e-04
SUR2,9,47,-2.0656,1.6721,5.84414414e-05
SUR2,9,48,-2.0656,1.7705,5.84414414e-05
SUR2,9,49,-2.0656,1.8689,2.92207207e-05
SUR2,9,50,-2.0656,1.9672,8.76621620e-05
SUR2,9,51,-2.0656,2.0656,8.76621620e-05
SUR2,9,52,-2.0656,2.1639,1.16882883e-04
SUR2,9,55,-2.0656,2.4590,5.84414414e-05
SUR2,9,56,-2.0656,2.5574,2.92207207e-05
SUR2,9,57,-2.0656,2.6557,5.84414414e-05
SUR2,9,58,-2.0656,2.7541,2.92207207e-05
SUR2,9,59,-2.0656,2.8525,2.92207207e-05
SUR2,10,0,-1.9672,-2.9508,8.76621620e-05
SUR2,10,1,-1.9672,-2.8525,8.76621620e-05
SUR2,10,2,-1.9672,-2.7541,5.84414414e-05
SUR2,10,4,-1.9672,-2.5574,2.92207207e-05
SUR2,10,8,-1.9672,-2.1639,2.92207207e-05
SUR2,10,9,-1.9672,-2.0656,2.92207207e-05
SUR2,10,10,-1.9672,-1.9672,5.84414414e-05
SUR2,10,12,-1.9672,-1.7705,2.92207207e-05
SUR2,10,13,-1.9672,-1.6721,5.84414414e-05
SUR2,10,14,-1.9672,-1.5738,1.16882883e-04
SUR2,10,15,-1.9672,-1.4754,2.92207207e-05
SUR2,10,16,-1.9672,-1.3770,1.16882883e-04
SUR2,10,17,-1.9672,-1.2787,1.16882883e-04
SUR2,10,18,-1.9672,-1.1803,1.46103603e-04
SUR2,10,19,-1.9672,-1.0820,2.33765765e-04
SUR2,10,20,-1.9672,-0.9836,1.75324324e-04
SUR2,10,21,-1.9672,-0.8852,3.21427927e-04
SUR2,10,22,-1.9672,-0.7869,1.75324324e-04
SUR2,10,23,-1.9672,-0.6885,2.33765765e-04
SUR2,10,24,-1.9672,-0.5902,2.04545045e-04
SUR2,10,25,-1.9672,-0.4918,2.04545045e-04
SUR2,10,26,-1.9672,-0.3934,3.50648648e-04
SUR2,10,27,-1.9672,-0.2951,2.62986486e-04
SUR2,10,28,-1.9672,-0.1967,2.92207207e-04
SUR2,10,29,-1.9672,-0.0984,8.76621620e-05
SUR2,10,30,-1.9672,0.0000,2.62986486e-04
SUR2,10,31,-1.9672,0.0984,1.75324324e-04
SUR2,10,32,-1.9672,0.1967,1.75324324e-04
SUR2,10,33,-1.9672,0.2951,1.75324324e-04
SUR2,10,34,-1.9672,0.3934,2.33765765e-04
SUR2,10,35,-1.9672,0.4918,3.79869369e-04
SUR2,10,36,-1.9672,0.5902,3.79869369e-04
SUR2,10,37,-1.9672,0.6885,2.62986486e-04
SUR2,10,38,-1.9672,0.7869,1.46103603e-04
SUR2,10,39,-1.9672,0.8852,1.75324324e-04
SUR2,10,40,-1.9672,0.9836,4.96752252e-04
SUR2,10,41,-1.9672,1.0820,4.09090090e-04
SUR2,10,42,-1.9672,1.1803,4.09090090e-04
SUR2,10,43,-1.9672,1.2787,2.62986486e-04
SUR2,10,44,-1.9672,1.3770,3.50648648e-04
SUR2,10,45,-1.9672,1.4754,1.75324324e-04
SUR2,10,46,-1.9672,1.5738,2.33765765e-04
SUR2,10,47,-1.9672,1.6721,1.75324324e-04
SUR2,10,48,-1.9672,1.7705,5.84414414e-05
SUR2,10,49,-1.9672,1.8689,8.76621620e-05
SUR2,10,50,-1.9672,1.9672,8.76621620e-05
SUR2,10,51,-1.9672,2.0656,1.16882883e-04
SUR2,10,52,-1.9672,2.1639,5.84414414e-05
SUR2,10,53,-1.9672,2.2623,8.76621620e-05
SUR2,10,54,-1.9672,2.3607,8.76621620e-05
SUR2,10,55,-1.9672,2.4590,5.84414414e-05
SUR2,10,56,-1.9672,2.5574,5.84414414e-05
SUR2,10,58,-1.9672,2.7541,8.76621620e-05
SUR2,10,60,-1.9672,2.9508,5.84414414e-05
SUR2,11,0,-1.8689,-2.9508,5.84414414e-05
SUR2,11,2,-1.8689,-2.7541,8.76621620e-05
SUR2,11,3,-1.8689,-2.6557,8.76621620e-05
SUR2,11,4,-1.8689,-2.5574,2.92207207e-05
SUR2,11,5,-1.8689,-2.4590,2.92207207e-05
SUR2,11,6,-1.8689,-2.3607,2.92207207e-05
SUR2,11,8,-1.8689,-2.1639,2.92207207e-05
SUR2,11,10,-1.8689,-1.9672,5.84414414e-05
SUR2,11,13,-1.8689,-1.6721,2.92207207e-05
SUR2,11,14,-1.8689,-1.5738,2.92207207e-05
SUR2,11,16,-1.8689,-1.3770,5.84414414e-05
SUR2,11,17,-1.8689,-1.2787,8.76621620e-05
SUR2,11,18,-1.8689,-1.1803,2.04545045e-04
SUR2,11,19,-1.8689,-1.0820,2.92207207e-04
SUR2,11,20,-1.8689,-0.9836,4.96752252e-04
SUR2,11,21,-1.8689,-0.8852,4.67531531e-04
SUR2,11,22,-1.8689,-0.7869,3.21427927e-04
SUR2,11,23,-1.8689,-0.6885,2.33765765e-04
SUR2,11,24,-1.8689,-0.5902,2.33765765e-04
SUR2,11,25,-1.8689,-0.4918,2.92207207e-04
SUR2,11,26,-1.8689,-0.3934,1.16882883e-04
SUR2,11,27,-1.8689,-0.2951,3.21427927e-04
SUR2,11,28,-1.8689,-0.1967,2.33765765e-04
SUR2,11,29,-1.8689,-0.0984,2.04545045e-04
SUR2,11,30,-1.8689,0.0000,2.04545045e-04
SUR2,11,31,-1.8689,0.0984,3.50648648e-04
SUR2,11,32,-1.8689,0.1967,3.79869369e-04
SUR2,11,33,-1.8689,0.2951,4.09090090e-04
SUR2,11,34,-1.8689,0.3934,4.67531531e-04
SUR2,11,35,-1.8689,0.4918,1.16882883e-04
SUR2,11,36,-1.8689,0.5902,4.09090090e-04
SUR2,11,37,-1.8689,0.6885,3.21427927e-04
SUR2,11,38,-1.8689,0.7869,2.92207207e-04
SUR2,11,39,-1.8689,0.8852,4.96752252e-04
SUR2,11,40,-1.8689,0.9836,1.16882883e-04
SUR2,11,41,-1.8689,1.0820,2.92207207e-04
SUR2,11,42,-1.8689,1.1803,4.38310810e-04
SUR2,11,43,-1.8689,1.2787,4.67531531e-04
SUR2,11,44,-1.8689,1.3770,3.79869369e-04
SUR2,11,45,-1.8689,1.4754,2.33765765e-04
SUR2,11,46,-1.8689,1.5738,1.75324324e-04
SUR2,11,47,-1.8689,1.6721,2.33765765e-04
SUR2,11,48,-1.8689,1.7705,2.92207207e-04
SUR2,11,49,-1.8689,1.8689,2.62986486e-04
SUR2,11,50,-1.8689,1.9672,1.46103603e-04
SUR2,11,51,-1.8689,2.0656,8.76621620e-05
SUR2,11,52,-1.8689,2.1639,5.84414414e-05
SUR2,11,53,-1.8689,2.2623,1.16882883e-04
SUR2,11,54,-1.8689,2.3607,8.76621620e-05
SUR2,11,55,-1.8689,2.4590,2.92207207e-05
SUR2,11,56,-1.8689,2.5574,5.84414414e-05
SUR2,11,57,-1.8689,2.6557,8.76621620e-05
SUR2,11,58,-1.8689,2.7541,5.84414414e-05
SUR2,11,60,-1.8689,2.9508,8.76621620e-05
SUR2,12,0,-1.7705,-2.9508,2.92207207e-05
SUR2,12,2,-1.7705,-2.7541,1.46103603e-04
SUR2,12,3,-1.7705,-2.6557,1.46103603e-04
SUR2,12,4,-1.7705,-2.5574,8.76621620e-05
SUR2,12,6,-1.7705,-2.3607,2.92207207e-05
SUR2,12,8,-1.7705,-2.1639,2.92207207e-05
SUR2,12,9,-1.7705,-2.0656,2.92207207e-05
SUR2,12,13,-1.7705,-1.6721,8.76621620e-05
SUR2,12,14,-1.7705,-1.5738,2.92207207e-05
SUR2,12,15,-1.7705,-1.4754,1.46103603e-04
SUR2,12,16,-1.7705,-1.3770,1.46103603e-04
SUR2,12,17,-1.7705,-1.2787,1.16882883e-04
SUR2,12,18,-1.7705,-1.1803,2.62986486e-04
SUR2,12,19,-1.7705,-1.0820,2.33765765e-04
SUR2,12,20,-1.7705,-0.9836,5.25972972e-04
SUR2,12,21,-1.7705,-0.8852,5.55193693e-04
SUR2,12,22,-1.7705,-0.7869,3.50648648e-04
SUR2,12,23,-1.7705,-0.6885,4.67531531e-04
SUR2,12,24,-1.7705,-0.5902,5.55193693e-04
SUR2,12,25,-1.7705,-0.4918,2.33765765e-04
SUR2,12,26,-1.7705,-0.3934,2.92207207e-04
SUR2,12,27,-1.7705,-0.2951,3.79869369e-04
SUR2,12,28,-1.7705,-0.1967,3.21427927e-04
SUR2,12,29,-1.7705,-0.0984,4.67531531e-04
SUR2,12,30,-1.7705,0.0000,4.38310810e-04
SUR2,12,31,-1.7705,0.0984,5.84414414e-04
SUR2,12,32,-1.7705,0.1967,3.50648648e-04
SUR2,12,33,-1.7705,0.2951,6.42855855e-04
SUR2,12,34,-1.7705,0.3934,4.38310810e-04
SUR2,12,35,-1.7705,0.4918,4.38310810e-04
SUR2,12,36,-1.7705,0.5902,3.79869369e-04
SUR2,12,37,-1.7705,0.6885,5.84414414e-04
SUR2,12,38,-1.7705,0.7869,4.09090090e-04
SUR2,12,39,-1.7705,0.8852,3.21427927e-04
SUR2,12,40,-1.7705,0.9836,7.01297296e-04
SUR2,12,41,-1.7705,1.0820,4.09090090e-04
SUR2,12,42,-1.7705,1.1803,5.55193693e-04
SUR2,12,43,-1.7705,1.2787,6.72076576e-04
SUR2,12,44,-1.7705,1.3770,4.38310810e-04
SUR2,12,45,-1.7705,1.4754,4.09090090e-04
SUR2,12,46,-1.7705,1.5738,2.04545045e-04
SUR2,12,47,-1.7705,1.6721,2.33765765e-04
SUR2,12,48,-1.7705,1.7705,2.33765765e-04
SUR2,12,49,-1.7705,1.8689,2.04545045e-04
SUR2,12,50,-1.7705,1.9672,2.92207207e-04
SUR2,12,51,-1.7705,2.0656,2.04545045e-04
SUR2,12,52,-1.7705,2.1639,2.92207207e-05
SUR2,12,53,-1.7705,2.2623,1.16882883e-04
SUR2,12,54,-1.7705,2.3607,1.46103603e-04
SUR2,12,55,-1.7705,2.4590,8.76621620e-05
SUR2,12,56,-1.7705,2.5574,1.46103603e-04
SUR2,12,57,-1.7705,2.6557,5.84414414e-05
SUR2,12,58,-1.7705,2.7541,1.16882883e-04
SUR2,12,59,-1.7705,2.8525,5.84414414e-05
SUR2,12,60,-1.7705,2.9508,5.84414414e-05
SUR2,13,1,-1.6721,-2.8525,2.92207207e-05
SUR2,13,2,-1.6721,-2.7541,8.76621620e-05
SUR2,13,3,-1.6721,-2.6557,2.92207207e-05
SUR2,13,4,-1.6721,-2.5574,1.16882883e-04
SUR2,13,5,-1.6721,-2.4590,5.84414414e-05
SUR2,13,6,-1.6721,-2.3607,2.92207207e-05
SUR2,13,7,-1.6721,-2.2623,2.92207207e-05
SUR2,13,9,-1.6721,-2.0656,2.92207207e-05
SUR2,13,10,-1.6721,-1.9672,2.92207207e-05
SUR2,13,11,-1.6721,-1.8689,5.84414414e-05
SUR2,13,12,-1.6721,-1.7705,5.84414414e-05
SUR2,13,13,-1.6721,-1.6721,5.84414414e-05
SUR2,13,15,-1.6721,-1.4754,1.75324324e-04
SUR2,13,16,-1.6721,-1.3770,2.92207207e-04
SUR2,13,17,-1.6721,-1.2787,5.84414414e-04
SUR2,13,18,-1.6721,-1.1803,2.04545045e-04
SUR2,13,19,-1.6721,-1.0820,3.79869369e-04
SUR2,13,20,-1.6721,-0.9836,7.59738738e-04
SUR2,13,21,-1.6721,-0.8852,6.42855855e-04
SUR2,13,22,-1.6721,-0.7869,7.01297296e-04
SUR2,13,23,-1.6721,-0.6885,3.79869369e-04
SUR2,13,24,-1.6721,-0.5902,6.42855855e-04
SUR2,13,25,-1.6721,-0.4918,4.96752252e-04
SUR2,13,26,-1.6721,-0.3934,2.92207207e-04
SUR2,13,27,-1.6721,-0.2951,7.01297296e-04
SUR2,13,28,-1.6721,-0.1967,7.30518017e-04
SUR2,13,29,-1.6721,-0.0984,7.59738738e-04
SUR2,13,30,-1.6721,0.0000,7.30518017e-04
SUR2,13,31,-1.6721,0.0984,7.59738738e-04
SUR2,13,32,-1.6721,0.1967,6.72076576e-04
SUR2,13,33,-1.6721,0.2951,8.18180179e-04
SUR2,13,34,-1.6721,0.3934,4.38310810e-04
SUR2,13,35,-1.6721,0.4918,4.96752252e-04
SUR2,13,36,-1.6721,0.5902,6.13635134e-04
SUR2,13,37,-1.6721,0.6885,7.88959458e-04
SUR2,13,38,-1.6721,0.7869,3.21427927e-04
SUR2,13,39,-1.6721,0.8852,5.55193693e-04
SUR2,13,40,-1.6721,0.9836,6.72076576e-04
SUR2,13,41,-1.6721,1.0820,1.05194594e-03
SUR2,13,42,-1.6721,1.1803,1.05194594e-03
SUR2,13,43,-1.6721,1.2787,4.96752252e-04
SUR2,13,44,-1.6721,1.3770,5.25972972e-04
SUR2,13,45,-1.6721,1.4754,5.84414414e-04
SUR2,13,46,-1.6721,1.5738,6.42855855e-04
SUR2,13,47,-1.6721,1.6721,5.25972972e-04
SUR2,13,48,-1.6721,1.7705,2.92207207e-04
SUR2,13,49,-1.6721,1.8689,4.09090090e-04
SUR2,13,50,-1.6721,1.9672,2.62986486e-04
SUR2,13,51,-1.6721,2.0656,1.75324324e-04
SUR2,13,52,-1.6721,2.1639,5.84414414e-05
SUR2,13,53,-1.6721,2.2623,2.04545045e-04
SUR2,13,54,-1.6721,2.3607,5.84414414e-05
SUR2,13,55,-1.6721,2.4590,5.84414414e-05
SUR2,13,56,-1.6721,2.5574,2.04545045e-04
SUR2,13,57,-1.6721,2.6557,8.76621620e-05
SUR2,13,58,-1.6721,2.7541,1.16882883e-04
SUR2,13,59,-1.6721,2.8525,1.16882883e-04
SUR2,13,60,-1.6721,2.9508,1.16882883e-04
SUR2,14,2,-1.5738,-2.7541,5.84414414e-05
SUR2,14,3,-1.5738,-2.6557,8.76621620e-05
SUR2,14,5,-1.5738,-2.4590,2.33765765e-04
SUR2,14,6,-1.5738,-2.3607,8.76621620e-05
SUR2,14,7,-1.5738,-2.2623,2.92207207e-05
SUR2,14,8,-1.5738,-2.1639,5.84414414e-05
SUR2,14,9,-1.5738,-2.0656,8.76621620e-05
SUR2,14,10,-1.5738,-1.9672,2.92207207e-05
SUR2,14,12,-1.5738,-1.7705,8.76621620e-05
SUR2,14,13,-1.5738,-1.6721,8.76621620e-05
SUR2,14,14,-1.5738,-1.5738,1.16882883e-04
SUR2,14,15,-1.5738,-1.4754,2.33765765e-04
SUR2,14,16,-1.5738,-1.3770,2.62986486e-04
SUR2,14,17,-1.5738,-1.2787,5.25972972e-04
SUR2,14,18,-1.5738,-1.1803,7.59738738e-04
SUR2,14,19,-1.5738,-1.0820,5.84414414e-04
SUR2,14,20,-1.5738,-0.9836,5.84414414e-04
SUR2,14,21,-1.5738,-0.8852,8.47400900e-04
SUR2,14,22,-1.5738,-0.7869,9.05842341e-04
SUR2,14,23,-1.5738,-0.6885,7.30518017e-04
SUR2,14,24,-1.5738,-0.5902,6.72076576e-04
SUR2,14,25,-1.5738,-0.4918,7.01297296e-04
SUR2,14,26,-1.5738,-0.3934,7.59738738e-04
SUR2,14,27,-1.5738,-0.2951,5.84414414e-04
SUR2,14,28,-1.5738,-0.1967,4.38310810e-04
SUR2,14,29,-1.5738,-0.0984,9.05842341e-04
SUR2,14,30,-1.5738,0.0000,9.93504503e-04
SUR2,14,31,-1.5738,0.0984,6.72076576e-04
SUR2,14,32,-1.5738,0.1967,6.72076576e-04
SUR2,14,33,-1.5738,0.2951,8.18180179e-04
SUR2,14,34,-1.5738,0.3934,9.05842341e-04
SUR2,14,35,-1.5738,0.4918,1.22727027e-03
SUR2,14,36,-1.5738,0.5902,6.42855855e-04
SUR2,14,37,-1.5738,0.6885,1.02272522e-03
SUR2,14,38,-1.5738,0.7869,1.16882883e-03
SUR2,14,39,-1.5738,0.8852,9.93504503e-04
SUR2,14,40,-1.5738,0.9836,9.35063062e-04
SUR2,14,41,-1.5738,1.0820,7.88959458e-04
SUR2,14,42,-1.5738,1.1803,7.59738738e-04
SUR2,14,43,-1.5738,1.2787,6.13635134e-04
SUR2,14,44,-1.5738,1.3770,9.35063062e-04
SUR2,14,45,-1.5738,1.4754,7.30518017e-04
SUR2,14,46,-1.5738,1.5738,8.18180179e-04
SUR2,14,47,-1.5738,1.6721,6.13635134e-04
SUR2,14,48,-1.5738,1.7705,7.01297296e-04
SUR2,14,49,-1.5738,1.8689,4.96752252e-04
SUR2,14,50,-1.5738,1.9672,4.38310810e-04
SUR2,14,51,-1.5738,2.0656,4.38310810e-04
SUR2,14,52,-1.5738,2.1639,4.38310810e-04
SUR2,14,53,-1.5738,2.2623,2.92207207e-05
SUR2,14,54,-1.5738,2.3607,1.46103603e-04
SUR2,14,55,-1.5738,2.4590,8.76621620e-05
SUR2,14,56,-1.5738,2.5574,2.04545045e-04
SUR2,14,57,-1.5738,2.6557,5.84414414e-05
SUR2,14,58,-1.5738,2.7541,1.16882883e-04
SUR2,14,59,-1.5738,2.8525,1.16882883e-04
SUR2,14,60,-1.5738,2.9508,1.46103603e-04
SUR2,15,4,-1.4754,-2.5574,1.16882883e-04
SUR2,15,5,-1.4754,-2.4590,1.46103603e-04
SUR2,15,6,-1.4754,-2.3607,2.92207207e-04
SUR2,15,8,-1.4754,-2.1639,2.92207207e-05
SUR2,15,9,-1.4754,-2.0656,1.16882883e-04
SUR2,15,10,-1.4754,-1.9672,5.84414414e-05
SUR2,15,11,-1.4754,-1.8689,2.92207207e-05
SUR2,15,12,-1.4754,-1.7705,1.16882883e-04
SUR2,15,13,-1.4754,-1.6721,1.75324324e-04
SUR2,15,14,-1.4754,-1.5738,1.46103603e-04
SUR2,15,15,-1.4754,-1.4754,3.50648648e-04
SUR2,15,16,-1.4754,-1.3770,4.09090090e-04
SUR2,15,17,-1.4754,-1.2787,3.50648648e-04
SUR2,15,18,-1.4754,-1.1803,6.42855855e-04
SUR2,15,19,-1.4754,-1.0820,8.18180179e-04
SUR2,15,20,-1.4754,-0.9836,6.13635134e-04
SUR2,15,21,-1.4754,-0.8852,6.72076576e-04
SUR2,15,22,-1.4754,-0.7869,8.18180179e-04
SUR2,15,23,-1.4754,-0.6885,7.88959458e-04
SUR2,15,24,-1.4754,-0.5902,8.18180179e-04
SUR2,15,25,-1.4754,-0.4918,1.02272522e-03
SUR2,15,26,-1.4754,-0.3934,7.88959458e-04
SUR2,15,27,-1.4754,-0.2951,1.16882883e-03
SUR2,15,28,-1.4754,-0.1967,1.16882883e-03
SUR2,15,29,-1.4754,-0.0984,8.47400900e-04
SUR2,15,30,-1.4754,0.0000,8.76621620e-04
SUR2,15,31,-1.4754,0.0984,1.11038739e-03
SUR2,15,32,-1.4754,0.1967,1.19804955e-03
SUR2,15,33,-1.4754,0.2951,1.13960811e-03
SUR2,15,34,-1.4754,0.3934,1.40259459e-03
SUR2,15,35,-1.4754,0.4918,1.37337387e-03
SUR2,15,36,-1.4754,0.5902,1.34415315e-03
SUR2,15,37,-1.4754,0.6885,1.05194594e-03
SUR2,15,38,-1.4754,0.7869,1.19804955e-03
SUR2,15,39,-1.4754,0.8852,1.22727027e-03
SUR2,15,40,-1.4754,0.9836,1.37337387e-03
SUR2,15,41,-1.4754,1.0820,1.34415315e-03
SUR2,15,42,-1.4754,1.1803,1.49025675e-03
SUR2,15,43,-1.4754,1.2787,1.13960811e-03
SUR2,15,44,-1.4754,1.3770,1.57791892e-03
SUR2,15,45,-1.4754,1.4754,1.08116667e-03
SUR2,15,46,-1.4754,1.5738,9.05842341e-04
SUR2,15,47,-1.4754,1.6721,8.47400900e-04
SUR2,15,48,-1.4754,1.7705,1.25649099e-03
SUR2,15,49,-1.4754,1.8689,5.25972972e-04
SUR2,15,50,-1.4754,1.9672,3.21427927e-04
SUR2,15,51,-1.4754,2.0656,6.42855855e-04
SUR2,15,52,-1.4754,2.1639,3.21427927e-04
SUR2,15,53,-1.4754,2.2623,2.33765765e-04
SUR2,15,54,-1.4754,2.3607,2.33765765e-04
SUR2,15,55,-1.4754,2.4590,2.33765765e-04
SUR2,15,56,-1.4754,2.5574,1.46103603e-04
SUR2,15,57,-1.4754,2.6557,2.92207207e-05
SUR2,15,58,-1.4754,2.7541,5.84414414e-05
SUR2,15,60,-1.4754,2.9508,8.76621620e-05
SUR2,16,4,-1.3770,-2.5574,2.92207207e-05
SUR2,16,5,-1.3770,-2.4590,1.46103603e-04
SUR2,16,6,-1.3770,-2.3607,2.92207207e-04
SUR2,16,7,-1.3770,-2.2623,3.21427927e-04
SUR2,16,8,-1.3770,-2.1639,1.75324324e-04
SUR2,16,9,-1.3770,-2.0656,2.04545045e-04
SUR2,16,10,-1.3770,-1.9672,8.76621620e-05
SUR2,16,11,-1.3770,-1.8689,2.04545045e-04
SUR2,16,12,-1.3770,-1.7705,2.33765765e-04
SUR2,16,13,-1.3770,-1.6721,2.04545045e-04
SUR2,16,14,-1.3770,-1.5738,2.92207207e-04
SUR2,16,15,-1.3770,-1.4754,5.55193693e-04
SUR2,16,16,-1.3770,-1.3770,4.67531531e-04
SUR2,16,17,-1.3770,-1.2787,4.38310810e-04
SUR2,16,18,-1.3770,-1.1803,6.72076576e-04
SUR2,16,19,-1.3770,-1.0820,1.22727027e-03
SUR2,16,20,-1.3770,-0.9836,8.18180179e-04
SUR2,16,21,-1.3770,-0.8852,8.47400900e-04
SUR2,16,22,-1.3770,-0.7869,8.47400900e-04
SUR2,16,23,-1.3770,-0.6885,1.19804955e-03
SUR2,16,24,-1.3770,-0.5902,9.05842341e-04
SUR2,16,25,-1.3770,-0.4918,1.31493243e-03
SUR2,16,26,-1.3770,-0.3934,1.02272522e-03
SUR2,16,27,-1.3770,-0.2951,1.40259459e-03
SUR2,16,28,-1.3770,-0.1967,1.37337387e-03
SUR2,16,29,-1.3770,-0.0984,1.92856756e-03
SUR2,16,30,-1.3770,0.0000,1.51947748e-03
SUR2,16,31,-1.3770,0.0984,1.66558108e-03
SUR2,16,32,-1.3770,0.1967,1.60713964e-03
SUR2,16,33,-1.3770,0.2951,1.40259459e-03
SUR2,16,34,-1.3770,0.3934,1.60713964e-03
SUR2,16,35,-1.3770,0.4918,1.95778829e-03
SUR2,16,36,-1.3770,0.5902,1.66558108e-03
SUR2,16,37,-1.3770,0.6885,1.63636036e-03
SUR2,16,38,-1.3770,0.7869,1.46103603e-03
SUR2,16,39,-1.3770,0.8852,1.81168468e-03
SUR2,16,40,-1.3770,0.9836,1.69480180e-03
SUR2,16,41,-1.3770,1.0820,2.01622973e-03
SUR2,16,42,-1.3770,1.1803,1.54869820e-03
SUR2,16,43,-1.3770,1.2787,1.37337387e-03
SUR2,16,44,-1.3770,1.3770,1.40259459e-03
SUR2,16,45,-1.3770,1.4754,1.13960811e-03
SUR2,16,46,-1.3770,1.5738,1.08116667e-03
SUR2,16,47,-1.3770,1.6721,1.78246396e-03
SUR2,16,48,-1.3770,1.7705,9.35063062e-04
SUR2,16,49,-1.3770,1.8689,8.76621620e-04
SUR2,16,50,-1.3770,1.9672,9.05842341e-04
SUR2,16,51,-1.3770,2.0656,4.09090090e-04
SUR2,16,52,-1.3770,2.1639,3.79869369e-04
SUR2,16,53,-1.3770,2.2623,3.21427927e-04
SUR2,16,54,-1.3770,2.3607,2.62986486e-04
SUR2,16,55,-1.3770,2.4590,2.04545045e-04
SUR2,16,56,-1.3770,2.5574,1.46103603e-04
SUR2,16,57,-1.3770,2.6557,1.75324324e-04
SUR2,16,58,-1.3770,2.7541,1.75324324e-04
SUR2,16,59,-1.3770,2.8525,2.62986486e-04
SUR2,16,60,-1.3770,2.9508,1.16882883e-04
SUR2,17,3,-1.2787,-2.6557,2.92207207e-05
SUR2,17,4,-1.2787,-2.5574,8.76621620e-05
SUR2,17,5,-1.2787,-2.4590,3.50648648e-04
SUR2,17,6,-1.2787,-2.3607,3.79869369e-04
SUR2,17,7,-1.2787,-2.2623,3.79869369e-04
SUR2,17,8,-1.2787,-2.1639,3.79869369e-04
SUR2,17,9,-1.2787,-2.0656,2.33765765e-04
SUR2,17,10,-1.2787,-1.9672,2.04545045e-04
SUR2,17,11,-1.2787,-1.8689,1.75324324e-04
SUR2,17,12,-1.2787,-1.7705,4.09090090e-04
SUR2,17,13,-1.2787,-1.6721,4.09090090e-04
SUR2,17,14,-1.2787,-1.5738,5.84414414e-04
SUR2,17,15,-1.2787,-1.4754,4.96752252e-04
SUR2,17,16,-1.2787,-1.3770,6.42855855e-04
SUR2,17,17,-1.2787,-1.2787,6.13635134e-04
SUR2,17,18,-1.2787,-1.1803,1.16882883e-03
SUR2,17,19,-1.2787,-1.0820,8.47400900e-04
SUR2,17,20,-1.2787,-0.9836,1.31493243e-03
SUR2,17,21,-1.2787,-0.8852,1.16882883e-03
SUR2,17,22,-1.2787,-0.7869,1.25649099e-03
SUR2,17,23,-1.2787,-0.6885,1.46103603e-03
SUR2,17,24,-1.2787,-0.5902,1.54869820e-03
SUR2,17,25,-1.2787,-0.4918,1.60713964e-03
SUR2,17,26,-1.2787,-0.3934,1.87012612e-03
SUR2,17,27,-1.2787,-0.2951,2.13311261e-03
SUR2,17,28,-1.2787,-0.1967,2.01622973e-03
SUR2,17,29,-1.2787,-0.0984,2.07467117e-03
SUR2,17,30,-1.2787,0.0000,2.01622973e-03
SUR2,17,31,-1.2787,0.0984,2.10389189e-03
SUR2,17,32,-1.2787,0.1967,2.27921621e-03
SUR2,17,33,-1.2787,0.2951,2.57142342e-03
SUR2,17,34,-1.2787,0.3934,2.19155405e-03
SUR2,17,35,-1.2787,0.4918,2.51298198e-03
SUR2,17,36,-1.2787,0.5902,2.01622973e-03
SUR2,17,37,-1.2787,0.6885,2.51298198e-03
SUR2,17,38,-1.2787,0.7869,2.77596846e-03
SUR2,17,39,-1.2787,0.8852,2.80518919e-03
SUR2,17,40,-1.2787,0.9836,2.71752702e-03
SUR2,17,41,-1.2787,1.0820,2.54220270e-03
SUR2,17,42,-1.2787,1.1803,2.92207207e-03
SUR2,17,43,-1.2787,1.2787,2.39609910e-03
SUR2,17,44,-1.2787,1.3770,2.07467117e-03
SUR2,17,45,-1.2787,1.4754,1.84090540e-03
SUR2,17,46,-1.2787,1.5738,1.49025675e-03
SUR2,17,47,-1.2787,1.6721,1.37337387e-03
SUR2,17,48,-1.2787,1.7705,1.37337387e-03
SUR2,17,49,-1.2787,1.8689,9.93504503e-04
SUR2,17,50,-1.2787,1.9672,7.01297296e-04
SUR2,17,51,-1.2787,2.0656,6.13635134e-04
SUR2,17,52,-1.2787,2.1639,4.67531531e-04
SUR2,17,53,-1.2787,2.2623,4.96752252e-04
SUR2,17,54,-1.2787,2.3607,2.33765765e-04
SUR2,17,55,-1.2787,2.4590,2.04545045e-04
SUR2,17,56,-1.2787,2.5574,1.75324324e-04
SUR2,17,57,-1.2787,2.6557,1.46103603e-04
SUR2,17,58,-1.2787,2.7541,1.75324324e-04
SUR2,17,59,-1.2787,2.8525,1.46103603e-04
SUR2,17,60,-1.2787,2.9508,2.92207207e-05
SUR2,18,4,-1.1803,-2.5574,8.76621620e-05
SUR2,18,5,-1.1803,-2.4590,2.33765765e-04
SUR2,18,6,-1.1803,-2.3607,2.92207207e-04
SUR2,18,7,-1.1803,-2.2623,4.67531531e-04
SUR2,18,8,-1.1803,-2.1639,8.47400900e-04
SUR2,18,9,-1.1803,-2.0656,5.25972972e-04
SUR2,18,10,-1.1803,-1.9672,6.72076576e-04
SUR2,18,11,-1.1803,-1.8689,3.50648648e-04
SUR2,18,12,-1.1803,-1.7705,5.84414414e-04
SUR2,18,13,-1.1803,-1.6721,5.84414414e-04
SUR2,18,14,-1.1803,-1.5738,6.72076576e-04
SUR2,18,15,-1.1803,-1.4754,8.76621620e-04
SUR2,18,16,-1.1803,-1.3770,7.30518017e-04
SUR2,18,17,-1.1803,-1.2787,1.25649099e-03
SUR2,18,18,-1.1803,-1.1803,1.22727027e-03
SUR2,18,19,-1.1803,-1.0820,1.40259459e-03
SUR2,18,20,-1.1803,-0.9836,1.84090540e-03
SUR2,18,21,-1.1803,-0.8852,1.95778829e-03
SUR2,18,22,-1.1803,-0.7869,1.84090540e-03
SUR2,18,23,-1.1803,-0.6885,2.13311261e-03
SUR2,18,24,-1.1803,-0.5902,2.24999549e-03
SUR2,18,25,-1.1803,-0.4918,2.24999549e-03
SUR2,18,26,-1.1803,-0.3934,2.89285135e-03
SUR2,18,27,-1.1803,-0.2951,2.65908558e-03
SUR2,18,28,-1.1803,-0.1967,2.36687838e-03
SUR2,18,29,-1.1803,-0.0984,3.00973423e-03
SUR2,18,30,-1.1803,0.0000,2.92207207e-03
SUR2,18,31,-1.1803,0.0984,4.35388738e-03
SUR2,18,32,-1.1803,0.1967,3.65259009e-03
SUR2,18,33,-1.1803,0.2951,3.65259009e-03
SUR2,18,34,-1.1803,0.3934,3.50648648e-03
SUR2,18,35,-1.1803,0.4918,3.79869369e-03
SUR2,18,36,-1.1803,0.5902,3.27272072e-03
SUR2,18,37,-1.1803,0.6885,3.74025225e-03
SUR2,18,38,-1.1803,0.7869,3.76947297e-03
SUR2,18,39,-1.1803,0.8852,2.83440991e-03
SUR2,18,40,-1.1803,0.9836,3.79869369e-03
SUR2,18,41,-1.1803,1.0820,3.47726576e-03
SUR2,18,42,-1.1803,1.1803,2.80518919e-03
SUR2,18,43,-1.1803,1.2787,2.45454054e-03
SUR2,18,44,-1.1803,1.3770,2.27921621e-03
SUR2,18,45,-1.1803,1.4754,2.07467117e-03
SUR2,18,46,-1.1803,1.5738,1.78246396e-03
SUR2,18,47,-1.1803,1.6721,1.63636036e-03
SUR2,18,48,-1.1803,1.7705,1.51947748e-03
SUR2,18,49,-1.1803,1.8689,8.47400900e-04
SUR2,18,50,-1.1803,1.9672,1.16882883e-03
SUR2,18,51,-1.1803,2.0656,7.59738738e-04
SUR2,18,52,-1.1803,2.1639,4.38310810e-04
SUR2,18,53,-1.1803,2.2623,6.42855855e-04
SUR2,18,54,-1.1803,2.3607,4.09090090e-04
SUR2,18,55,-1.1803,2.4590,2.92207207e-04
SUR2,18,56,-1.1803,2.5574,1.16882883e-04
SUR2,18,57,-1.1803,2.6557,2.92207207e-04
SUR2,18,58,-1.1803,2.7541,1.75324324e-04
SUR2,18,60,-1.1803,2.9508,8.76621620e-05
SUR2,19,1,-1.0820,-2.8525,2.92207207e-05
SUR2,19,2,-1.0820,-2.7541,2.92207207e-05
SUR2,19,4,-1.0820,-2.5574,8.76621620e-05
SUR2,19,5,-1.0820,-2.4590,5.84414414e-05
SUR2,19,6,-1.0820,-2.3607,8.76621620e-05
SUR2,19,7,-1.0820,-2.2623,3.50648648e-04
SUR2,19,8,-1.0820,-2.1639,5.84414414e-04
SUR2,19,9,-1.0820,-2.0656,8.76621620e-04
SUR2,19,10,-1.0820,-1.9672,7.30518017e-04
SUR2,19,11,-1.0820,-1.8689,8.76621620e-04
SUR2,19,12,-1.0820,-1.7705,1.19804955e-03
SUR2,19,13,-1.0820,-1.6721,8.76621620e-04
SUR2,19,14,-1.0820,-1.5738,8.18180179e-04
SUR2,19,15,-1.0820,-1.4754,7.88959458e-04
SUR2,19,16,-1.0820,-1.3770,1.11038739e-03
SUR2,19,17,-1.0820,-1.2787,1.57791892e-03
SUR2,19,18,-1.0820,-1.1803,1.43181531e-03
SUR2,19,19,-1.0820,-1.0820,2.16233333e-03
SUR2,19,20,-1.0820,-0.9836,1.89934684e-03
SUR2,19,21,-1.0820,-0.8852,2.24999549e-03
SUR2,19,22,-1.0820,-0.7869,2.51298198e-03
SUR2,19,23,-1.0820,-0.6885,3.50648648e-03
SUR2,19,24,-1.0820,-0.5902,3.62336936e-03
SUR2,19,25,-1.0820,-0.4918,3.03895495e-03
SUR2,19,26,-1.0820,-0.3934,3.30194144e-03
SUR2,19,27,-1.0820,-0.2951,3.97401801e-03
SUR2,19,28,-1.0820,-0.1967,4.12012162e-03
SUR2,19,29,-1.0820,-0.0984,4.06168017e-03
SUR2,19,30,-1.0820,0.0000,4.44154954e-03
SUR2,19,31,-1.0820,0.0984,4.85063963e-03
SUR2,19,32,-1.0820,0.1967,5.43505405e-03
SUR2,19,33,-1.0820,0.2951,5.96102702e-03
SUR2,19,34,-1.0820,0.3934,5.37661261e-03
SUR2,19,35,-1.0820,0.4918,4.90908107e-03
SUR2,19,36,-1.0820,0.5902,5.81492342e-03
SUR2,19,37,-1.0820,0.6885,5.61037837e-03
SUR2,19,38,-1.0820,0.7869,5.46427477e-03
SUR2,19,39,-1.0820,0.8852,4.93830180e-03
SUR2,19,40,-1.0820,0.9836,4.67531531e-03
SUR2,19,41,-1.0820,1.0820,4.85063963e-03
SUR2,19,42,-1.0820,1.1803,3.65259009e-03
SUR2,19,43,-1.0820,1.2787,3.15583783e-03
SUR2,19,44,-1.0820,1.3770,3.33116216e-03
SUR2,19,45,-1.0820,1.4754,2.80518919e-03
SUR2,19,46,-1.0820,1.5738,2.16233333e-03
SUR2,19,47,-1.0820,1.6721,2.57142342e-03
SUR2,19,48,-1.0820,1.7705,1.46103603e-03
SUR2,19,49,-1.0820,1.8689,1.37337387e-03
SUR2,19,50,-1.0820,1.9672,1.08116667e-03
SUR2,19,51,-1.0820,2.0656,7.01297296e-04
SUR2,19,52,-1.0820,2.1639,7.01297296e-04
SUR2,19,53,-1.0820,2.2623,5.84414414e-04
SUR2,19,54,-1.0820,2.3607,5.25972972e-04
SUR2,19,55,-1.0820,2.4590,5.25972972e-04
SUR2,19,56,-1.0820,2.5574,3.21427927e-04
SUR2,19,57,-1.0820,2.6557,1.16882883e-04
SUR2,19,58,-1.0820,2.7541,1.16882883e-04
SUR2,19,59,-1.0820,2.8525,1.16882883e-04
SUR2,19,60,-1.0820,2.9508,1.16882883e-04
SUR2,20,1,-0.9836,-2.8525,2.92207207e-05
SUR2,20,3,-0.9836,-2.6557,2.92207207e-05
SUR2,20,4,-0.9836,-2.5574,5.84414414e-05
SUR2,20,5,-0.9836,-2.4590,1.46103603e-04
SUR2,20,6,-0.9836,-2.3607,1.75324324e-04
SUR2,20,7,-0.9836,-2.2623,2.92207207e-04
SUR2,20,8,-0.9836,-2.1639,6.42855855e-04
SUR2,20,9,-0.9836,-2.0656,6.42855855e-04
SUR2,20,10,-0.9836,-1.9672,1.34415315e-03
SUR2,20,11,-0.9836,-1.8689,1.28571171e-03
SUR2,20,12,-0.9836,-1.7705,1.75324324e-03
SUR2,20,13,-0.9836,-1.6721,1.84090540e-03
SUR2,20,14,-0.9836,-1.5738,1.72402252e-03
SUR2,20,15,-0.9836,-1.4754,1.22727027e-03
SUR2,20,16,-0.9836,-1.3770,1.78246396e-03
SUR2,20,17,-0.9836,-1.2787,1.75324324e-03
SUR2,20,18,-0.9836,-1.1803,2.48376126e-03
SUR2,20,19,-0.9836,-1.0820,3.00973423e-03
SUR2,20,20,-0.9836,-0.9836,2.83440991e-03
SUR2,20,21,-0.9836,-0.8852,3.30194144e-03
SUR2,20,22,-0.9836,-0.7869,4.26622522e-03
SUR2,20,23,-0.9836,-0.6885,4.70453603e-03
SUR2,20,24,-0.9836,-0.5902,4.67531531e-03
SUR2,20,25,-0.9836,-0.4918,5.11362612e-03
SUR2,20,26,-0.9836,-0.3934,5.75648197e-03
SUR2,20,27,-0.9836,-0.2951,5.87336486e-03
SUR2,20,28,-0.9836,-0.1967,6.22401351e-03
SUR2,20,29,-0.9836,-0.0984,6.25323423e-03
SUR2,20,30,-0.9836,0.0000,7.53894594e-03
SUR2,20,31,-0.9836,0.0984,8.18180179e-03
SUR2,20,32,-0.9836,0.1967,8.38634684e-03
SUR2,20,33,-0.9836,0.2951,8.09413963e-03
SUR2,20,34,-0.9836,0.3934,7.88959458e-03
SUR2,20,35,-0.9836,0.4918,7.42206305e-03
SUR2,20,36,-0.9836,0.5902,7.88959458e-03
SUR2,20,37,-0.9836,0.6885,8.03569819e-03
SUR2,20,38,-0.9836,0.7869,7.48050449e-03
SUR2,20,39,-0.9836,0.8852,6.83764864e-03
SUR2,20,40,-0.9836,0.9836,6.01946846e-03
SUR2,20,41,-0.9836,1.0820,4.64609459e-03
SUR2,20,42,-0.9836,1.1803,5.20128828e-03
SUR2,20,43,-0.9836,1.2787,4.35388738e-03
SUR2,20,44,-0.9836,1.3770,3.68181081e-03
SUR2,20,45,-0.9836,1.4754,3.18505855e-03
SUR2,20,46,-0.9836,1.5738,2.89285135e-03
SUR2,20,47,-0.9836,1.6721,2.16233333e-03
SUR2,20,48,-0.9836,1.7705,2.39609910e-03
SUR2,20,49,-0.9836,1.8689,1.81168468e-03
SUR2,20,50,-0.9836,1.9672,1.43181531e-03
SUR2,20,51,-0.9836,2.0656,9.64283782e-04
SUR2,20,52,-0.9836,2.1639,6.13635134e-04
SUR2,20,53,-0.9836,2.2623,6.13635134e-04
SUR2,20,54,-0.9836,2.3607,4.38310810e-04
SUR2,20,55,-0.9836,2.4590,5.55193693e-04
SUR2,20,56,-0.9836,2.5574,2.62986486e-04
SUR2,20,57,-0.9836,2.6557,2.04545045e-04
SUR2,20,58,-0.9836,2.7541,5.84414414e-05
SUR2,20,59,-0.9836,2.8525,5.84414414e-05
SUR2,20,60,-0.9836,2.9508,1.16882883e-04
SUR2,21,4,-0.8852,-2.5574,1.16882883e-04
SUR2,21,5,-0.8852,-2.4590,2.33765765e-04
SUR2,21,6,-0.8852,-2.3607,1.75324324e-04
SUR2,21,7,-0.8852,-2.2623,2.62986486e-04
SUR2,21,8,-0.8852,-2.1639,8.47400900e-04
SUR2,21,9,-0.8852,-2.0656,8.18180179e-04
SUR2,21,10,-0.8852,-1.9672,1.51947748e-03
SUR2,21,11,-0.8852,-1.8689,1.98700901e-03
SUR2,21,12,-0.8852,-1.7705,3.27272072e-03
SUR2,21,13,-0.8852,-1.6721,2.98051351e-03
SUR2,21,14,-0.8852,-1.5738,2.71752702e-03
SUR2,21,15,-0.8852,-1.4754,3.03895495e-03
SUR2,21,16,-0.8852,-1.3770,2.80518919e-03
SUR2,21,17,-0.8852,-1.2787,2.77596846e-03
SUR2,21,18,-0.8852,-1.1803,4.35388738e-03
SUR2,21,19,-0.8852,-1.0820,3.76947297e-03
SUR2,21,20,-0.8852,-0.9836,5.05518468e-03
SUR2,21,21,-0.8852,-0.8852,6.04868918e-03
SUR2,21,22,-0.8852,-0.7869,5.99024774e-03
SUR2,21,23,-0.8852,-0.6885,6.89609008e-03
SUR2,21,24,-0.8852,-0.5902,6.42855855e-03
SUR2,21,25,-0.8852,-0.4918,7.48050449e-03
SUR2,21,26,-0.8852,-0.3934,7.88959458e-03
SUR2,21,27,-0.8852,-0.2951,8.41556756e-03
SUR2,21,28,-0.8852,-0.1967,9.58439638e-03
SUR2,21,29,-0.8852,-0.0984,9.02920269e-03
SUR2,21,30,-0.8852,0.0000,1.08993288e-02
SUR2,21,31,-0.8852,0.0984,1.21850405e-02
SUR2,21,32,-0.8852,0.1967,1.21265991e-02
SUR2,21,33,-0.8852,0.2951,1.27986757e-02
SUR2,21,34,-0.8852,0.3934,1.06947838e-02
SUR2,21,35,-0.8852,0.4918,1.16298468e-02
SUR2,21,36,-0.8852,0.5902,1.01103694e-02
SUR2,21,37,-0.8852,0.6885,1.10162117e-02
SUR2,21,38,-0.8852,0.7869,1.00227072e-02
SUR2,21,39,-0.8852,0.8852,8.73699548e-03
SUR2,21,40,-0.8852,0.9836,7.50972521e-03
SUR2,21,41,-0.8852,1.0820,7.33440089e-03
SUR2,21,42,-0.8852,1.1803,6.07790990e-03
SUR2,21,43,-0.8852,1.2787,5.25972972e-03
SUR2,21,44,-0.8852,1.3770,4.64609459e-03
SUR2,21,45,-0.8852,1.4754,4.93830180e-03
SUR2,21,46,-0.8852,1.5738,3.47726576e-03
SUR2,21,47,-0.8852,1.6721,3.53570720e-03
SUR2,21,48,-0.8852,1.7705,2.57142342e-03
SUR2,21,49,-0.8852,1.8689,1.57791892e-03
SUR2,21,50,-0.8852,1.9672,9.64283782e-04
SUR2,21,51,-0.8852,2.0656,1.51947748e-03
SUR2,21,52,-0.8852,2.1639,7.59738738e-04
SUR2,21,53,-0.8852,2.2623,7.59738738e-04
SUR2,21,54,-0.8852,2.3607,4.96752252e-04
SUR2,21,55,-0.8852,2.4590,3.21427927e-04
SUR2,21,56,-0.8852,2.5574,3.50648648e-04
SUR2,21,57,-0.8852,2.6557,2.33765765e-04
SUR2,21,58,-0.8852,2.7541,1.75324324e-04
SUR2,21,59,-0.8852,2.8525,2.33765765e-04
SUR2,21,60,-0.8852,2.9508,1.46103603e-04
SUR2,22,3,-0.7869,-2.6557,8.76621620e-05
SUR2,22,4,-0.7869,-2.5574,8.76621620e-05
SUR2,22,5,-0.7869,-2.4590,1.46103603e-04
SUR2,22,6,-0.7869,-2.3607,2.33765765e-04
SUR2,22,7,-0.7869,-2.2623,2.92207207e-04
SUR2,22,8,-0.7869,-2.1639,6.72076576e-04
SUR2,22,9,-0.7869,-2.0656,7.88959458e-04
SUR2,22,10,-0.7869,-1.9672,1.40259459e-03
SUR2,22,11,-0.7869,-1.8689,2.54220270e-03
SUR2,22,12,-0.7869,-1.7705,4.12012162e-03
SUR2,22,13,-0.7869,-1.6721,5.55193693e-03
SUR2,22,14,-0.7869,-1.5738,5.49349549e-03
SUR2,22,15,-0.7869,-1.4754,4.58765315e-03
SUR2,22,16,-0.7869,-1.3770,3.59414864e-03
SUR2,22,17,-0.7869,-1.2787,4.61687387e-03
SUR2,22,18,-0.7869,-1.1803,5.49349549e-03
SUR2,22,19,-0.7869,-1.0820,6.66232432e-03
SUR2,22,20,-0.7869,-0.9836,8.06491891e-03
SUR2,22,21,-0.7869,-0.8852,8.94154053e-03
SUR2,22,22,-0.7869,-0.7869,8.82465765e-03
SUR2,22,23,-0.7869,-0.6885,9.17530629e-03
SUR2,22,24,-0.7869,-0.5902,1.04902387e-02
SUR2,22,25,-0.7869,-0.4918,1.22434820e-02
SUR2,22,26,-0.7869,-0.3934,1.25649099e-02
SUR2,22,27,-0.7869,-0.2951,1.26817928e-02
SUR2,22,28,-0.7869,-0.1967,1.42889324e-02
SUR2,22,29,-0.7869,-0.0984,1.51655540e-02
SUR2,22,30,-0.7869,0.0000,1.76200946e-02
SUR2,22,31,-0.7869,0.0984,1.67434730e-02
SUR2,22,32,-0.7869,0.1967,1.75324324e-02
SUR2,22,33,-0.7869,0.2951,1.74739910e-02
SUR2,22,34,-0.7869,0.3934,1.75324324e-02
SUR2,22,35,-0.7869,0.4918,1.65973693e-02
SUR2,22,36,-0.7869,0.5902,1.56623063e-02
SUR2,22,37,-0.7869,0.6885,1.64512657e-02
SUR2,22,38,-0.7869,0.7869,1.44350360e-02
SUR2,22,39,-0.7869,0.8852,1.25649099e-02
SUR2,22,40,-0.7869,0.9836,1.11038739e-02
SUR2,22,41,-0.7869,1.0820,9.90582431e-03
SUR2,22,42,-0.7869,1.1803,8.64933332e-03
SUR2,22,43,-0.7869,1.2787,7.71427026e-03
SUR2,22,44,-0.7869,1.3770,7.33440089e-03
SUR2,22,45,-0.7869,1.4754,5.49349549e-03
SUR2,22,46,-0.7869,1.5738,4.17856306e-03
SUR2,22,47,-0.7869,1.6721,3.56492792e-03
SUR2,22,48,-0.7869,1.7705,2.62986486e-03
SUR2,22,49,-0.7869,1.8689,2.07467117e-03
SUR2,22,50,-0.7869,1.9672,2.10389189e-03
SUR2,22,51,-0.7869,2.0656,1.22727027e-03
SUR2,22,52,-0.7869,2.1639,1.40259459e-03
SUR2,22,53,-0.7869,2.2623,9.05842341e-04
SUR2,22,54,-0.7869,2.3607,5.55193693e-04
SUR2,22,55,-0.7869,2.4590,4.09090090e-04
SUR2,22,56,-0.7869,2.5574,4.38310810e-04
SUR2,22,57,-0.7869,2.6557,1.16882883e-04
SUR2,22,58,-0.7869,2.7541,2.33765765e-04
SUR2,22,59,-0.7869,2.8525,2.62986486e-04
SUR2,22,60,-0.7869,2.9508,8.76621620e-05
SUR2,23,2,-0.6885,-2.7541,5.84414414e-05
SUR2,23,4,-0.6885,-2.5574,2.92207207e-05
SUR2,23,5,-0.6885,-2.4590,1.16882883e-04
SUR2,23,6,-0.6885,-2.3607,3.79869369e-04
SUR2,23,7,-0.6885,-2.2623,5.84414414e-04
SUR2,23,8,-0.6885,-2.1639,4.96752252e-04
SUR2,23,9,-0.6885,-2.0656,7.59738738e-04
SUR2,23,10,-0.6885,-1.9672,1.89934684e-03
SUR2,23,11,-0.6885,-1.8689,2.22077477e-03
SUR2,23,12,-0.6885,-1.7705,3.76947297e-03
SUR2,23,13,-0.6885,-1.6721,5.20128828e-03
SUR2,23,14,-0.6885,-1.5738,8.06491891e-03
SUR2,23,15,-0.6885,-1.4754,7.97725675e-03
SUR2,23,16,-0.6885,-1.3770,7.30518017e-03
SUR2,23,17,-0.6885,-1.2787,8.32790539e-03
SUR2,23,18,-0.6885,-1.1803,8.73699548e-03
SUR2,23,19,-0.6885,-1.0820,1.00227072e-02
SUR2,23,20,-0.6885,-0.9836,1.04317973e-02
SUR2,23,21,-0.6885,-0.8852,1.34707522e-02
SUR2,23,22,-0.6885,-0.7869,1.33246486e-02
SUR2,23,23,-0.6885,-0.6885,1.46395811e-02
SUR2,23,24,-0.6885,-0.5902,1.45226982e-02
SUR2,23,25,-0.6885,-0.4918,1.68895766e-02
SUR2,23,26,-0.6885,-0.3934,1.73571081e-02
SUR2,23,27,-0.6885,-0.2951,1.89350270e-02
SUR2,23,28,-0.6885,-0.1967,2.13019054e-02
SUR2,23,29,-0.6885,-0.0984,2.39609910e-02
SUR2,23,30,-0.6885,0.0000,2.43408603e-02
SUR2,23,31,-0.6885,0.0984,2.53343648e-02
SUR2,23,32,-0.6885,0.1967,2.75551396e-02
SUR2,23,33,-0.6885,0.2951,2.69415045e-02
SUR2,23,34,-0.6885,0.3934,2.87531891e-02
SUR2,23,35,-0.6885,0.4918,2.82564369e-02
SUR2,23,36,-0.6885,0.5902,2.52174819e-02
SUR2,23,37,-0.6885,0.6885,2.29090450e-02
SUR2,23,38,-0.6885,0.7869,2.08928153e-02
SUR2,23,39,-0.6885,0.8852,2.00746351e-02
SUR2,23,40,-0.6885,0.9836,1.73863288e-02
SUR2,23,41,-0.6885,1.0820,1.42889324e-02
SUR2,23,42,-0.6885,1.1803,1.24188063e-02
SUR2,23,43,-0.6885,1.2787,1.04025766e-02
SUR2,23,44,-0.6885,1.3770,7.68504954e-03
SUR2,23,45,-0.6885,1.4754,7.62660810e-03
SUR2,23,46,-0.6885,1.5738,6.45777927e-03
SUR2,23,47,-0.6885,1.6721,4.64609459e-03
SUR2,23,48,-0.6885,1.7705,4.20778378e-03
SUR2,23,49,-0.6885,1.8689,2.68830630e-03
SUR2,23,50,-0.6885,1.9672,1.92856756e-03
SUR2,23,51,-0.6885,2.0656,1.34415315e-03
SUR2,23,52,-0.6885,2.1639,8.18180179e-04
SUR2,23,53,-0.6885,2.2623,7.59738738e-04
SUR2,23,54,-0.6885,2.3607,7.30518017e-04
SUR2,23,55,-0.6885,2.4590,4.96752252e-04
SUR2,23,56,-0.6885,2.5574,4.09090090e-04
SUR2,23,57,-0.6885,2.6557,1.75324324e-04
SUR2,23,58,-0.6885,2.7541,1.75324324e-04
SUR2,23,59,-0.6885,2.8525,2.04545045e-04
SUR2,23,60,-0.6885,2.9508,1.16882883e-04
SUR2,24,1,-0.5902,-2.8525,1.16882883e-04
SUR2,24,4,-0.5902,-2.5574,8.76621620e-05
SUR2,24,5,-0.5902,-2.4590,8.76621620e-05
SUR2,24,6,-0.5902,-2.3607,3.21427927e-04
SUR2,24,7,-0.5902,-2.2623,3.50648648e-04
SUR2,24,8,-0.5902,-2.1639,4.38310810e-04
SUR2,24,9,-0.5902,-2.0656,6.72076576e-04
SUR2,24,10,-0.5902,-1.9672,1.51947748e-03
SUR2,24,11,-0.5902,-1.8689,2.16233333e-03
SUR2,24,12,-0.5902,-1.7705,3.00973423e-03
SUR2,24,13,-0.5902,-1.6721,4.67531531e-03
SUR2,24,14,-0.5902,-1.5738,7.07141440e-03
SUR2,24,15,-0.5902,-1.4754,1.06947838e-02
SUR2,24,16,-0.5902,-1.3770,1.57207477e-02
SUR2,24,17,-0.5902,-1.2787,1.49610090e-02
SUR2,24,18,-0.5902,-1.1803,1.35876351e-02
SUR2,24,19,-0.5902,-1.0820,1.44934775e-02
SUR2,24,20,-0.5902,-0.9836,1.61882793e-02
SUR2,24,21,-0.5902,-0.8852,1.82921711e-02
SUR2,24,22,-0.5902,-0.7869,2.10096982e-02
SUR2,24,23,-0.5902,-0.6885,2.14772297e-02
SUR2,24,24,-0.5902,-0.5902,2.45746261e-02
SUR2,24,25,-0.5902,-0.4918,2.84025405e-02
SUR2,24,26,-0.5902,-0.3934,2.81103333e-02
SUR2,24,27,-0.5902,-0.2951,3.14707162e-02
SUR2,24,28,-0.5902,-0.1967,3.54155135e-02
SUR2,24,29,-0.5902,-0.0984,3.64382387e-02
SUR2,24,30,-0.5902,0.0000,3.83668063e-02
SUR2,24,31,-0.5902,0.0984,3.91849864e-02
SUR2,24,32,-0.5902,0.1967,4.15518648e-02
SUR2,24,33,-0.5902,0.2951,4.42109504e-02
SUR2,24,34,-0.5902,0.3934,4.58765315e-02
SUR2,24,35,-0.5902,0.4918,4.39479639e-02
SUR2,24,36,-0.5902,0.5902,4.11427747e-02
SUR2,24,37,-0.5902,0.6885,3.57369414e-02
SUR2,24,38,-0.5902,0.7869,3.38083738e-02
SUR2,24,39,-0.5902,0.8852,2.78473468e-02
SUR2,24,40,-0.5902,0.9836,2.48668333e-02
SUR2,24,41,-0.5902,1.0820,2.19155405e-02
SUR2,24,42,-0.5902,1.1803,1.78830811e-02
SUR2,24,43,-0.5902,1.2787,1.51071126e-02
SUR2,24,44,-0.5902,1.3770,1.11330946e-02
SUR2,24,45,-0.5902,1.4754,9.81816215e-03
SUR2,24,46,-0.5902,1.5738,7.74349098e-03
SUR2,24,47,-0.5902,1.6721,5.99024774e-03
SUR2,24,48,-0.5902,1.7705,5.63959909e-03
SUR2,24,49,-0.5902,1.8689,3.76947297e-03
SUR2,24,50,-0.5902,1.9672,2.68830630e-03
SUR2,24,51,-0.5902,2.0656,1.57791892e-03
SUR2,24,52,-0.5902,2.1639,1.51947748e-03
SUR2,24,53,-0.5902,2.2623,9.05842341e-04
SUR2,24,54,-0.5902,2.3607,7.88959458e-04
SUR2,24,55,-0.5902,2.4590,3.21427927e-04
SUR2,24,56,-0.5902,2.5574,4.09090090e-04
SUR2,24,57,-0.5902,2.6557,4.38310810e-04
SUR2,24,58,-0.5902,2.7541,2.62986486e-04
SUR2,24,59,-0.5902,2.8525,1.75324324e-04
SUR2,24,60,-0.5902,2.9508,2.04545045e-04
SUR2,25,0,-0.4918,-2.9508,5.84414414e-05
SUR2,25,3,-0.4918,-2.6557,8.76621620e-05
SUR2,25,4,-0.4918,-2.5574,2.62986486e-04
SUR2,25,5,-0.4918,-2.4590,1.46103603e-04
SUR2,25,6,-0.4918,-2.3607,2.33765765e-04
SUR2,25,7,-0.4918,-2.2623,3.21427927e-04
SUR2,25,8,-0.4918,-2.1639,5.84414414e-04
SUR2,25,9,-0.4918,-2.0656,8.76621620e-04
SUR2,25,10,-0.4918,-1.9672,1.37337387e-03
SUR2,25,11,-0.4918,-1.8689,2.13311261e-03
SUR2,25,12,-0.4918,-1.7705,2.77596846e-03
SUR2,25,13,-0.4918,-1.6721,4.55843243e-03
SUR2,25,14,-0.4918,-1.5738,6.69154504e-03
SUR2,25,15,-0.4918,-1.4754,9.23374774e-03
SUR2,25,16,-0.4918,-1.3770,1.57499684e-02
SUR2,25,17,-0.4918,-1.2787,2.34934594e-02
SUR2,25,18,-0.4918,-1.1803,3.05064324e-02
SUR2,25,19,-0.4918,-1.0820,3.01850045e-02
SUR2,25,20,-0.4918,-0.9836,2.81979955e-02
SUR2,25,21,-0.4918,-0.8852,2.97759144e-02
SUR2,25,22,-0.4918,-0.7869,3.29025315e-02
SUR2,25,23,-0.4918,-0.6885,3.77531711e-02
SUR2,25,24,-0.4918,-0.5902,4.10843333e-02
SUR2,25,25,-0.4918,-0.4918,4.63148423e-02
SUR2,25,26,-0.4918,-0.3934,5.09901576e-02
SUR2,25,27,-0.4918,-0.2951,5.62791080e-02
SUR2,25,28,-0.4918,-0.1967,6.18894864e-02
SUR2,25,29,-0.4918,-0.0984,6.18894864e-02
SUR2,25,30,-0.4918,0.0000,6.77920720e-02
SUR2,25,31,-0.4918,0.0984,7.13862206e-02
SUR2,25,32,-0.4918,0.1967,7.19121936e-02
SUR2,25,33,-0.4918,0.2951,7.37530990e-02
SUR2,25,34,-0.4918,0.3934,7.60907567e-02
SUR2,25,35,-0.4918,0.4918,6.95745359e-02
SUR2,25,36,-0.4918,0.5902,6.37011711e-02
SUR2,25,37,-0.4918,0.6885,5.49349549e-02
SUR2,25,38,-0.4918,0.7869,5.13408062e-02
SUR2,25,39,-0.4918,0.8852,3.96817387e-02
SUR2,25,40,-0.4918,0.9836,3.72271981e-02
SUR2,25,41,-0.4918,1.0820,3.13830540e-02
SUR2,25,42,-0.4918,1.1803,2.48960540e-02
SUR2,25,43,-0.4918,1.2787,2.11558018e-02
SUR2,25,44,-0.4918,1.3770,1.55162027e-02
SUR2,25,45,-0.4918,1.4754,1.44058153e-02
SUR2,25,46,-0.4918,1.5738,1.02564730e-02
SUR2,25,47,-0.4918,1.6721,6.95453152e-03
SUR2,25,48,-0.4918,1.7705,6.22401351e-03
SUR2,25,49,-0.4918,1.8689,4.26622522e-03
SUR2,25,50,-0.4918,1.9672,3.15583783e-03
SUR2,25,51,-0.4918,2.0656,2.04545045e-03
SUR2,25,52,-0.4918,2.1639,1.34415315e-03
SUR2,25,53,-0.4918,2.2623,1.02272522e-03
SUR2,25,54,-0.4918,2.3607,7.88959458e-04
SUR2,25,55,-0.4918,2.4590,6.42855855e-04
SUR2,25,56,-0.4918,2.5574,6.13635134e-04
SUR2,25,57,-0.4918,2.6557,4.96752252e-04
SUR2,25,58,-0.4918,2.7541,4.09090090e-04
SUR2,25,59,-0.4918,2.8525,2.04545045e-04
SUR2,25,60,-0.4918,2.9508,1.75324324e-04
SUR2,26,2,-0.3934,-2.7541,5.84414414e-05
SUR2,26,3,-0.3934,-2.6557,8.76621620e-05
SUR2,26,4,-0.3934,-2.5574,2.92207207e-05
SUR2,26,5,-0.3934,-2.4590,2.33765765e-04
SUR2,26,6,-0.3934,-2.3607,2.62986486e-04
SUR2,26,7,-0.3934,-2.2623,3.50648648e-04
SUR2,26,8,-0.3934,-2.1639,5.55193693e-04
SUR2,26,9,-0.3934,-2.0656,8.47400900e-04
SUR2,26,10,-0.3934,-1.9672,1.57791892e-03
SUR2,26,11,-0.3934,-1.8689,1.81168468e-03
SUR2,26,12,-0.3934,-1.7705,2.33765765e-03
SUR2,26,13,-0.3934,-1.6721,4.14934234e-03
SUR2,26,14,-0.3934,-1.5738,5.63959909e-03
SUR2,26,15,-0.3934,-1.4754,9.08764413e-03
SUR2,26,16,-0.3934,-1.3770,1.53700991e-02
SUR2,26,17,-0.3934,-1.2787,2.35519009e-02
SUR2,26,18,-0.3934,-1.1803,3.46265540e-02
SUR2,26,19,-0.3934,-1.0820,5.43505405e-02
SUR2,26,20,-0.3934,-0.9836,6.12174098e-02
SUR2,26,21,-0.3934,-0.8852,5.76524819e-02
SUR2,26,22,-0.3934,-0.7869,6.17141621e-02
SUR2,26,23,-0.3934,-0.6885,7.10647927e-02
SUR2,26,24,-0.3934,-0.5902,7.35777747e-02
SUR2,26,25,-0.3934,-0.4918,8.29868467e-02
SUR2,26,26,-0.3934,-0.3934,9.33894233e-02
SUR2,26,27,-0.3934,-0.2951,1.01571225e-01
SUR2,26,28,-0.3934,-0.1967,1.06567968e-01
SUR2,26,29,-0.3934,-0.0984,1.13522500e-01
SUR2,26,30,-0.3934,0.0000,1.23369883e-01
SUR2,26,31,-0.3934,0.0984,1.30587401e-01
SUR2,26,32,-0.3934,0.1967,1.27577666e-01
SUR2,26,33,-0.3934,0.2951,1.33188045e-01
SUR2,26,34,-0.3934,0.3934,1.30382856e-01
SUR2,26,35,-0.3934,0.4918,1.20038721e-01
SUR2,26,36,-0.3934,0.5902,1.05983554e-01
SUR2,26,37,-0.3934,0.6885,9.00582611e-02
SUR2,26,38,-0.3934,0.7869,7.68797161e-02
SUR2,26,39,-0.3934,0.8852,6.53083107e-02
SUR2,26,40,-0.3934,0.9836,5.57823558e-02
SUR2,26,41,-0.3934,1.0820,4.24869279e-02
SUR2,26,42,-0.3934,1.1803,3.71687567e-02
SUR2,26,43,-0.3934,1.2787,2.88408513e-02
SUR2,26,44,-0.3934,1.3770,2.29090450e-02
SUR2,26,45,-0.3934,1.4754,1.63928243e-02
SUR2,26,46,-0.3934,1.5738,1.26233513e-02
SUR2,26,47,-0.3934,1.6721,9.05842341e-03
SUR2,26,48,-0.3934,1.7705,6.66232432e-03
SUR2,26,49,-0.3934,1.8689,4.85063963e-03
SUR2,26,50,-0.3934,1.9672,3.91557657e-03
SUR2,26,51,-0.3934,2.0656,2.51298198e-03
SUR2,26,52,-0.3934,2.1639,1.25649099e-03
SUR2,26,53,-0.3934,2.2623,1.25649099e-03
SUR2,26,54,-0.3934,2.3607,1.05194594e-03
SUR2,26,55,-0.3934,2.4590,8.18180179e-04
SUR2,26,56,-0.3934,2.5574,4.38310810e-04
SUR2,26,57,-0.3934,2.6557,5.55193693e-04
SUR2,26,58,-0.3934,2.7541,2.92207207e-04
SUR2,26,59,-0.3934,2.8525,2.92207207e-04
SUR2,26,60,-0.3934,2.9508,1.46103603e-04
SUR2,27,0,-0.2951,-2.9508,2.92207207e-05
SUR2,27,1,-0.2951,-2.8525,2.92207207e-05
SUR2,27,2,-0.2951,-2.7541,2.62986486e-04
SUR2,27,3,-0.2951,-2.6557,2.92207207e-05
SUR2,27,4,-0.2951,-2.5574,8.76621620e-05
SUR2,27,5,-0.2951,-2.4590,2.62986486e-04
SUR2,27,6,-0.2951,-2.3607,3.21427927e-04
SUR2,27,7,-0.2951,-2.2623,4.38310810e-04
SUR2,27,8,-0.2951,-2.1639,4.09090090e-04
SUR2,27,9,-0.2951,-2.0656,9.35063062e-04
SUR2,27,10,-0.2951,-1.9672,1.43181531e-03
SUR2,27,11,-0.2951,-1.8689,2.36687838e-03
SUR2,27,12,-0.2951,-1.7705,2.80518919e-03
SUR2,27,13,-0.2951,-1.6721,4.52921171e-03
SUR2,27,14,-0.2951,-1.5738,5.96102702e-03
SUR2,27,15,-0.2951,-1.4754,9.35063062e-03
SUR2,27,16,-0.2951,-1.3770,1.45811396e-02
SUR2,27,17,-0.2951,-1.2787,2.26168378e-02
SUR2,27,18,-0.2951,-1.1803,3.41590225e-02
SUR2,27,19,-0.2951,-1.0820,5.31817116e-02
SUR2,27,20,-0.2951,-0.9836,8.51784008e-02
SUR2,27,21,-0.2951,-0.8852,1.19337423e-01
SUR2,27,22,-0.2951,-0.7869,1.47067887e-01
SUR2,27,23,-0.2951,-0.6885,1.39528941e-01
SUR2,27,24,-0.2951,-0.5902,1.52327617e-01
SUR2,27,25,-0.2951,-0.4918,1.63694477e-01
SUR2,27,26,-0.2951,-0.3934,1.80642495e-01
SUR2,27,27,-0.2951,-0.2951,1.97152202e-01
SUR2,27,28,-0.2951,-0.1967,2.07905428e-01
SUR2,27,29,-0.2951,-0.0984,2.23041761e-01
SUR2,27,30,-0.2951,0.0000,2.40983283e-01
SUR2,27,31,-0.2951,0.0984,2.51327419e-01
SUR2,27,32,-0.2951,0.1967,2.45775482e-01
SUR2,27,33,-0.2951,0.2951,2.35577450e-01
SUR2,27,34,-0.2951,0.3934,2.21580725e-01
SUR2,27,35,-0.2951,0.4918,2.04486603e-01
SUR2,27,36,-0.2951,0.5902,1.75704193e-01
SUR2,27,37,-0.2951,0.6885,1.48002950e-01
SUR2,27,38,-0.2951,0.7869,1.19074437e-01
SUR2,27,39,-0.2951,0.8852,9.61653918e-02
SUR2,27,40,-0.2951,0.9836,7.72888062e-02
SUR2,27,41,-0.2951,1.0820,5.95810495e-02
SUR2,27,42,-0.2951,1.1803,4.73375675e-02
SUR2,27,43,-0.2951,1.2787,3.60583693e-02
SUR2,27,44,-0.2951,1.3770,2.76428018e-02
SUR2,27,45,-0.2951,1.4754,2.09220360e-02
SUR2,27,46,-0.2951,1.5738,1.46103603e-02
SUR2,27,47,-0.2951,1.6721,8.91231981e-03
SUR2,27,48,-0.2951,1.7705,8.21102251e-03
SUR2,27,49,-0.2951,1.8689,5.28895044e-03
SUR2,27,50,-0.2951,1.9672,4.09090090e-03
SUR2,27,51,-0.2951,2.0656,2.57142342e-03
SUR2,27,52,-0.2951,2.1639,2.01622973e-03
SUR2,27,53,-0.2951,2.2623,1.16882883e-03
SUR2,27,54,-0.2951,2.3607,1.05194594e-03
SUR2,27,55,-0.2951,2.4590,1.02272522e-03
SUR2,27,56,-0.2951,2.5574,6.13635134e-04
SUR2,27,57,-0.2951,2.6557,4.38310810e-04
SUR2,27,58,-0.2951,2.7541,1.75324324e-04
SUR2,27,59,-0.2951,2.8525,2.92207207e-04
SUR2,27,60,-0.2951,2.9508,2.33765765e-04
SUR2,28,2,-0.1967,-2.7541,2.92207207e-05
SUR2,28,3,-0.1967,-2.6557,1.46103603e-04
SUR2,28,4,-0.1967,-2.5574,8.76621620e-05
SUR2,28,5,-0.1967,-2.4590,2.33765765e-04
SUR2,28,6,-0.1967,-2.3607,2.92207207e-04
SUR2,28,7,-0.1967,-2.2623,3.50648648e-04
SUR2,28,8,-0.1967,-2.1639,6.13635134e-04
SUR2,28,9,-0.1967,-2.0656,8.47400900e-04
SUR2,28,10,-0.1967,-1.9672,1.37337387e-03
SUR2,28,11,-0.1967,-1.8689,1.72402252e-03
SUR2,28,12,-0.1967,-1.7705,2.71752702e-03
SUR2,28,13,-0.1967,-1.6721,3.71103153e-03
SUR2,28,14,-0.1967,-1.5738,6.39933783e-03
SUR2,28,15,-0.1967,-1.4754,9.73049999e-03
SUR2,28,16,-0.1967,-1.3770,1.38506216e-02
SUR2,28,17,-0.1967,-1.2787,2.27629414e-02
SUR2,28,18,-0.1967,-1.1803,3.42759054e-02
SUR2,28,19,-0.1967,-1.0820,5.57531351e-02
SUR2,28,20,-0.1967,-0.9836,8.66102161e-02
SUR2,28,21,-0.1967,-0.8852,1.35730248e-01
SUR2,28,22,-0.1967,-0.7869,2.14187883e-01
SUR2,28,23,-0.1967,-0.6885,3.27038306e-01
SUR2,28,24,-0.1967,-0.5902,3.98716734e-01
SUR2,28,25,-0.1967,-0.4918,3.79489499e-01
SUR2,28,26,-0.1967,-0.3934,3.86181045e-01
SUR2,28,27,-0.1967,-0.2951,4.20427729e-01
SUR2,28,28,-0.1967,-0.1967,4.53768571e-01
SUR2,28,29,-0.1967,-0.0984,4.88833436e-01
SUR2,28,30,-0.1967,0.0000,5.26498945e-01
SUR2,28,31,-0.1967,0.0984,5.46865788e-01
SUR2,28,32,-0.1967,0.1967,5.25797648e-01
SUR2,28,33,-0.1967,0.2951,4.91667846e-01
SUR2,28,34,-0.1967,0.3934,4.30625761e-01
SUR2,28,35,-0.1967,0.4918,3.69057702e-01
SUR2,28,36,-0.1967,0.5902,3.05064324e-01
SUR2,28,37,-0.1967,0.6885,2.40457310e-01
SUR2,28,38,-0.1967,0.7869,1.87860013e-01
SUR2,28,39,-0.1967,0.8852,1.38856865e-01
SUR2,28,40,-0.1967,0.9836,1.04084207e-01
SUR2,28,41,-0.1967,1.0820,7.73764684e-02
SUR2,28,42,-0.1967,1.1803,5.70096260e-02
SUR2,28,43,-0.1967,1.2787,4.16395270e-02
SUR2,28,44,-0.1967,1.3770,3.14999369e-02
SUR2,28,45,-0.1967,1.4754,2.26168378e-02
SUR2,28,46,-0.1967,1.5738,1.44058153e-02
SUR2,28,47,-0.1967,1.6721,1.02564730e-02
SUR2,28,48,-0.1967,1.7705,8.44478828e-03
SUR2,28,49,-0.1967,1.8689,5.46427477e-03
SUR2,28,50,-0.1967,1.9672,4.61687387e-03
SUR2,28,51,-0.1967,2.0656,3.30194144e-03
SUR2,28,52,-0.1967,2.1639,2.24999549e-03
SUR2,28,53,-0.1967,2.2623,1.81168468e-03
SUR2,28,54,-0.1967,2.3607,1.11038739e-03
SUR2,28,55,-0.1967,2.4590,4.67531531e-04
SUR2,28,56,-0.1967,2.5574,4.96752252e-04
SUR2,28,57,-0.1967,2.6557,7.01297296e-04
SUR2,28,58,-0.1967,2.7541,1.46103603e-04
SUR2,28,59,-0.1967,2.8525,3.21427927e-04
SUR2,28,60,-0.1967,2.9508,1.75324324e-04
SUR2,29,3,-0.0984,-2.6557,1.46103603e-04
SUR2,29,4,-0.0984,-2.5574,1.46103603e-04
SUR2,29,5,-0.0984,-2.4590,2.62986486e-04
SUR2,29,6,-0.0984,-2.3607,2.62986486e-04
SUR2,29,7,-0.0984,-2.2623,4.38310810e-04
SUR2,29,8,-0.0984,-2.1639,9.35063062e-04
SUR2,29,9,-0.0984,-2.0656,1.28571171e-03
SUR2,29,10,-0.0984,-1.9672,1.43181531e-03
SUR2,29,11,-0.0984,-1.8689,2.19155405e-03
SUR2,29,12,-0.0984,-1.7705,3.41882432e-03
SUR2,29,13,-0.0984,-1.6721,4.93830180e-03
SUR2,29,14,-0.0984,-1.5738,6.10713062e-03
SUR2,29,15,-0.0984,-1.4754,9.14608557e-03
SUR2,29,16,-0.0984,-1.3770,1.54869820e-02
SUR2,29,17,-0.0984,-1.2787,2.31135901e-02
SUR2,29,18,-0.0984,-1.1803,3.60291486e-02
SUR2,29,19,-0.0984,-1.0820,5.49349549e-02
SUR2,29,20,-0.0984,-0.9836,8.52952837e-02
SUR2,29,21,-0.0984,-0.8852,1.38681540e-01
SUR2,29,22,-0.0984,-0.7869,2.33269013e-01
SUR2,29,23,-0.0984,-0.6885,3.69233027e-01
SUR2,29,24,-0.0984,-0.5902,6.06855927e-01
SUR2,29,25,-0.0984,-0.4918,9.31702679e-01
SUR2,29,26,-0.0984,-0.3934,1.21838717e+00
SUR2,29,27,-0.0984,-0.2951,1.36925375e+00
SUR2,29,28,-0.0984,-0.1967,1.33491940e+00
SUR2,29,29,-0.0984,-0.0984,1.40066603e+00
SUR2,29,30,-0.0984,0.0000,1.44890943e+00
SUR2,29,31,-0.0984,0.0984,1.44686398e+00
SUR2,29,32,-0.0984,0.1967,1.30558180e+00
SUR2,29,33,-0.0984,0.2951,1.10430948e+00
SUR2,29,34,-0.0984,0.3934,8.66365147e-01
SUR2,29,35,-0.0984,0.4918,6.63310359e-01
SUR2,29,36,-0.0984,0.5902,4.78489301e-01
SUR2,29,37,-0.0984,0.6885,3.49041509e-01
SUR2,29,38,-0.0984,0.7869,2.55155333e-01
SUR2,29,39,-0.0984,0.8852,1.81460675e-01
SUR2,29,40,-0.0984,0.9836,1.35145833e-01
SUR2,29,41,-0.0984,1.0820,9.17822837e-02
SUR2,29,42,-0.0984,1.1803,6.45777927e-02
SUR2,29,43,-0.0984,1.2787,4.53505585e-02
SUR2,29,44,-0.0984,1.3770,3.36038288e-02
SUR2,29,45,-0.0984,1.4754,2.63278693e-02
SUR2,29,46,-0.0984,1.5738,1.79415225e-02
SUR2,29,47,-0.0984,1.6721,1.20097162e-02
SUR2,29,48,-0.0984,1.7705,8.41556756e-03
SUR2,29,49,-0.0984,1.8689,6.16557206e-03
SUR2,29,50,-0.0984,1.9672,4.12012162e-03
SUR2,29,51,-0.0984,2.0656,3.47726576e-03
SUR2,29,52,-0.0984,2.1639,1.95778829e-03
SUR2,29,53,-0.0984,2.2623,1.69480180e-03
SUR2,29,54,-0.0984,2.3607,1.40259459e-03
SUR2,29,55,-0.0984,2.4590,1.13960811e-03
SUR2,29,56,-0.0984,2.5574,6.72076576e-04
SUR2,29,57,-0.0984,2.6557,5.25972972e-04
SUR2,29,58,-0.0984,2.7541,4.38310810e-04
SUR2,29,59,-0.0984,2.8525,2.33765765e-04
SUR2,29,60,-0.0984,2.9508,3.50648648e-04
SUR2,30,0,0.0000,-2.9508,5.84414414e-05
SUR2,30,2,0.0000,-2.7541,2.04545045e-04
SUR2,30,3,0.0000,-2.6557,8.76621620e-05
SUR2,30,4,0.0000,-2.5574,2.33765765e-04
SUR2,30,5,0.0000,-2.4590,3.21427927e-04
SUR2,30,6,0.0000,-2.3607,2.33765765e-04
SUR2,30,7,0.0000,-2.2623,6.72076576e-04
SUR2,30,8,0.0000,-2.1639,8.18180179e-04
SUR2,30,9,0.0000,-2.0656,1.46103603e-03
SUR2,30,10,0.0000,-1.9672,1.87012612e-03
SUR2,30,11,0.0000,-1.8689,2.30843693e-03
SUR2,30,12,0.0000,-1.7705,3.24350000e-03
SUR2,30,13,0.0000,-1.6721,5.05518468e-03
SUR2,30,14,0.0000,-1.5738,6.25323423e-03
SUR2,30,15,0.0000,-1.4754,1.01980315e-02
SUR2,30,16,0.0000,-1.3770,1.54577612e-02
SUR2,30,17,0.0000,-1.2787,2.14187883e-02
SUR2,30,18,0.0000,-1.1803,3.45973333e-02
SUR2,30,19,0.0000,-1.0820,5.74771576e-02
SUR2,30,20,0.0000,-0.9836,9.17530629e-02
SUR2,30,21,0.0000,-0.8852,1.44817892e-01
SUR2,30,22,0.0000,-0.7869,2.29411878e-01
SUR2,30,23,0.0000,-0.6885,3.68911599e-01
SUR2,30,24,0.0000,-0.5902,5.93881927e-01
SUR2,30,25,0.0000,-0.4918,9.76819472e-01
SUR2,30,26,0.0000,-0.3934,1.64413307e+00
SUR2,30,27,0.0000,-0.2951,2.78853337e+00
SUR2,30,28,0.0000,-0.1967,4.19399160e+00
SUR2,30,29,0.0000,-0.0984,4.98397378e+00
SUR2,30,30,0.0000,0.0000,4.79731182e+00
SUR2,30,31,0.0000,0.0984,3.66644071e+00
SUR2,30,32,0.0000,0.1967,2.59909544e+00
SUR2,30,33,0.0000,0.2951,1.75832765e+00
SUR2,30,34,0.0000,0.3934,1.21187095e+00
SUR2,30,35,0.0000,0.4918,8.38693125e-01
SUR2,30,36,0.0000,0.5902,5.79417670e-01
SUR2,30,37,0.0000,0.6885,4.08008923e-01
SUR2,30,38,0.0000,0.7869,2.87064360e-01
SUR2,30,39,0.0000,0.8852,2.00015833e-01
SUR2,30,40,0.0000,0.9836,1.43707504e-01
SUR2,30,41,0.0000,1.0820,1.03090703e-01
SUR2,30,42,0.0000,1.1803,7.04219368e-02
SUR2,30,43,0.0000,1.2787,4.93537972e-02
SUR2,30,44,0.0000,1.3770,3.77823918e-02
SUR2,30,45,0.0000,1.4754,2.57726756e-02
SUR2,30,46,0.0000,1.5738,1.85551576e-02
SUR2,30,47,0.0000,1.6721,1.20097162e-02
SUR2,30,48,0.0000,1.7705,9.17530629e-03
SUR2,30,49,0.0000,1.8689,6.16557206e-03
SUR2,30,50,0.0000,1.9672,4.44154954e-03
SUR2,30,51,0.0000,2.0656,3.62336936e-03
SUR2,30,52,0.0000,2.1639,2.33765765e-03
SUR2,30,53,0.0000,2.2623,1.54869820e-03
SUR2,30,54,0.0000,2.3607,1.16882883e-03
SUR2,30,55,0.0000,2.4590,7.88959458e-04
SUR2,30,56,0.0000,2.5574,4.96752252e-04
SUR2,30,57,0.0000,2.6557,2.92207207e-04
SUR2,30,58,0.0000,2.7541,3.79869369e-04
SUR2,30,59,0.0000,2.8525,2.04545045e-04
SUR2,30,60,0.0000,2.9508,5.84414414e-05
SUR2,31,0,0.0984,-2.9508,2.92207207e-05
SUR2,31,1,0.0984,-2.8525,1.75324324e-04
SUR2,31,2,0.0984,-2.7541,1.16882883e-04
SUR2,31,3,0.0984,-2.6557,2.62986486e-04
SUR2,31,4,0.0984,-2.5574,2.92207207e-04
SUR2,31,5,0.0984,-2.4590,2.92207207e-04
SUR2,31,6,0.0984,-2.3607,4.38310810e-04
SUR2,31,7,0.0984,-2.2623,3.79869369e-04
SUR2,31,8,0.0984,-2.1639,1.19804955e-03
SUR2,31,9,0.0984,-2.0656,1.16882883e-03
SUR2,31,10,0.0984,-1.9672,1.92856756e-03
SUR2,31,11,0.0984,-1.8689,2.36687838e-03
SUR2,31,12,0.0984,-1.7705,3.50648648e-03
SUR2,31,13,0.0984,-1.6721,5.46427477e-03
SUR2,31,14,0.0984,-1.5738,6.63310359e-03
SUR2,31,15,0.0984,-1.4754,1.06655630e-02
SUR2,31,16,0.0984,-1.3770,1.42597117e-02
SUR2,31,17,0.0984,-1.2787,2.36103423e-02
SUR2,31,18,0.0984,-1.1803,3.80745990e-02
SUR2,31,19,0.0984,-1.0820,6.07498783e-02
SUR2,31,20,0.0984,-0.9836,9.45290314e-02
SUR2,31,21,0.0984,-0.8852,1.49259441e-01
SUR2,31,22,0.0984,-0.7869,2.45044964e-01
SUR2,31,23,0.0984,-0.6885,3.82323909e-01
SUR2,31,24,0.0984,-0.5902,6.27807184e-01
SUR2,31,25,0.0984,-0.4918,9.94088918e-01
SUR2,31,26,0.0984,-0.3934,1.31545840e+00
SUR2,31,27,0.0984,-0.2951,1.45858149e+00
SUR2,31,28,0.0984,-0.1967,1.40148421e+00
SUR2,31,29,0.0984,-0.0984,1.45478280e+00
SUR2,31,30,0.0984,0.0000,1.48394508e+00
SUR2,31,31,0.0984,0.0984,1.46328603e+00
SUR2,31,32,0.0984,0.1967,1.30841621e+00
SUR2,31,33,0.0984,0.2951,1.09484196e+00
SUR2,31,34,0.0984,0.3934,8.66189823e-01
SUR2,31,35,0.0984,0.4918,6.56881801e-01
SUR2,31,36,0.0984,0.5902,4.85356171e-01
SUR2,31,37,0.0984,0.6885,3.46879175e-01
SUR2,31,38,0.0984,0.7869,2.51268977e-01
SUR2,31,39,0.0984,0.8852,1.78830811e-01
SUR2,31,40,0.0984,0.9836,1.33714018e-01
SUR2,31,41,0.0984,1.0820,9.97887611e-02
SUR2,31,42,0.0984,1.1803,7.22920630e-02
SUR2,31,43,0.0984,1.2787,5.23927522e-02
SUR2,31,44,0.0984,1.3770,3.64382387e-02
SUR2,31,45,0.0984,1.4754,2.55389099e-02
SUR2,31,46,0.0984,1.5738,1.67434730e-02
SUR2,31,47,0.0984,1.6721,1.27402342e-02
SUR2,31,48,0.0984,1.7705,8.76621620e-03
SUR2,31,49,0.0984,1.8689,5.87336486e-03
SUR2,31,50,0.0984,1.9672,3.85713513e-03
SUR2,31,51,0.0984,2.0656,3.09739639e-03
SUR2,31,52,0.0984,2.1639,2.16233333e-03
SUR2,31,53,0.0984,2.2623,1.69480180e-03
SUR2,31,54,0.0984,2.3607,1.16882883e-03
SUR2,31,55,0.0984,2.4590,7.59738738e-04
SUR2,31,56,0.0984,2.5574,4.38310810e-04
SUR2,31,57,0.0984,2.6557,3.21427927e-04
SUR2,31,58,0.0984,2.7541,3.50648648e-04
SUR2,31,59,0.0984,2.8525,1.75324324e-04
SUR2,31,60,0.0984,2.9508,5.84414414e-05
SUR2,32,1,0.1967,-2.8525,2.92207207e-05
SUR2,32,2,0.1967,-2.7541,2.92207207e-05
SUR2,32,3,0.1967,-2.6557,1.46103603e-04
SUR2,32,4,0.1967,-2.5574,1.46103603e-04
SUR2,32,5,0.1967,-2.4590,2.92207207e-04
SUR2,32,6,0.1967,-2.3607,5.25972972e-04
SUR2,32,7,0.1967,-2.2623,7.88959458e-04
SUR2,32,8,0.1967,-2.1639,9.64283782e-04
SUR2,32,9,0.1967,-2.0656,7.88959458e-04
SUR2,32,10,0.1967,-1.9672,1.60713964e-03
SUR2,32,11,0.1967,-1.8689,2.60064414e-03
SUR2,32,12,0.1967,-1.7705,3.85713513e-03
SUR2,32,13,0.1967,-1.6721,5.05518468e-03
SUR2,32,14,0.1967,-1.5738,7.01297296e-03
SUR2,32,15,0.1967,-1.4754,1.13960811e-02
SUR2,32,16,0.1967,-1.3770,1.74155495e-02
SUR2,32,17,0.1967,-1.2787,2.31720315e-02
SUR2,32,18,0.1967,-1.1803,4.20778378e-02
SUR2,32,19,0.1967,-1.0820,6.35842882e-02
SUR2,32,20,0.1967,-0.9836,9.73634413e-02
SUR2,32,21,0.1967,-0.8852,1.55015923e-01
SUR2,32,22,0.1967,-0.7869,2.58632599e-01
SUR2,32,23,0.1967,-0.6885,3.72359644e-01
SUR2,32,24,0.1967,-0.5902,4.34249130e-01
SUR2,32,25,0.1967,-0.4918,4.12012162e-01
SUR2,32,26,0.1967,-0.3934,4.21538117e-01
SUR2,32,27,0.1967,-0.2951,4.56164671e-01
SUR2,32,28,0.1967,-0.1967,4.86758765e-01
SUR2,32,29,0.1967,-0.0984,5.29508679e-01
SUR2,32,30,0.1967,0.0000,5.53878761e-01
SUR2,32,31,0.1967,0.0984,5.56216418e-01
SUR2,32,32,0.1967,0.1967,5.51774869e-01
SUR2,32,33,0.1967,0.2951,5.01047698e-01
SUR2,32,34,0.1967,0.3934,4.44476382e-01
SUR2,32,35,0.1967,0.4918,3.82090144e-01
SUR2,32,36,0.1967,0.5902,3.11259117e-01
SUR2,32,37,0.1967,0.6885,2.41947567e-01
SUR2,32,38,0.1967,0.7869,1.83418464e-01
SUR2,32,39,0.1967,0.8852,1.41282184e-01
SUR2,32,40,0.1967,0.9836,1.07999784e-01
SUR2,32,41,0.1967,1.0820,8.14089278e-02
SUR2,32,42,0.1967,1.1803,5.51394999e-02
SUR2,32,43,0.1967,1.2787,3.99739459e-02
SUR2,32,44,0.1967,1.3770,2.93668243e-02
SUR2,32,45,0.1967,1.4754,2.19447612e-02
SUR2,32,46,0.1967,1.5738,1.61006171e-02
SUR2,32,47,0.1967,1.6721,1.10162117e-02
SUR2,32,48,0.1967,1.7705,7.88959458e-03
SUR2,32,49,0.1967,1.8689,5.66881981e-03
SUR2,32,50,0.1967,1.9672,4.00323873e-03
SUR2,32,51,0.1967,2.0656,3.38960360e-03
SUR2,32,52,0.1967,2.1639,2.33765765e-03
SUR2,32,53,0.1967,2.2623,1.40259459e-03
SUR2,32,54,0.1967,2.3607,1.19804955e-03
SUR2,32,55,0.1967,2.4590,6.42855855e-04
SUR2,32,56,0.1967,2.5574,2.33765765e-04
SUR2,32,57,0.1967,2.6557,1.16882883e-04
SUR2,32,58,0.1967,2.7541,1.75324324e-04
SUR2,32,59,0.1967,2.8525,2.92207207e-05
SUR2,32,60,0.1967,2.9508,1.16882883e-04
SUR2,33,0,0.2951,-2.9508,2.92207207e-05
SUR2,33,1,0.2951,-2.8525,5.84414414e-05
SUR2,33,2,0.2951,-2.7541,1.16882883e-04
SUR2,33,3,0.2951,-2.6557,8.76621620e-05
SUR2,33,4,0.2951,-2.5574,2.62986486e-04
SUR2,33,5,0.2951,-2.4590,2.04545045e-04
SUR2,33,6,0.2951,-2.3607,3.50648648e-04
SUR2,33,7,0.2951,-2.2623,6.72076576e-04
SUR2,33,8,0.2951,-2.1639,7.01297296e-04
SUR2,33,9,0.2951,-2.0656,1.34415315e-03
SUR2,33,10,0.2951,-1.9672,1.60713964e-03
SUR2,33,11,0.2951,-1.8689,2.22077477e-03
SUR2,33,12,0.2951,-1.7705,3.30194144e-03
SUR2,33,13,0.2951,-1.6721,5.90258558e-03
SUR2,33,14,0.2951,-1.5738,8.12336035e-03
SUR2,33,15,0.2951,-1.4754,1.44058153e-02
SUR2,33,16,0.2951,-1.3770,1.86135991e-02
SUR2,33,17,0.2951,-1.2787,2.78181261e-02
SUR2,33,18,0.2951,-1.1803,4.54089999e-02
SUR2,33,19,0.2951,-1.0820,6.96914188e-02
SUR2,33,20,0.2951,-0.9836,1.10454324e-01
SUR2,33,21,0.2951,-0.8852,1.58200982e-01
SUR2,33,22,0.2951,-0.7869,1.78071072e-01
SUR2,33,23,0.2951,-0.6885,1.62233441e-01
SUR2,33,24,0.2951,-0.5902,1.66967198e-01
SUR2,33,25,0.2951,-0.4918,1.72197707e-01
SUR2,33,26,0.2951,-0.3934,1.85551576e-01
SUR2,33,27,0.2951,-0.2951,2.10652175e-01
SUR2,33,28,0.2951,-0.1967,2.24795004e-01
SUR2,33,29,0.2951,-0.0984,2.42327437e-01
SUR2,33,30,0.2951,0.0000,2.47294959e-01
SUR2,33,31,0.2951,0.0984,2.53577414e-01
SUR2,33,32,0.2951,0.1967,2.63950770e-01
SUR2,33,33,0.2951,0.2951,2.49807941e-01
SUR2,33,34,0.2951,0.3934,2.33590441e-01
SUR2,33,35,0.2951,0.4918,2.12726847e-01
SUR2,33,36,0.2951,0.5902,1.81986648e-01
SUR2,33,37,0.2951,0.6885,1.54548392e-01
SUR2,33,38,0.2951,0.7869,1.24977022e-01
SUR2,33,39,0.2951,0.8852,9.86783737e-02
SUR2,33,40,0.2951,0.9836,7.74056891e-02
SUR2,33,41,0.2951,1.0820,5.96687116e-02
SUR2,33,42,0.2951,1.1803,4.44154954e-02
SUR2,33,43,0.2951,1.2787,3.25518828e-02
SUR2,33,44,0.2951,1.3770,2.41363153e-02
SUR2,33,45,0.2951,1.4754,1.74447702e-02
SUR2,33,46,0.2951,1.5738,1.19220540e-02
SUR2,33,47,0.2951,1.6721,8.35712611e-03
SUR2,33,48,0.2951,1.7705,6.31167567e-03
SUR2,33,49,0.2951,1.8689,4.23700450e-03
SUR2,33,50,0.2951,1.9672,3.62336936e-03
SUR2,33,51,0.2951,2.0656,2.22077477e-03
SUR2,33,52,0.2951,2.1639,1.60713964e-03
SUR2,33,53,0.2951,2.2623,1.22727027e-03
SUR2,33,54,0.2951,2.3607,7.01297296e-04
SUR2,33,55,0.2951,2.4590,5.25972972e-04
SUR2,33,56,0.2951,2.5574,3.50648648e-04
SUR2,33,57,0.2951,2.6557,1.16882883e-04
SUR2,33,58,0.2951,2.7541,1.16882883e-04
SUR2,33,59,0.2951,2.8525,2.92207207e-05
SUR2,33,60,0.2951,2.9508,8.76621620e-05
SUR2,34,0,0.3934,-2.9508,5.84414414e-05
SUR2,34,1,0.3934,-2.8525,1.16882883e-04
SUR2,34,2,0.3934,-2.7541,2.92207207e-05
SUR2,34,3,0.3934,-2.6557,2.62986486e-04
SUR2,34,4,0.3934,-2.5574,2.04545045e-04
SUR2,34,5,0.3934,-2.4590,2.92207207e-04
SUR2,34,6,0.3934,-2.3607,6.42855855e-04
SUR2,34,7,0.3934,-2.2623,9.64283782e-04
SUR2,34,8,0.3934,-2.1639,8.18180179e-04
SUR2,34,9,0.3934,-2.0656,1.19804955e-03
SUR2,34,10,0.3934,-1.9672,2.01622973e-03
SUR2,34,11,0.3934,-1.8689,2.45454054e-03
SUR2,34,12,0.3934,-1.7705,3.79869369e-03
SUR2,34,13,0.3934,-1.6721,5.55193693e-03
SUR2,34,14,0.3934,-1.5738,9.75972071e-03
SUR2,34,15,0.3934,-1.4754,1.23895856e-02
SUR2,34,16,0.3934,-1.3770,1.97824279e-02
SUR2,34,17,0.3934,-1.2787,3.14999369e-02
SUR2,34,18,0.3934,-1.1803,5.08440540e-02
SUR2,34,19,0.3934,-1.0820,7.43667341e-02
SUR2,34,20,0.3934,-0.9836,8.56751530e-02
SUR2,34,21,0.3934,-0.8852,7.83991936e-02
SUR2,34,22,0.3934,-0.7869,7.52433558e-02
SUR2,34,23,0.3934,-0.6885,7.50972521e-02
SUR2,34,24,0.3934,-0.5902,7.58569909e-02
SUR2,34,25,0.3934,-0.4918,8.95030674e-02
SUR2,34,26,0.3934,-0.3934,9.44705900e-02
SUR2,34,27,0.3934,-0.2951,9.76556485e-02
SUR2,34,28,0.3934,-0.1967,1.12499775e-01
SUR2,34,29,0.3934,-0.0984,1.20272486e-01
SUR2,34,30,0.3934,0.0000,1.24217284e-01
SUR2,34,31,0.3934,0.0984,1.30967270e-01
SUR2,34,32,0.3934,0.1967,1.30762725e-01
SUR2,34,33,0.3934,0.2951,1.34093887e-01
SUR2,34,34,0.3934,0.3934,1.30938049e-01
SUR2,34,35,0.3934,0.4918,1.20798459e-01
SUR2,34,36,0.3934,0.5902,1.09869910e-01
SUR2,34,37,0.3934,0.6885,9.16654008e-02
SUR2,34,38,0.3934,0.7869,8.05615269e-02
SUR2,34,39,0.3934,0.8852,6.55128558e-02
SUR2,34,40,0.3934,0.9836,5.17206756e-02
SUR2,34,41,0.3934,1.0820,3.93603108e-02
SUR2,34,42,0.3934,1.1803,3.01265630e-02
SUR2,34,43,0.3934,1.2787,2.54220270e-02
SUR2,34,44,0.3934,1.3770,1.89350270e-02
SUR2,34,45,0.3934,1.4754,1.39090630e-02
SUR2,34,46,0.3934,1.5738,1.08408874e-02
SUR2,34,47,0.3934,1.6721,7.74349098e-03
SUR2,34,48,0.3934,1.7705,5.61037837e-03
SUR2,34,49,0.3934,1.8689,3.91557657e-03
SUR2,34,50,0.3934,1.9672,2.57142342e-03
SUR2,34,51,0.3934,2.0656,2.10389189e-03
SUR2,34,52,0.3934,2.1639,1.60713964e-03
SUR2,34,53,0.3934,2.2623,9.35063062e-04
SUR2,34,54,0.3934,2.3607,8.76621620e-04
SUR2,34,55,0.3934,2.4590,4.38310810e-04
SUR2,34,56,0.3934,2.5574,2.92207207e-04
SUR2,34,57,0.3934,2.6557,2.04545045e-04
SUR2,34,58,0.3934,2.7541,1.46103603e-04
SUR2,34,60,0.3934,2.9508,1.46103603e-04
SUR2,35,0,0.4918,-2.9508,8.76621620e-05
SUR2,35,2,0.4918,-2.7541,2.04545045e-04
SUR2,35,3,0.4918,-2.6557,1.75324324e-04
SUR2,35,4,0.4918,-2.5574,3.50648648e-04
SUR2,35,5,0.4918,-2.4590,1.46103603e-04
SUR2,35,6,0.4918,-2.3607,4.09090090e-04
SUR2,35,7,0.4918,-2.2623,2.92207207e-04
SUR2,35,8,0.4918,-2.1639,8.47400900e-04
SUR2,35,9,0.4918,-2.0656,1.43181531e-03
SUR2,35,10,0.4918,-1.9672,1.95778829e-03
SUR2,35,11,0.4918,-1.8689,3.50648648e-03
SUR2,35,12,0.4918,-1.7705,3.65259009e-03
SUR2,35,13,0.4918,-1.6721,6.01946846e-03
SUR2,35,14,0.4918,-1.5738,8.79543692e-03
SUR2,35,15,0.4918,-1.4754,1.31493243e-02
SUR2,35,16,0.4918,-1.3770,2.15356711e-02
SUR2,35,17,0.4918,-1.2787,3.62336936e-02
SUR2,35,18,0.4918,-1.1803,4.33635495e-02
SUR2,35,19,0.4918,-1.0820,3.93018693e-02
SUR2,35,20,0.4918,-0.9836,3.72271981e-02
SUR2,35,21,0.4918,-0.8852,3.53862927e-02
SUR2,35,22,0.4918,-0.7869,3.62336936e-02
SUR2,35,23,0.4918,-0.6885,3.84836891e-02
SUR2,35,24,0.4918,-0.5902,4.38603017e-02
SUR2,35,25,0.4918,-0.4918,4.57888693e-02
SUR2,35,26,0.4918,-0.3934,4.96167837e-02
SUR2,35,27,0.4918,-0.2951,5.51102792e-02
SUR2,35,28,0.4918,-0.1967,5.91719594e-02
SUR2,35,29,0.4918,-0.0984,6.42271441e-02
SUR2,35,30,0.4918,0.0000,7.00128468e-02
SUR2,35,31,0.4918,0.0984,6.91654459e-02
SUR2,35,32,0.4918,0.1967,7.30225810e-02
SUR2,35,33,0.4918,0.2951,7.30810224e-02
SUR2,35,34,0.4918,0.3934,7.65875089e-02
SUR2,35,35,0.4918,0.4918,7.05388197e-02
SUR2,35,36,0.4918,0.5902,6.70323332e-02
SUR2,35,37,0.4918,0.6885,5.79154684e-02
SUR2,35,38,0.4918,0.7869,5.09024954e-02
SUR2,35,39,0.4918,0.8852,4.40064053e-02
SUR2,35,40,0.4918,0.9836,3.28733108e-02
SUR2,35,41,0.4918,1.0820,2.53051441e-02
SUR2,35,42,0.4918,1.1803,2.01915180e-02
SUR2,35,43,0.4918,1.2787,1.53993198e-02
SUR2,35,44,0.4918,1.3770,1.19512748e-02
SUR2,35,45,0.4918,1.4754,1.06655630e-02
SUR2,35,46,0.4918,1.5738,7.80193242e-03
SUR2,35,47,0.4918,1.6721,6.28245495e-03
SUR2,35,48,0.4918,1.7705,4.90908107e-03
SUR2,35,49,0.4918,1.8689,3.44804504e-03
SUR2,35,50,0.4918,1.9672,2.83440991e-03
SUR2,35,51,0.4918,2.0656,1.49025675e-03
SUR2,35,52,0.4918,2.1639,1.11038739e-03
SUR2,35,53,0.4918,2.2623,1.25649099e-03
SUR2,35,54,0.4918,2.3607,6.42855855e-04
SUR2,35,55,0.4918,2.4590,4.09090090e-04
SUR2,35,56,0.4918,2.5574,4.38310810e-04
SUR2,35,57,0.4918,2.6557,2.62986486e-04
SUR2,35,58,0.4918,2.7541,5.84414414e-05
SUR2,35,59,0.4918,2.8525,1.46103603e-04
SUR2,36,0,0.5902,-2.9508,2.62986486e-04
SUR2,36,1,0.5902,-2.8525,1.16882883e-04
SUR2,36,2,0.5902,-2.7541,2.33765765e-04
SUR2,36,3,0.5902,-2.6557,1.46103603e-04
SUR2,36,4,0.5902,-2.5574,2.04545045e-04
SUR2,36,5,0.5902,-2.4590,2.33765765e-04
SUR2,36,6,0.5902,-2.3607,2.92207207e-04
SUR2,36,7,0.5902,-2.2623,4.38310810e-04
SUR2,36,8,0.5902,-2.1639,6.72076576e-04
SUR2,36,9,0.5902,-2.0656,1.22727027e-03
SUR2,36,10,0.5902,-1.9672,1.66558108e-03
SUR2,36,11,0.5902,-1.8689,2.95129279e-03
SUR2,36,12,0.5902,-1.7705,4.32466666e-03
SUR2,36,13,0.5902,-1.6721,4.85063963e-03
SUR2,36,14,0.5902,-1.5738,8.67855404e-03
SUR2,36,15,0.5902,-1.4754,1.54869820e-02
SUR2,36,16,0.5902,-1.3770,2.36395630e-02
SUR2,36,17,0.5902,-1.2787,2.23246306e-02
SUR2,36,18,0.5902,-1.1803,1.81460675e-02
SUR2,36,19,0.5902,-1.0820,1.80291847e-02
SUR2,36,20,0.5902,-0.9836,1.84967162e-02
SUR2,36,21,0.5902,-0.8852,1.82337297e-02
SUR2,36,22,0.5902,-0.7869,2.00161937e-02
SUR2,36,23,0.5902,-0.6885,2.20032027e-02
SUR2,36,24,0.5902,-0.5902,2.38441081e-02
SUR2,36,25,0.5902,-0.4918,2.57434549e-02
SUR2,36,26,0.5902,-0.3934,2.79934504e-02
SUR2,36,27,0.5902,-0.2951,2.95713693e-02
SUR2,36,28,0.5902,-0.1967,3.50064234e-02
SUR2,36,29,0.5902,-0.0984,3.67888873e-02
SUR2,36,30,0.5902,0.0000,3.80453783e-02
SUR2,36,31,0.5902,0.0984,3.95940765e-02
SUR2,36,32,0.5902,0.1967,4.24577071e-02
SUR2,36,33,0.5902,0.2951,4.32758873e-02
SUR2,36,34,0.5902,0.3934,4.49122477e-02
SUR2,36,35,0.5902,0.4918,4.33343288e-02
SUR2,36,36,0.5902,0.5902,4.11427747e-02
SUR2,36,37,0.5902,0.6885,3.80453783e-02
SUR2,36,38,0.5902,0.7869,3.31947387e-02
SUR2,36,39,0.5902,0.8852,2.56850135e-02
SUR2,36,40,0.5902,0.9836,2.10389189e-02
SUR2,36,41,0.5902,1.0820,1.75616531e-02
SUR2,36,42,0.5902,1.1803,1.33830901e-02
SUR2,36,43,0.5902,1.2787,1.06655630e-02
SUR2,36,44,0.5902,1.3770,9.64283782e-03
SUR2,36,45,0.5902,1.4754,8.12336035e-03
SUR2,36,46,0.5902,1.5738,5.99024774e-03
SUR2,36,47,0.5902,1.6721,4.90908107e-03
SUR2,36,48,0.5902,1.7705,4.06168017e-03
SUR2,36,49,0.5902,1.8689,2.60064414e-03
SUR2,36,50,0.5902,1.9672,1.84090540e-03
SUR2,36,51,0.5902,2.0656,1.34415315e-03
SUR2,36,52,0.5902,2.1639,1.34415315e-03
SUR2,36,53,0.5902,2.2623,1.13960811e-03
SUR2,36,54,0.5902,2.3607,5.25972972e-04
SUR2,36,55,0.5902,2.4590,3.79869369e-04
SUR2,36,56,0.5902,2.5574,2.04545045e-04
SUR2,36,57,0.5902,2.6557,1.46103603e-04
SUR2,36,58,0.5902,2.7541,2.92207207e-04
SUR2,36,59,0.5902,2.8525,1.75324324e-04
SUR2,36,60,0.5902,2.9508,1.46103603e-04
SUR2,37,0,0.6885,-2.9508,1.16882883e-04
SUR2,37,1,0.6885,-2.8525,8.76621620e-05
SUR2,37,2,0.6885,-2.7541,1.16882883e-04
SUR2,37,3,0.6885,-2.6557,8.76621620e-05
SUR2,37,4,0.6885,-2.5574,2.33765765e-04
SUR2,37,5,0.6885,-2.4590,2.92207207e-04
SUR2,37,6,0.6885,-2.3607,3.79869369e-04
SUR2,37,7,0.6885,-2.2623,4.96752252e-04
SUR2,37,8,0.6885,-2.1639,9.05842341e-04
SUR2,37,9,0.6885,-2.0656,1.08116667e-03
SUR2,37,10,0.6885,-1.9672,1.78246396e-03
SUR2,37,11,0.6885,-1.8689,2.86363063e-03
SUR2,37,12,0.6885,-1.7705,3.56492792e-03
SUR2,37,13,0.6885,-1.6721,6.66232432e-03
SUR2,37,14,0.6885,-1.5738,1.23019234e-02
SUR2,37,15,0.6885,-1.4754,1.53700991e-02
SUR2,37,16,0.6885,-1.3770,1.13376396e-02
SUR2,37,17,0.6885,-1.2787,9.35063062e-03
SUR2,37,18,0.6885,-1.1803,9.75972071e-03
SUR2,37,19,0.6885,-1.0820,9.55517566e-03
SUR2,37,20,0.6885,-0.9836,9.73049999e-03
SUR2,37,21,0.6885,-0.8852,1.14545225e-02
SUR2,37,22,0.6885,-0.7869,1.24772477e-02
SUR2,37,23,0.6885,-0.6885,1.34123108e-02
SUR2,37,24,0.6885,-0.5902,1.36168558e-02
SUR2,37,25,0.6885,-0.4918,1.37921802e-02
SUR2,37,26,0.6885,-0.3934,1.50778919e-02
SUR2,37,27,0.6885,-0.2951,1.53700991e-02
SUR2,37,28,0.6885,-0.1967,1.95194414e-02
SUR2,37,29,0.6885,-0.0984,2.28506036e-02
SUR2,37,30,0.6885,0.0000,2.40778738e-02
SUR2,37,31,0.6885,0.0984,2.51590405e-02
SUR2,37,32,0.6885,0.1967,2.44285225e-02
SUR2,37,33,0.6885,0.2951,2.69707252e-02
SUR2,37,34,0.6885,0.3934,2.54220270e-02
SUR2,37,35,0.6885,0.4918,2.64447522e-02
SUR2,37,36,0.6885,0.5902,2.60648828e-02
SUR2,37,37,0.6885,0.6885,2.24707342e-02
SUR2,37,38,0.6885,0.7869,1.93441171e-02
SUR2,37,39,0.6885,0.8852,1.69772387e-02
SUR2,37,40,0.6885,0.9836,1.51363333e-02
SUR2,37,41,0.6885,1.0820,1.12207567e-02
SUR2,37,42,0.6885,1.1803,1.01103694e-02
SUR2,37,43,0.6885,1.2787,8.06491891e-03
SUR2,37,44,0.6885,1.3770,6.39933783e-03
SUR2,37,45,0.6885,1.4754,5.93180630e-03
SUR2,37,46,0.6885,1.5738,4.17856306e-03
SUR2,37,47,0.6885,1.6721,3.79869369e-03
SUR2,37,48,0.6885,1.7705,2.77596846e-03
SUR2,37,49,0.6885,1.8689,2.07467117e-03
SUR2,37,50,0.6885,1.9672,1.84090540e-03
SUR2,37,51,0.6885,2.0656,1.51947748e-03
SUR2,37,52,0.6885,2.1639,9.05842341e-04
SUR2,37,53,0.6885,2.2623,5.55193693e-04
SUR2,37,54,0.6885,2.3607,3.21427927e-04
SUR2,37,55,0.6885,2.4590,3.79869369e-04
SUR2,37,56,0.6885,2.5574,2.62986486e-04
SUR2,37,57,0.6885,2.6557,2.62986486e-04
SUR2,37,58,0.6885,2.7541,1.46103603e-04
SUR2,37,59,0.6885,2.8525,2.04545045e-04
SUR2,37,60,0.6885,2.9508,8.76621620e-05
SUR2,38,0,0.7869,-2.9508,1.16882883e-04
SUR2,38,1,0.7869,-2.8525,5.84414414e-05
SUR2,38,2,0.7869,-2.7541,1.16882883e-04
SUR2,38,3,0.7869,-2.6557,1.16882883e-04
SUR2,38,4,0.7869,-2.5574,1.75324324e-04
SUR2,38,5,0.7869,-2.4590,3.79869369e-04
SUR2,38,6,0.7869,-2.3607,6.13635134e-04
SUR2,38,7,0.7869,-2.2623,7.59738738e-04
SUR2,38,8,0.7869,-2.1639,1.40259459e-03
SUR2,38,9,0.7869,-2.0656,1.22727027e-03
SUR2,38,10,0.7869,-1.9672,2.10389189e-03
SUR2,38,11,0.7869,-1.8689,2.83440991e-03
SUR2,38,12,0.7869,-1.7705,4.14934234e-03
SUR2,38,13,0.7869,-1.6721,1.02564730e-02
SUR2,38,14,0.7869,-1.5738,8.73699548e-03
SUR2,38,15,0.7869,-1.4754,6.66232432e-03
SUR2,38,16,0.7869,-1.3770,5.61037837e-03
SUR2,38,17,0.7869,-1.2787,5.31817116e-03
SUR2,38,18,0.7869,-1.1803,5.08440540e-03
SUR2,38,19,0.7869,-1.0820,5.69804053e-03
SUR2,38,20,0.7869,-0.9836,6.25323423e-03
SUR2,38,21,0.7869,-0.8852,7.71427026e-03
SUR2,38,22,0.7869,-0.7869,7.12985585e-03
SUR2,38,23,0.7869,-0.6885,7.10063513e-03
SUR2,38,24,0.7869,-0.5902,8.44478828e-03
SUR2,38,25,0.7869,-0.4918,9.70127927e-03
SUR2,38,26,0.7869,-0.3934,9.20452701e-03
SUR2,38,27,0.7869,-0.2951,1.09285495e-02
SUR2,38,28,0.7869,-0.1967,1.18928333e-02
SUR2,38,29,0.7869,-0.0984,1.25941306e-02
SUR2,38,30,0.7869,0.0000,1.49610090e-02
SUR2,38,31,0.7869,0.0984,1.58376306e-02
SUR2,38,32,0.7869,0.1967,1.55454234e-02
SUR2,38,33,0.7869,0.2951,1.72694459e-02
SUR2,38,34,0.7869,0.3934,1.70649009e-02
SUR2,38,35,0.7869,0.4918,1.60713964e-02
SUR2,38,36,0.7869,0.5902,1.63928243e-02
SUR2,38,37,0.7869,0.6885,1.32662072e-02
SUR2,38,38,0.7869,0.7869,1.31493243e-02
SUR2,38,39,0.7869,0.8852,1.18928333e-02
SUR2,38,40,0.7869,0.9836,1.08116667e-02
SUR2,38,41,0.7869,1.0820,7.65582882e-03
SUR2,38,42,0.7869,1.1803,5.96102702e-03
SUR2,38,43,0.7869,1.2787,5.05518468e-03
SUR2,38,44,0.7869,1.3770,4.14934234e-03
SUR2,38,45,0.7869,1.4754,4.17856306e-03
SUR2,38,46,0.7869,1.5738,3.79869369e-03
SUR2,38,47,0.7869,1.6721,3.09739639e-03
SUR2,38,48,0.7869,1.7705,2.39609910e-03
SUR2,38,49,0.7869,1.8689,1.87012612e-03
SUR2,38,50,0.7869,1.9672,1.28571171e-03
SUR2,38,51,0.7869,2.0656,8.47400900e-04
SUR2,38,52,0.7869,2.1639,6.72076576e-04
SUR2,38,53,0.7869,2.2623,6.42855855e-04
SUR2,38,54,0.7869,2.3607,3.79869369e-04
SUR2,38,55,0.7869,2.4590,3.79869369e-04
SUR2,38,56,0.7869,2.5574,1.75324324e-04
SUR2,38,57,0.7869,2.6557,2.62986486e-04
SUR2,38,58,0.7869,2.7541,2.04545045e-04
SUR2,38,59,0.7869,2.8525,8.76621620e-05
SUR2,38,60,0.7869,2.9508,5.84414414e-05
SUR2,39,0,0.8852,-2.9508,8.76621620e-05
SUR2,39,1,0.8852,-2.8525,2.92207207e-05
SUR2,39,2,0.8852,-2.7541,1.16882883e-04
SUR2,39,3,0.8852,-2.6557,1.16882883e-04
SUR2,39,4,0.8852,-2.5574,1.75324324e-04
SUR2,39,5,0.8852,-2.4590,3.79869369e-04
SUR2,39,6,0.8852,-2.3607,7.01297296e-04
SUR2,39,7,0.8852,-2.2623,1.31493243e-03
SUR2,39,8,0.8852,-2.1639,1.49025675e-03
SUR2,39,9,0.8852,-2.0656,1.78246396e-03
SUR2,39,10,0.8852,-1.9672,2.33765765e-03
SUR2,39,11,0.8852,-1.8689,4.41232882e-03
SUR2,39,12,0.8852,-1.7705,6.92531080e-03
SUR2,39,13,0.8852,-1.6721,6.34089639e-03
SUR2,39,14,0.8852,-1.5738,3.68181081e-03
SUR2,39,15,0.8852,-1.4754,3.62336936e-03
SUR2,39,16,0.8852,-1.3770,3.00973423e-03
SUR2,39,17,0.8852,-1.2787,2.74674774e-03
SUR2,39,18,0.8852,-1.1803,3.18505855e-03
SUR2,39,19,0.8852,-1.0820,3.38960360e-03
SUR2,39,20,0.8852,-0.9836,2.80518919e-03
SUR2,39,21,0.8852,-0.8852,3.88635585e-03
SUR2,39,22,0.8852,-0.7869,4.82141891e-03
SUR2,39,23,0.8852,-0.6885,5.43505405e-03
SUR2,39,24,0.8852,-0.5902,5.46427477e-03
SUR2,39,25,0.8852,-0.4918,5.49349549e-03
SUR2,39,26,0.8852,-0.3934,6.19479278e-03
SUR2,39,27,0.8852,-0.2951,6.66232432e-03
SUR2,39,28,0.8852,-0.1967,7.91881530e-03
SUR2,39,29,0.8852,-0.0984,9.11686485e-03
SUR2,39,30,0.8852,0.0000,1.02272522e-02
SUR2,39,31,0.8852,0.0984,9.81816215e-03
SUR2,39,32,0.8852,0.1967,1.05779009e-02
SUR2,39,33,0.8852,0.2951,1.13668603e-02
SUR2,39,34,0.8852,0.3934,1.15129639e-02
SUR2,39,35,0.8852,0.4918,1.06363423e-02
SUR2,39,36,0.8852,0.5902,1.10454324e-02
SUR2,39,37,0.8852,0.6885,1.02272522e-02
SUR2,39,38,0.8852,0.7869,9.40907206e-03
SUR2,39,39,0.8852,0.8852,8.29868467e-03
SUR2,39,40,0.8852,0.9836,7.27595945e-03
SUR2,39,41,0.8852,1.0820,4.85063963e-03
SUR2,39,42,0.8852,1.1803,3.97401801e-03
SUR2,39,43,0.8852,1.2787,3.12661711e-03
SUR2,39,44,0.8852,1.3770,2.86363063e-03
SUR2,39,45,0.8852,1.4754,2.74674774e-03
SUR2,39,46,0.8852,1.5738,2.39609910e-03
SUR2,39,47,0.8852,1.6721,1.81168468e-03
SUR2,39,48,0.8852,1.7705,2.01622973e-03
SUR2,39,49,0.8852,1.8689,1.40259459e-03
SUR2,39,50,0.8852,1.9672,1.05194594e-03
SUR2,39,51,0.8852,2.0656,7.88959458e-04
SUR2,39,52,0.8852,2.1639,4.38310810e-04
SUR2,39,53,0.8852,2.2623,3.21427927e-04
SUR2,39,54,0.8852,2.3607,2.33765765e-04
SUR2,39,55,0.8852,2.4590,4.38310810e-04
SUR2,39,56,0.8852,2.5574,1.46103603e-04
SUR2,39,57,0.8852,2.6557,1.75324324e-04
SUR2,39,58,0.8852,2.7541,1.75324324e-04
SUR2,39,59,0.8852,2.8525,1.75324324e-04
SUR2,39,60,0.8852,2.9508,1.16882883e-04
SUR2,40,0,0.9836,-2.9508,2.92207207e-05
SUR2,40,1,0.9836,-2.8525,2.04545045e-04
SUR2,40,3,0.9836,-2.6557,1.46103603e-04
SUR2,40,4,0.9836,-2.5574,3.21427927e-04
SUR2,40,5,0.9836,-2.4590,4.67531531e-04
SUR2,40,6,0.9836,-2.3607,6.42855855e-04
SUR2,40,7,0.9836,-2.2623,8.18180179e-04
SUR2,40,8,0.9836,-2.1639,1.49025675e-03
SUR2,40,9,0.9836,-2.0656,1.87012612e-03
SUR2,40,10,0.9836,-1.9672,2.68830630e-03
SUR2,40,11,0.9836,-1.8689,3.65259009e-03
SUR2,40,12,0.9836,-1.7705,2.86363063e-03
SUR2,40,13,0.9836,-1.6721,2.42531982e-03
SUR2,40,14,0.9836,-1.5738,2.04545045e-03
SUR2,40,15,0.9836,-1.4754,1.81168468e-03
SUR2,40,16,0.9836,-1.3770,1.75324324e-03
SUR2,40,17,0.9836,-1.2787,1.81168468e-03
SUR2,40,18,0.9836,-1.1803,1.66558108e-03
SUR2,40,19,0.9836,-1.0820,1.75324324e-03
SUR2,40,20,0.9836,-0.9836,1.84090540e-03
SUR2,40,21,0.9836,-0.8852,1.84090540e-03
SUR2,40,22,0.9836,-0.7869,2.71752702e-03
SUR2,40,23,0.9836,-0.6885,3.09739639e-03
SUR2,40,24,0.9836,-0.5902,3.47726576e-03
SUR2,40,25,0.9836,-0.4918,3.62336936e-03
SUR2,40,26,0.9836,-0.3934,4.03245945e-03
SUR2,40,27,0.9836,-0.2951,5.08440540e-03
SUR2,40,28,0.9836,-0.1967,5.84414414e-03
SUR2,40,29,0.9836,-0.0984,6.51622071e-03
SUR2,40,30,0.9836,0.0000,6.22401351e-03
SUR2,40,31,0.9836,0.0984,7.04219368e-03
SUR2,40,32,0.9836,0.1967,6.80842792e-03
SUR2,40,33,0.9836,0.2951,6.80842792e-03
SUR2,40,34,0.9836,0.3934,6.66232432e-03
SUR2,40,35,0.9836,0.4918,7.59738738e-03
SUR2,40,36,0.9836,0.5902,6.51622071e-03
SUR2,40,37,0.9836,0.6885,6.86686936e-03
SUR2,40,38,0.9836,0.7869,6.92531080e-03
SUR2,40,39,0.9836,0.8852,5.87336486e-03
SUR2,40,40,0.9836,0.9836,5.52271621e-03
SUR2,40,41,0.9836,1.0820,4.23700450e-03
SUR2,40,42,0.9836,1.1803,3.09739639e-03
SUR2,40,43,0.9836,1.2787,2.27921621e-03
SUR2,40,44,0.9836,1.3770,1.75324324e-03
SUR2,40,45,0.9836,1.4754,1.89934684e-03
SUR2,40,46,0.9836,1.5738,1.51947748e-03
SUR2,40,47,0.9836,1.6721,1.22727027e-03
SUR2,40,48,0.9836,1.7705,1.11038739e-03
SUR2,40,49,0.9836,1.8689,1.11038739e-03
SUR2,40,50,0.9836,1.9672,4.09090090e-04
SUR2,40,51,0.9836,2.0656,3.79869369e-04
SUR2,40,52,0.9836,2.1639,6.72076576e-04
SUR2,40,53,0.9836,2.2623,3.79869369e-04
SUR2,40,54,0.9836,2.3607,2.92207207e-04
SUR2,40,55,0.9836,2.4590,2.33765765e-04
SUR2,40,56,0.9836,2.5574,1.75324324e-04
SUR2,40,57,0.9836,2.6557,5.84414414e-05
SUR2,40,58,0.9836,2.7541,2.04545045e-04
SUR2,40,59,0.9836,2.8525,1.16882883e-04
SUR2,40,60,0.9836,2.9508,1.46103603e-04
SUR2,41,0,1.0820,-2.9508,8.76621620e-05
SUR2,41,1,1.0820,-2.8525,2.04545045e-04
SUR2,41,2,1.0820,-2.7541,1.16882883e-04
SUR2,41,3,1.0820,-2.6557,3.79869369e-04
SUR2,41,4,1.0820,-2.5574,4.96752252e-04
SUR2,41,5,1.0820,-2.4590,6.13635134e-04
SUR2,41,6,1.0820,-2.3607,7.30518017e-04
SUR2,41,7,1.0820,-2.2623,1.19804955e-03
SUR2,41,8,1.0820,-2.1639,1.43181531e-03
SUR2,41,9,1.0820,-2.0656,2.54220270e-03
SUR2,41,10,1.0820,-1.9672,2.51298198e-03
SUR2,41,11,1.0820,-1.8689,1.84090540e-03
SUR2,41,12,1.0820,-1.7705,1.92856756e-03
SUR2,41,13,1.0820,-1.6721,9.93504503e-04
SUR2,41,14,1.0820,-1.5738,1.05194594e-03
SUR2,41,15,1.0820,-1.4754,1.08116667e-03
SUR2,41,16,1.0820,-1.3770,9.35063062e-04
SUR2,41,17,1.0820,-1.2787,7.30518017e-04
SUR2,41,18,1.0820,-1.1803,1.02272522e-03
SUR2,41,19,1.0820,-1.0820,9.93504503e-04
SUR2,41,20,1.0820,-0.9836,1.46103603e-03
SUR2,41,21,1.0820,-0.8852,1.54869820e-03
SUR2,41,22,1.0820,-0.7869,1.81168468e-03
SUR2,41,23,1.0820,-0.6885,2.16233333e-03
SUR2,41,24,1.0820,-0.5902,1.87012612e-03
SUR2,41,25,1.0820,-0.4918,2.71752702e-03
SUR2,41,26,1.0820,-0.3934,2.54220270e-03
SUR2,41,27,1.0820,-0.2951,2.92207207e-03
SUR2,41,28,1.0820,-0.1967,4.06168017e-03
SUR2,41,29,1.0820,-0.0984,3.50648648e-03
SUR2,41,30,1.0820,0.0000,5.02596396e-03
SUR2,41,31,1.0820,0.0984,3.94479729e-03
SUR2,41,32,1.0820,0.1967,4.26622522e-03
SUR2,41,33,1.0820,0.2951,5.14284684e-03
SUR2,41,34,1.0820,0.3934,4.58765315e-03
SUR2,41,35,1.0820,0.4918,4.47077026e-03
SUR2,41,36,1.0820,0.5902,4.29544594e-03
SUR2,41,37,1.0820,0.6885,4.85063963e-03
SUR2,41,38,1.0820,0.7869,4.79219819e-03
SUR2,41,39,1.0820,0.8852,4.00323873e-03
SUR2,41,40,1.0820,0.9836,3.85713513e-03
SUR2,41,41,1.0820,1.0820,2.95129279e-03
SUR2,41,42,1.0820,1.1803,2.39609910e-03
SUR2,41,43,1.0820,1.2787,1.51947748e-03
SUR2,41,44,1.0820,1.3770,1.89934684e-03
SUR2,41,45,1.0820,1.4754,1.46103603e-03
SUR2,41,46,1.0820,1.5738,1.37337387e-03
SUR2,41,47,1.0820,1.6721,9.64283782e-04
SUR2,41,48,1.0820,1.7705,1.13960811e-03
SUR2,41,49,1.0820,1.8689,9.35063062e-04
SUR2,41,50,1.0820,1.9672,6.13635134e-04
SUR2,41,51,1.0820,2.0656,7.01297296e-04
SUR2,41,52,1.0820,2.1639,2.04545045e-04
SUR2,41,53,1.0820,2.2623,1.75324324e-04
SUR2,41,54,1.0820,2.3607,1.75324324e-04
SUR2,41,55,1.0820,2.4590,2.04545045e-04
SUR2,41,56,1.0820,2.5574,2.62986486e-04
SUR2,41,57,1.0820,2.6557,2.04545045e-04
SUR2,41,58,1.0820,2.7541,1.46103603e-04
SUR2,41,59,1.0820,2.8525,5.84414414e-05
SUR2,41,60,1.0820,2.9508,1.16882883e-04
SUR2,42,0,1.1803,-2.9508,8.76621620e-05
SUR2,42,1,1.1803,-2.8525,1.16882883e-04
SUR2,42,2,1.1803,-2.7541,2.04545045e-04
SUR2,42,3,1.1803,-2.6557,3.21427927e-04
SUR2,42,4,1.1803,-2.5574,3.79869369e-04
SUR2,42,5,1.1803,-2.4590,5.55193693e-04
SUR2,42,6,1.1803,-2.3607,9.05842341e-04
SUR2,42,7,1.1803,-2.2623,1.13960811e-03
SUR2,42,8,1.1803,-2.1639,1.69480180e-03
SUR2,42,9,1.1803,-2.0656,1.49025675e-03
SUR2,42,10,1.1803,-1.9672,9.93504503e-04
SUR2,42,11,1.1803,-1.8689,1.05194594e-03
SUR2,42,12,1.1803,-1.7705,5.55193693e-04
SUR2,42,13,1.1803,-1.6721,3.79869369e-04
SUR2,42,14,1.1803,-1.5738,7.01297296e-04
SUR2,42,15,1.1803,-1.4754,5.55193693e-04
SUR2,42,16,1.1803,-1.3770,5.25972972e-04
SUR2,42,17,1.1803,-1.2787,7.01297296e-04
SUR2,42,18,1.1803,-1.1803,5.84414414e-04
SUR2,42,19,1.1803,-1.0820,7.59738738e-04
SUR2,42,20,1.1803,-0.9836,7.88959458e-04
SUR2,42,21,1.1803,-0.8852,8.18180179e-04
SUR2,42,22,1.1803,-0.7869,1.28571171e-03
SUR2,42,23,1.1803,-0.6885,1.43181531e-03
SUR2,42,24,1.1803,-0.5902,1.69480180e-03
SUR2,42,25,1.1803,-0.4918,1.49025675e-03
SUR2,42,26,1.1803,-0.3934,2.16233333e-03
SUR2,42,27,1.1803,-0.2951,1.81168468e-03
SUR2,42,28,1.1803,-0.1967,1.95778829e-03
SUR2,42,29,1.1803,-0.0984,2.89285135e-03
SUR2,42,30,1.1803,0.0000,2.68830630e-03
SUR2,42,31,1.1803,0.0984,2.36687838e-03
SUR2,42,32,1.1803,0.1967,3.00973423e-03
SUR2,42,33,1.1803,0.2951,2.42531982e-03
SUR2,42,34,1.1803,0.3934,2.71752702e-03
SUR2,42,35,1.1803,0.4918,2.57142342e-03
SUR2,42,36,1.1803,0.5902,2.68830630e-03
SUR2,42,37,1.1803,0.6885,2.95129279e-03
SUR2,42,38,1.1803,0.7869,2.95129279e-03
SUR2,42,39,1.1803,0.8852,2.54220270e-03
SUR2,42,40,1.1803,0.9836,2.51298198e-03
SUR2,42,41,1.1803,1.0820,2.33765765e-03
SUR2,42,42,1.1803,1.1803,2.27921621e-03
SUR2,42,43,1.1803,1.2787,1.19804955e-03
SUR2,42,44,1.1803,1.3770,1.63636036e-03
SUR2,42,45,1.1803,1.4754,8.76621620e-04
SUR2,42,46,1.1803,1.5738,1.02272522e-03
SUR2,42,47,1.1803,1.6721,7.88959458e-04
SUR2,42,48,1.1803,1.7705,6.72076576e-04
SUR2,42,49,1.1803,1.8689,4.67531531e-04
SUR2,42,50,1.1803,1.9672,5.25972972e-04
SUR2,42,51,1.1803,2.0656,3.50648648e-04
SUR2,42,52,1.1803,2.1639,2.04545045e-04
SUR2,42,53,1.1803,2.2623,2.92207207e-04
SUR2,42,54,1.1803,2.3607,2.33765765e-04
SUR2,42,55,1.1803,2.4590,8.76621620e-05
SUR2,42,56,1.1803,2.5574,1.75324324e-04
SUR2,42,57,1.1803,2.6557,1.46103603e-04
SUR2,42,58,1.1803,2.7541,1.46103603e-04
SUR2,42,59,1.1803,2.8525,1.75324324e-04
SUR2,42,60,1.1803,2.9508,5.84414414e-05
SUR2,43,0,1.2787,-2.9508,5.84414414e-05
SUR2,43,1,1.2787,-2.8525,5.84414414e-05
SUR2,43,2,1.2787,-2.7541,3.50648648e-04
SUR2,43,3,1.2787,-2.6557,3.21427927e-04
SUR2,43,4,1.2787,-2.5574,2.62986486e-04
SUR2,43,5,1.2787,-2.4590,7.88959458e-04
SUR2,43,6,1.2787,-2.3607,9.64283782e-04
SUR2,43,7,1.2787,-2.2623,9.64283782e-04
SUR2,43,8,1.2787,-2.1639,1.13960811e-03
SUR2,43,9,1.2787,-2.0656,7.88959458e-04
SUR2,43,10,1.2787,-1.9672,4.67531531e-04
SUR2,43,11,1.2787,-1.8689,7.30518017e-04
SUR2,43,12,1.2787,-1.7705,5.84414414e-04
SUR2,43,13,1.2787,-1.6721,4.09090090e-04
SUR2,43,14,1.2787,-1.5738,5.55193693e-04
SUR2,43,15,1.2787,-1.4754,3.21427927e-04
SUR2,43,16,1.2787,-1.3770,3.21427927e-04
SUR2,43,17,1.2787,-1.2787,3.21427927e-04
SUR2,43,18,1.2787,-1.1803,4.09090090e-04
SUR2,43,19,1.2787,-1.0820,4.67531531e-04
SUR2,43,20,1.2787,-0.9836,5.25972972e-04
SUR2,43,21,1.2787,-0.8852,6.42855855e-04
SUR2,43,22,1.2787,-0.7869,5.55193693e-04
SUR2,43,23,1.2787,-0.6885,8.47400900e-04
SUR2,43,24,1.2787,-0.5902,6.72076576e-04
SUR2,43,25,1.2787,-0.4918,1.02272522e-03
SUR2,43,26,1.2787,-0.3934,1.05194594e-03
SUR2,43,27,1.2787,-0.2951,1.84090540e-03
SUR2,43,28,1.2787,-0.1967,1.66558108e-03
SUR2,43,29,1.2787,-0.0984,1.98700901e-03
SUR2,43,30,1.2787,0.0000,2.30843693e-03
SUR2,43,31,1.2787,0.0984,1.84090540e-03
SUR2,43,32,1.2787,0.1967,2.19155405e-03
SUR2,43,33,1.2787,0.2951,1.78246396e-03
SUR2,43,34,1.2787,0.3934,1.60713964e-03
SUR2,43,35,1.2787,0.4918,2.13311261e-03
SUR2,43,36,1.2787,0.5902,1.54869820e-03
SUR2,43,37,1.2787,0.6885,1.84090540e-03
SUR2,43,38,1.2787,0.7869,1.92856756e-03
SUR2,43,39,1.2787,0.8852,1.95778829e-03
SUR2,43,40,1.2787,0.9836,1.98700901e-03
SUR2,43,41,1.2787,1.0820,1.72402252e-03
SUR2,43,42,1.2787,1.1803,1.49025675e-03
SUR2,43,43,1.2787,1.2787,1.31493243e-03
SUR2,43,44,1.2787,1.3770,1.11038739e-03
SUR2,43,45,1.2787,1.4754,7.59738738e-04
SUR2,43,46,1.2787,1.5738,9.05842341e-04
SUR2,43,47,1.2787,1.6721,7.88959458e-04
SUR2,43,48,1.2787,1.7705,7.30518017e-04
SUR2,43,49,1.2787,1.8689,6.72076576e-04
SUR2,43,50,1.2787,1.9672,5.84414414e-04
SUR2,43,51,1.2787,2.0656,3.50648648e-04
SUR2,43,52,1.2787,2.1639,2.92207207e-04
SUR2,43,53,1.2787,2.2623,1.75324324e-04
SUR2,43,54,1.2787,2.3607,3.21427927e-04
SUR2,43,55,1.2787,2.4590,1.46103603e-04
SUR2,43,56,1.2787,2.5574,1.46103603e-04
SUR2,43,57,1.2787,2.6557,8.76621620e-05
SUR2,43,58,1.2787,2.7541,1.75324324e-04
SUR2,43,59,1.2787,2.8525,5.84414414e-05
SUR2,44,0,1.3770,-2.9508,2.92207207e-05
SUR2,44,1,1.3770,-2.8525,1.46103603e-04
SUR2,44,2,1.3770,-2.7541,2.04545045e-04
SUR2,44,3,1.3770,-2.6557,5.55193693e-04
SUR2,44,4,1.3770,-2.5574,6.42855855e-04
SUR2,44,5,1.3770,-2.4590,6.72076576e-04
SUR2,44,6,1.3770,-2.3607,9.05842341e-04
SUR2,44,7,1.3770,-2.2623,8.18180179e-04
SUR2,44,8,1.3770,-2.1639,6.72076576e-04
SUR2,44,9,1.3770,-2.0656,6.72076576e-04
SUR2,44,10,1.3770,-1.9672,4.09090090e-04
SUR2,44,11,1.3770,-1.8689,3.50648648e-04
SUR2,44,12,1.3770,-1.7705,2.92207207e-04
SUR2,44,13,1.3770,-1.6721,4.38310810e-04
SUR2,44,14,1.3770,-1.5738,2.62986486e-04
SUR2,44,15,1.3770,-1.4754,3.21427927e-04
SUR2,44,16,1.3770,-1.3770,3.50648648e-04
SUR2,44,17,1.3770,-1.2787,2.33765765e-04
SUR2,44,18,1.3770,-1.1803,3.50648648e-04
SUR2,44,19,1.3770,-1.0820,2.62986486e-04
SUR2,44,20,1.3770,-0.9836,3.50648648e-04
SUR2,44,21,1.3770,-0.8852,3.50648648e-04
SUR2,44,22,1.3770,-0.7869,4.38310810e-04
SUR2,44,23,1.3770,-0.6885,4.38310810e-04
SUR2,44,24,1.3770,-0.5902,6.72076576e-04
SUR2,44,25,1.3770,-0.4918,9.05842341e-04
SUR2,44,26,1.3770,-0.3934,6.42855855e-04
SUR2,44,27,1.3770,-0.2951,1.02272522e-03
SUR2,44,28,1.3770,-0.1967,9.35063062e-04
SUR2,44,29,1.3770,-0.0984,9.35063062e-04
SUR2,44,30,1.3770,0.0000,9.35063062e-04
SUR2,44,31,1.3770,0.0984,1.02272522e-03
SUR2,44,32,1.3770,0.1967,1.49025675e-03
SUR2,44,33,1.3770,0.2951,1.43181531e-03
SUR2,44,34,1.3770,0.3934,1.34415315e-03
SUR2,44,35,1.3770,0.4918,9.93504503e-04
SUR2,44,36,1.3770,0.5902,1.05194594e-03
SUR2,44,37,1.3770,0.6885,1.40259459e-03
SUR2,44,38,1.3770,0.7869,9.64283782e-04
SUR2,44,39,1.3770,0.8852,1.31493243e-03
SUR2,44,40,1.3770,0.9836,1.34415315e-03
SUR2,44,41,1.3770,1.0820,1.19804955e-03
SUR2,44,42,1.3770,1.1803,9.05842341e-04
SUR2,44,43,1.3770,1.2787,9.35063062e-04
SUR2,44,44,1.3770,1.3770,5.55193693e-04
SUR2,44,45,1.3770,1.4754,8.76621620e-04
SUR2,44,46,1.3770,1.5738,6.13635134e-04
SUR2,44,47,1.3770,1.6721,5.25972972e-04
SUR2,44,48,1.3770,1.7705,6.42855855e-04
SUR2,44,49,1.3770,1.8689,2.92207207e-04
SUR2,44,50,1.3770,1.9672,2.33765765e-04
SUR2,44,51,1.3770,2.0656,2.62986486e-04
SUR2,44,52,1.3770,2.1639,1.46103603e-04
SUR2,44,53,1.3770,2.2623,8.76621620e-05
SUR2,44,54,1.3770,2.3607,2.92207207e-04
SUR2,44,55,1.3770,2.4590,8.76621620e-05
SUR2,44,56,1.3770,2.5574,5.84414414e-05
SUR2,44,57,1.3770,2.6557,1.16882883e-04
SUR2,44,58,1.3770,2.7541,8.76621620e-05
SUR2,44,59,1.3770,2.8525,8.76621620e-05
SUR2,44,60,1.3770,2.9508,8.76621620e-05
SUR2,45,0,1.4754,-2.9508,5.84414414e-05
SUR2,45,1,1.4754,-2.8525,2.33765765e-04
SUR2,45,2,1.4754,-2.7541,1.16882883e-04
SUR2,45,3,1.4754,-2.6557,4.96752252e-04
SUR2,45,4,1.4754,-2.5574,5.55193693e-04
SUR2,45,5,1.4754,-2.4590,7.01297296e-04
SUR2,45,6,1.4754,-2.3607,3.79869369e-04
SUR2,45,7,1.4754,-2.2623,3.50648648e-04
SUR2,45,8,1.4754,-2.1639,2.04545045e-04
SUR2,45,9,1.4754,-2.0656,1.75324324e-04
SUR2,45,10,1.4754,-1.9672,2.04545045e-04
SUR2,45,11,1.4754,-1.8689,4.09090090e-04
SUR2,45,12,1.4754,-1.7705,2.92207207e-04
SUR2,45,13,1.4754,-1.6721,2.92207207e-04
SUR2,45,14,1.4754,-1.5738,3.50648648e-04
SUR2,45,15,1.4754,-1.4754,1.16882883e-04
SUR2,45,16,1.4754,-1.3770,3.50648648e-04
SUR2,45,17,1.4754,-1.2787,2.04545045e-04
SUR2,45,18,1.4754,-1.1803,1.75324324e-04
SUR2,45,19,1.4754,-1.0820,2.92207207e-05
SUR2,45,20,1.4754,-0.9836,1.75324324e-04
SUR2,45,21,1.4754,-0.8852,4.38310810e-04
SUR2,45,22,1.4754,-0.7869,3.79869369e-04
SUR2,45,23,1.4754,-0.6885,3.50648648e-04
SUR2,45,24,1.4754,-0.5902,4.96752252e-04
SUR2,45,25,1.4754,-0.4918,6.72076576e-04
SUR2,45,26,1.4754,-0.3934,8.76621620e-04
SUR2,45,27,1.4754,-0.2951,7.01297296e-04
SUR2,45,28,1.4754,-0.1967,8.18180179e-04
SUR2,45,29,1.4754,-0.0984,5.25972972e-04
SUR2,45,30,1.4754,0.0000,7.88959458e-04
SUR2,45,31,1.4754,0.0984,4.96752252e-04
SUR2,45,32,1.4754,0.1967,1.02272522e-03
SUR2,45,33,1.4754,0.2951,9.05842341e-04
SUR2,45,34,1.4754,0.3934,1.02272522e-03
SUR2,45,35,1.4754,0.4918,1.16882883e-03
SUR2,45,36,1.4754,0.5902,8.18180179e-04
SUR2,45,37,1.4754,0.6885,8.76621620e-04
SUR2,45,38,1.4754,0.7869,1.13960811e-03
SUR2,45,39,1.4754,0.8852,9.35063062e-04
SUR2,45,40,1.4754,0.9836,7.01297296e-04
SUR2,45,41,1.4754,1.0820,8.18180179e-04
SUR2,45,42,1.4754,1.1803,1.11038739e-03
SUR2,45,43,1.4754,1.2787,4.67531531e-04
SUR2,45,44,1.4754,1.3770,5.25972972e-04
SUR2,45,45,1.4754,1.4754,4.09090090e-04
SUR2,45,46,1.4754,1.5738,6.42855855e-04
SUR2,45,47,1.4754,1.6721,2.04545045e-04
SUR2,45,48,1.4754,1.7705,4.38310810e-04
SUR2,45,49,1.4754,1.8689,5.25972972e-04
SUR2,45,50,1.4754,1.9672,3.21427927e-04
SUR2,45,51,1.4754,2.0656,1.75324324e-04
SUR2,45,52,1.4754,2.1639,1.75324324e-04
SUR2,45,53,1.4754,2.2623,5.84414414e-05
SUR2,45,54,1.4754,2.3607,2.04545045e-04
SUR2,45,55,1.4754,2.4590,8.76621620e-05
SUR2,45,56,1.4754,2.5574,5.84414414e-05
SUR2,45,57,1.4754,2.6557,1.16882883e-04
SUR2,45,58,1.4754,2.7541,1.75324324e-04
SUR2,45,59,1.4754,2.8525,8.76621620e-05
SUR2,45,60,1.4754,2.9508,5.84414414e-05
SUR2,46,0,1.5738,-2.9508,2.92207207e-05
SUR2,46,1,1.5738,-2.8525,5.84414414e-05
SUR2,46,2,1.5738,-2.7541,2.92207207e-04
SUR2,46,3,1.5738,-2.6557,4.96752252e-04
SUR2,46,4,1.5738,-2.5574,5.55193693e-04
SUR2,46,5,1.5738,-2.4590,4.96752252e-04
SUR2,46,6,1.5738,-2.3607,1.75324324e-04
SUR2,46,7,1.5738,-2.2623,2.33765765e-04
SUR2,46,8,1.5738,-2.1639,2.04545045e-04
SUR2,46,9,1.5738,-2.0656,2.62986486e-04
SUR2,46,10,1.5738,-1.9672,3.21427927e-04
SUR2,46,11,1.5738,-1.8689,5.84414414e-05
SUR2,46,12,1.5738,-1.7705,1.46103603e-04
SUR2,46,13,1.5738,-1.6721,8.76621620e-05
SUR2,46,14,1.5738,-1.5738,2.33765765e-04
SUR2,46,15,1.5738,-1.4754,8.76621620e-05
SUR2,46,16,1.5738,-1.3770,3.21427927e-04
SUR2,46,17,1.5738,-1.2787,1.16882883e-04
SUR2,46,18,1.5738,-1.1803,1.46103603e-04
SUR2,46,19,1.5738,-1.0820,2.92207207e-04
SUR2,46,20,1.5738,-0.9836,1.46103603e-04
SUR2,46,21,1.5738,-0.8852,8.76621620e-05
SUR2,46,22,1.5738,-0.7869,8.76621620e-05
SUR2,46,23,1.5738,-0.6885,2.92207207e-04
SUR2,46,24,1.5738,-0.5902,3.50648648e-04
SUR2,46,25,1.5738,-0.4918,3.50648648e-04
SUR2,46,26,1.5738,-0.3934,2.92207207e-04
SUR2,46,27,1.5738,-0.2951,2.92207207e-04
SUR2,46,28,1.5738,-0.1967,4.38310810e-04
SUR2,46,29,1.5738,-0.0984,4.38310810e-04
SUR2,46,30,1.5738,0.0000,4.67531531e-04
SUR2,46,31,1.5738,0.0984,7.01297296e-04
SUR2,46,32,1.5738,0.1967,6.13635134e-04
SUR2,46,33,1.5738,0.2951,5.25972972e-04
SUR2,46,34,1.5738,0.3934,5.84414414e-04
SUR2,46,35,1.5738,0.4918,4.96752252e-04
SUR2,46,36,1.5738,0.5902,9.93504503e-04
SUR2,46,37,1.5738,0.6885,6.72076576e-04
SUR2,46,38,1.5738,0.7869,6.72076576e-04
SUR2,46,39,1.5738,0.8852,7.01297296e-04
SUR2,46,40,1.5738,0.9836,4.96752252e-04
SUR2,46,41,1.5738,1.0820,4.38310810e-04
SUR2,46,42,1.5738,1.1803,9.05842341e-04
SUR2,46,43,1.5738,1.2787,4.09090090e-04
SUR2,46,44,1.5738,1.3770,3.79869369e-04
SUR2,46,45,1.5738,1.4754,2.62986486e-04
SUR2,46,46,1.5738,1.5738,3.21427927e-04
SUR2,46,47,1.5738,1.6721,2.92207207e-04
SUR2,46,48,1.5738,1.7705,3.21427927e-04
SUR2,46,49,1.5738,1.8689,3.21427927e-04
SUR2,46,50,1.5738,1.9672,1.75324324e-04
SUR2,46,51,1.5738,2.0656,2.62986486e-04
SUR2,46,52,1.5738,2.1639,1.46103603e-04
SUR2,46,53,1.5738,2.2623,1.16882883e-04
SUR2,46,54,1.5738,2.3607,5.84414414e-05
SUR2,46,55,1.5738,2.4590,2.92207207e-05
SUR2,46,56,1.5738,2.5574,5.84414414e-05
SUR2,46,57,1.5738,2.6557,1.46103603e-04
SUR2,46,58,1.5738,2.7541,1.75324324e-04
SUR2,46,59,1.5738,2.8525,8.76621620e-05
SUR2,46,60,1.5738,2.9508,2.92207207e-05
SUR2,47,0,1.6721,-2.9508,1.75324324e-04
SUR2,47,1,1.6721,-2.8525,2.04545045e-04
SUR2,47,2,1.6721,-2.7541,2.92207207e-04
SUR2,47,3,1.6721,-2.6557,4.96752252e-04
SUR2,47,4,1.6721,-2.5574,2.92207207e-04
SUR2,47,5,1.6721,-2.4590,5.84414414e-05
SUR2,47,6,1.6721,-2.3607,5.84414414e-05
SUR2,47,7,1.6721,-2.2623,2.62986486e-04
SUR2,47,8,1.6721,-2.1639,2.04545045e-04
SUR2,47,9,1.6721,-2.0656,2.33765765e-04
SUR2,47,10,1.6721,-1.9672,2.04545045e-04
SUR2,47,11,1.6721,-1.8689,2.04545045e-04
SUR2,47,12,1.6721,-1.7705,2.62986486e-04
SUR2,47,13,1.6721,-1.6721,2.04545045e-04
SUR2,47,14,1.6721,-1.5738,1.16882883e-04
SUR2,47,15,1.6721,-1.4754,1.46103603e-04
SUR2,47,16,1.6721,-1.3770,1.46103603e-04
SUR2,47,17,1.6721,-1.2787,8.76621620e-05
SUR2,47,19,1.6721,-1.0820,2.92207207e-05
SUR2,47,20,1.6721,-0.9836,8.76621620e-05
SUR2,47,21,1.6721,-0.8852,1.46103603e-04
SUR2,47,22,1.6721,-0.7869,2.92207207e-04
SUR2,47,23,1.6721,-0.6885,1.16882883e-04
SUR2,47,24,1.6721,-0.5902,2.04545045e-04
SUR2,47,25,1.6721,-0.4918,2.04545045e-04
SUR2,47,26,1.6721,-0.3934,3.50648648e-04
SUR2,47,27,1.6721,-0.2951,2.62986486e-04
SUR2,47,28,1.6721,-0.1967,2.04545045e-04
SUR2,47,29,1.6721,-0.0984,4.38310810e-04
SUR2,47,30,1.6721,0.0000,5.55193693e-04
SUR2,47,31,1.6721,0.0984,4.09090090e-04
SUR2,47,32,1.6721,0.1967,5.25972972e-04
SUR2,47,33,1.6721,0.2951,5.84414414e-04
SUR2,47,34,1.6721,0.3934,5.84414414e-04
SUR2,47,35,1.6721,0.4918,3.79869369e-04
SUR2,47,36,1.6721,0.5902,3.21427927e-04
SUR2,47,37,1.6721,0.6885,4.96752252e-04
SUR2,47,38,1.6721,0.7869,6.42855855e-04
SUR2,47,39,1.6721,0.8852,4.09090090e-04
SUR2,47,40,1.6721,0.9836,5.84414414e-04
SUR2,47,41,1.6721,1.0820,2.04545045e-04
SUR2,47,42,1.6721,1.1803,4.38310810e-04
SUR2,47,43,1.6721,1.2787,5.55193693e-04
SUR2,47,44,1.6721,1.3770,3.21427927e-04
SUR2,47,45,1.6721,1.4754,2.92207207e-04
SUR2,47,46,1.6721,1.5738,2.04545045e-04
SUR2,47,47,1.6721,1.6721,2.33765765e-04
SUR2,47,48,1.6721,1.7705,2.04545045e-04
SUR2,47,49,1.6721,1.8689,1.16882883e-04
SUR2,47,50,1.6721,1.9672,1.46103603e-04
SUR2,47,51,1.6721,2.0656,2.62986486e-04
SUR2,47,52,1.6721,2.1639,8.76621620e-05
SUR2,47,53,1.6721,2.2623,8.76621620e-05
SUR2,47,54,1.6721,2.3607,1.16882883e-04
SUR2,47,55,1.6721,2.4590,1.16882883e-04
SUR2,47,56,1.6721,2.5574,8.76621620e-05
SUR2,47,58,1.6721,2.7541,5.84414414e-05
SUR2,47,59,1.6721,2.8525,5.84414414e-05
SUR2,47,60,1.6721,2.9508,8.76621620e-05
SUR2,48,0,1.7705,-2.9508,2.92207207e-04
SUR2,48,1,1.7705,-2.8525,2.62986486e-04
SUR2,48,2,1.7705,-2.7541,5.25972972e-04
SUR2,48,3,1.7705,-2.6557,3.21427927e-04
SUR2,48,4,1.7705,-2.5574,1.75324324e-04
SUR2,48,5,1.7705,-2.4590,2.33765765e-04
SUR2,48,6,1.7705,-2.3607,2.92207207e-05
SUR2,48,7,1.7705,-2.2623,1.16882883e-04
SUR2,48,8,1.7705,-2.1639,1.75324324e-04
SUR2,48,9,1.7705,-2.0656,1.16882883e-04
SUR2,48,10,1.7705,-1.9672,2.33765765e-04
SUR2,48,11,1.7705,-1.8689,5.84414414e-05
SUR2,48,12,1.7705,-1.7705,2.33765765e-04
SUR2,48,13,1.7705,-1.6721,1.46103603e-04
SUR2,48,14,1.7705,-1.5738,5.84414414e-05
SUR2,48,15,1.7705,-1.4754,1.16882883e-04
SUR2,48,16,1.7705,-1.3770,2.92207207e-05
SUR2,48,17,1.7705,-1.2787,1.16882883e-04
SUR2,48,19,1.7705,-1.0820,8.76621620e-05
SUR2,48,20,1.7705,-0.9836,8.76621620e-05
SUR2,48,21,1.7705,-0.8852,2.92207207e-04
SUR2,48,22,1.7705,-0.7869,5.84414414e-05
SUR2,48,23,1.7705,-0.6885,1.46103603e-04
SUR2,48,24,1.7705,-0.5902,1.16882883e-04
SUR2,48,25,1.7705,-0.4918,2.33765765e-04
SUR2,48,26,1.7705,-0.3934,2.92207207e-05
SUR2,48,27,1.7705,-0.2951,2.04545045e-04
SUR2,48,28,1.7705,-0.1967,2.33765765e-04
SUR2,48,29,1.7705,-0.0984,1.75324324e-04
SUR2,48,30,1.7705,0.0000,2.04545045e-04
SUR2,48,31,1.7705,0.0984,3.21427927e-04
SUR2,48,32,1.7705,0.1967,3.50648648e-04
SUR2,48,33,1.7705,0.2951,5.25972972e-04
SUR2,48,34,1.7705,0.3934,3.50648648e-04
SUR2,48,35,1.7705,0.4918,1.46103603e-04
SUR2,48,36,1.7705,0.5902,3.50648648e-04
SUR2,48,37,1.7705,0.6885,2.92207207e-04
SUR2,48,38,1.7705,0.7869,3.79869369e-04
SUR2,48,39,1.7705,0.8852,5.25972972e-04
SUR2,48,40,1.7705,0.9836,3.50648648e-04
SUR2,48,41,1.7705,1.0820,3.50648648e-04
SUR2,48,42,1.7705,1.1803,2.92207207e-04
SUR2,48,43,1.7705,1.2787,2.33765765e-04
SUR2,48,44,1.7705,1.3770,2.62986486e-04
SUR2,48,45,1.7705,1.4754,2.62986486e-04
SUR2,48,46,1.7705,1.5738,2.04545045e-04
SUR2,48,47,1.7705,1.6721,1.75324324e-04
SUR2,48,48,1.7705,1.7705,2.04545045e-04
SUR2,48,49,1.7705,1.8689,8.76621620e-05
SUR2,48,50,1.7705,1.9672,2.04545045e-04
SUR2,48,51,1.7705,2.0656,1.75324324e-04
SUR2,48,52,1.7705,2.1639,1.75324324e-04
SUR2,48,53,1.7705,2.2623,1.16882883e-04
SUR2,48,55,1.7705,2.4590,8.76621620e-05
SUR2,48,56,1.7705,2.5574,2.92207207e-05
SUR2,48,57,1.7705,2.6557,2.92207207e-05
SUR2,49,0,1.8689,-2.9508,3.79869369e-04
SUR2,49,1,1.8689,-2.8525,2.62986486e-04
SUR2,49,2,1.8689,-2.7541,2.33765765e-04
SUR2,49,3,1.8689,-2.6557,2.33765765e-04
SUR2,49,4,1.8689,-2.5574,1.16882883e-04
SUR2,49,5,1.8689,-2.4590,8.76621620e-05
SUR2,49,6,1.8689,-2.3607,1.46103603e-04
SUR2,49,7,1.8689,-2.2623,5.84414414e-05
SUR2,49,8,1.8689,-2.1639,1.16882883e-04
SUR2,49,9,1.8689,-2.0656,1.75324324e-04
SUR2,49,10,1.8689,-1.9672,1.16882883e-04
SUR2,49,11,1.8689,-1.8689,8.76621620e-05
SUR2,49,12,1.8689,-1.7705,5.84414414e-05
SUR2,49,13,1.8689,-1.6721,1.16882883e-04
SUR2,49,15,1.8689,-1.4754,2.92207207e-05
SUR2,49,16,1.8689,-1.3770,5.84414414e-05
SUR2,49,17,1.8689,-1.2787,5.84414414e-05
SUR2,49,18,1.8689,-1.1803,5.84414414e-05
SUR2,49,20,1.8689,-0.9836,2.92207207e-05
SUR2,49,21,1.8689,-0.8852,8.76621620e-05
SUR2,49,22,1.8689,-0.7869,1.75324324e-04
SUR2,49,23,1.8689,-0.6885,8.76621620e-05
SUR2,49,24,1.8689,-0.5902,8.76621620e-05
SUR2,49,25,1.8689,-0.4918,8.76621620e-05
SUR2,49,26,1.8689,-0.3934,1.16882883e-04
SUR2,49,27,1.8689,-0.2951,1.75324324e-04
SUR2,49,28,1.8689,-0.1967,2.62986486e-04
SUR2,49,29,1.8689,-0.0984,1.46103603e-04
SUR2,49,30,1.8689,0.0000,2.04545045e-04
SUR2,49,31,1.8689,0.0984,1.16882883e-04
SUR2,49,32,1.8689,0.1967,2.04545045e-04
SUR2,49,33,1.8689,0.2951,8.76621620e-05
SUR2,49,34,1.8689,0.3934,2.33765765e-04
SUR2,49,35,1.8689,0.4918,1.46103603e-04
SUR2,49,36,1.8689,0.5902,2.33765765e-04
SUR2,49,37,1.8689,0.6885,3.50648648e-04
SUR2,49,38,1.8689,0.7869,3.50648648e-04
SUR2,49,39,1.8689,0.8852,3.50648648e-04
SUR2,49,40,1.8689,0.9836,2.92207207e-04
SUR2,49,41,1.8689,1.0820,2.04545045e-04
SUR2,49,42,1.8689,1.1803,1.16882883e-04
SUR2,49,43,1.8689,1.2787,2.04545045e-04
SUR2,49,44,1.8689,1.3770,3.50648648e-04
SUR2,49,45,1.8689,1.4754,2.92207207e-05
SUR2,49,46,1.8689,1.5738,2.62986486e-04
SUR2,49,47,1.8689,1.6721,1.16882883e-04
SUR2,49,48,1.8689,1.7705,1.16882883e-04
SUR2,49,49,1.8689,1.8689,8.76621620e-05
SUR2,49,50,1.8689,1.9672,2.92207207e-05
SUR2,49,52,1.8689,2.1639,2.04545045e-04
SUR2,49,53,1.8689,2.2623,1.16882883e-04
SUR2,49,54,1.8689,2.3607,8.76621620e-05
SUR2,49,55,1.8689,2.4590,5.84414414e-05
SUR2,49,58,1.8689,2.7541,8.76621620e-05
SUR2,49,59,1.8689,2.8525,2.92207207e-05
SUR2,50,0,1.9672,-2.9508,4.09090090e-04
SUR2,50,1,1.9672,-2.8525,3.21427927e-04
SUR2,50,2,1.9672,-2.7541,5.84414414e-05
SUR2,50,3,1.9672,-2.6557,1.16882883e-04
SUR2,50,4,1.9672,-2.5574,2.92207207e-05
SUR2,50,6,1.9672,-2.3607,2.92207207e-05
SUR2,50,7,1.9672,-2.2623,2.92207207e-05
SUR2,50,8,1.9672,-2.1639,5.84414414e-05
SUR2,50,9,1.9672,-2.0656,5.84414414e-05
SUR2,50,10,1.9672,-1.9672,1.16882883e-04
SUR2,50,11,1.9672,-1.8689,8.76621620e-05
SUR2,50,12,1.9672,-1.7705,8.76621620e-05
SUR2,50,13,1.9672,-1.6721,2.92207207e-05
SUR2,50,14,1.9672,-1.5738,5.84414414e-05
SUR2,50,15,1.9672,-1.4754,2.92207207e-05
SUR2,50,16,1.9672,-1.3770,5.84414414e-05
SUR2,50,19,1.9672,-1.0820,5.84414414e-05
SUR2,50,20,1.9672,-0.9836,8.76621620e-05
SUR2,50,21,1.9672,-0.8852,2.92207207e-05
SUR2,50,22,1.9672,-0.7869,1.16882883e-04
SUR2,50,23,1.9672,-0.6885,1.16882883e-04
SUR2,50,24,1.9672,-0.5902,5.84414414e-05
SUR2,50,25,1.9672,-0.4918,1.75324324e-04
SUR2,50,26,1.9672,-0.3934,5.84414414e-05
SUR2,50,27,1.9672,-0.2951,8.76621620e-05
SUR2,50,28,1.9672,-0.1967,1.16882883e-04
SUR2,50,29,1.9672,-0.0984,1.46103603e-04
SUR2,50,30,1.9672,0.0000,1.46103603e-04
SUR2,50,31,1.9672,0.0984,2.62986486e-04
SUR2,50,32,1.9672,0.1967,2.04545045e-04
SUR2,50,33,1.9672,0.2951,1.46103603e-04
SUR2,50,34,1.9672,0.3934,3.50648648e-04
SUR2,50,35,1.9672,0.4918,1.75324324e-04
SUR2,50,36,1.9672,0.5902,1.16882883e-04
SUR2,50,37,1.9672,0.6885,1.75324324e-04
SUR2,50,38,1.9672,0.7869,1.46103603e-04
SUR2,50,39,1.9672,0.8852,1.75324324e-04
SUR2,50,40,1.9672,0.9836,2.92207207e-04
SUR2,50,41,1.9672,1.0820,4.67531531e-04
SUR2,50,42,1.9672,1.1803,2.33765765e-04
SUR2,50,43,1.9672,1.2787,1.16882883e-04
SUR2,50,44,1.9672,1.3770,1.16882883e-04
SUR2,50,45,1.9672,1.4754,2.04545045e-04
SUR2,50,46,1.9672,1.5738,1.46103603e-04
SUR2,50,47,1.9672,1.6721,5.84414414e-05
SUR2,50,48,1.9672,1.7705,1.16882883e-04
SUR2,50,49,1.9672,1.8689,8.76621620e-05
SUR2,50,50,1.9672,1.9672,1.16882883e-04
SUR2,50,52,1.9672,2.1639,1.16882883e-04
SUR2,50,53,1.9672,2.2623,2.92207207e-05
SUR2,50,54,1.9672,2.3607,5.84414414e-05
SUR2,50,55,1.9672,2.4590,1.46103603e-04
SUR2,50,56,1.9672,2.5574,2.92207207e-05
SUR2,50,58,1.9672,2.7541,5.84414414e-05
SUR2,51,0,2.0656,-2.9508,1.16882883e-04
SUR2,51,1,2.0656,-2.8525,1.75324324e-04
SUR2,51,2,2.0656,-2.7541,2.92207207e-05
SUR2,51,8,2.0656,-2.1639,1.16882883e-04
SUR2,51,9,2.0656,-2.0656,8.76621620e-05
SUR2,51,10,2.0656,-1.9672,2.92207207e-05
SUR2,51,12,2.0656,-1.7705,2.92207207e-05
SUR2,51,13,2.0656,-1.6721,5.84414414e-05
SUR2,51,14,2.0656,-1.5738,5.84414414e-05
SUR2,51,16,2.0656,-1.3770,2.92207207e-05
SUR2,51,17,2.0656,-1.2787,2.92207207e-05
SUR2,51,18,2.0656,-1.1803,8.76621620e-05
SUR2,51,19,2.0656,-1.0820,2.92207207e-05
SUR2,51,23,2.0656,-0.6885,5.84414414e-05
SUR2,51,24,2.0656,-0.5902,2.33765765e-04
SUR2,51,25,2.0656,-0.4918,8.76621620e-05
SUR2,51,26,2.0656,-0.3934,1.16882883e-04
SUR2,51,27,2.0656,-0.2951,1.75324324e-04
SUR2,51,28,2.0656,-0.1967,1.75324324e-04
SUR2,51,29,2.0656,-0.0984,1.75324324e-04
SUR2,51,30,2.0656,0.0000,8.76621620e-05
SUR2,51,31,2.0656,0.0984,2.33765765e-04
SUR2,51,32,2.0656,0.1967,5.84414414e-05
SUR2,51,33,2.0656,0.2951,1.16882883e-04
SUR2,51,34,2.0656,0.3934,1.75324324e-04
SUR2,51,35,2.0656,0.4918,5.84414414e-05
SUR2,51,36,2.0656,0.5902,1.16882883e-04
SUR2,51,37,2.0656,0.6885,2.62986486e-04
SUR2,51,38,2.0656,0.7869,2.33765765e-04
SUR2,51,39,2.0656,0.8852,1.75324324e-04
SUR2,51,40,2.0656,0.9836,8.76621620e-05
SUR2,51,41,2.0656,1.0820,1.46103603e-04
SUR2,51,42,2.0656,1.1803,1.16882883e-04
SUR2,51,43,2.0656,1.2787,1.46103603e-04
SUR2,51,44,2.0656,1.3770,1.46103603e-04
SUR2,51,45,2.0656,1.4754,2.62986486e-04
SUR2,51,46,2.0656,1.5738,8.76621620e-05
SUR2,51,48,2.0656,1.7705,5.84414414e-05
SUR2,51,49,2.0656,1.8689,5.84414414e-05
SUR2,51,50,2.0656,1.9672,2.92207207e-05
SUR2,51,51,2.0656,2.0656,5.84414414e-05
SUR2,51,52,2.0656,2.1639,2.92207207e-05
SUR2,51,53,2.0656,2.2623,1.16882883e-04
SUR2,51,54,2.0656,2.3607,5.84414414e-05
SUR2,51,55,2.0656,2.4590,5.84414414e-05
SUR2,51,56,2.0656,2.5574,2.92207207e-05
SUR2,51,57,2.0656,2.6557,5.84414414e-05
SUR2,52,0,2.1639,-2.9508,1.75324324e-04
SUR2,52,1,2.1639,-2.8525,2.92207207e-05
SUR2,52,2,2.1639,-2.7541,5.84414414e-05
SUR2,52,3,2.1639,-2.6557,8.76621620e-05
SUR2,52,4,2.1639,-2.5574,5.84414414e-05
SUR2,52,5,2.1639,-2.4590,2.92207207e-05
SUR2,52,6,2.1639,-2.3607,2.92207207e-05
SUR2,52,7,2.1639,-2.2623,5.84414414e-05
SUR2,52,9,2.1639,-2.0656,2.92207207e-05
SUR2,52,10,2.1639,-1.9672,2.92207207e-05
SUR2,52,13,2.1639,-1.6721,5.84414414e-05
SUR2,52,15,2.1639,-1.4754,2.92207207e-05
SUR2,52,16,2.1639,-1.3770,5.84414414e-05
SUR2,52,18,2.1639,-1.1803,2.92207207e-05
SUR2,52,24,2.1639,-0.5902,2.92207207e-05
SUR2,52,25,2.1639,-0.4918,2.92207207e-05
SUR2,52,26,2.1639,-0.3934,1.75324324e-04
SUR2,52,27,2.1639,-0.2951,5.84414414e-05
SUR2,52,28,2.1639,-0.1967,2.92207207e-05
SUR2,52,29,2.1639,-0.0984,1.46103603e-04
SUR2,52,30,2.1639,0.0000,8.76621620e-05
SUR2,52,31,2.1639,0.0984,1.16882883e-04
SUR2,52,33,2.1639,0.2951,5.84414414e-05
SUR2,52,34,2.1639,0.3934,1.16882883e-04
SUR2,52,35,2.1639,0.4918,1.46103603e-04
SUR2,52,36,2.1639,0.5902,1.16882883e-04
SUR2,52,37,2.1639,0.6885,1.16882883e-04
SUR2,52,38,2.1639,0.7869,1.75324324e-04
SUR2,52,39,2.1639,0.8852,1.46103603e-04
SUR2,52,40,2.1639,0.9836,8.76621620e-05
SUR2,52,41,2.1639,1.0820,5.84414414e-05
SUR2,52,42,2.1639,1.1803,2.92207207e-05
SUR2,52,43,2.1639,1.2787,2.92207207e-05
SUR2,52,44,2.1639,1.3770,2.92207207e-05
SUR2,52,45,2.1639,1.4754,1.75324324e-04
SUR2,52,46,2.1639,1.5738,5.84414414e-05
SUR2,52,47,2.1639,1.6721,2.92207207e-05
SUR2,52,48,2.1639,1.7705,5.84414414e-05
SUR2,52,49,2.1639,1.8689,8.76621620e-05
SUR2,52,53,2.1639,2.2623,2.92207207e-05
SUR2,52,55,2.1639,2.4590,2.92207207e-05
SUR2,52,56,2.1639,2.5574,8.76621620e-05
SUR2,53,0,2.2623,-2.9508,1.16882883e-04
SUR2,53,1,2.2623,-2.8525,2.92207207e-05
SUR2,53,6,2.2623,-2.3607,2.92207207e-05
SUR2,53,7,2.2623,-2.2623,2.92207207e-05
SUR2,53,10,2.2623,-1.9672,2.92207207e-05
SUR2,53,11,2.2623,-1.8689,5.84414414e-05
SUR2,53,12,2.2623,-1.7705,5.84414414e-05
SUR2,53,13,2.2623,-1.6721,2.92207207e-05
SUR2,53,14,2.2623,-1.5738,2.92207207e-05
SUR2,53,15,2.2623,-1.4754,2.92207207e-05
SUR2,53,16,2.2623,-1.3770,5.84414414e-05
SUR2,53,25,2.2623,-0.4918,5.84414414e-05
SUR2,53,26,2.2623,-0.3934,5.84414414e-05
SUR2,53,28,2.2623,-0.1967,2.92207207e-05
SUR2,53,29,2.2623,-0.0984,5.84414414e-05
SUR2,53,31,2.2623,0.0984,1.16882883e-04
SUR2,53,32,2.2623,0.1967,1.16882883e-04
SUR2,53,33,2.2623,0.2951,5.84414414e-05
SUR2,53,34,2.2623,0.3934,5.84414414e-05
SUR2,53,35,2.2623,0.4918,1.16882883e-04
SUR2,53,36,2.2623,0.5902,5.84414414e-05
SUR2,53,37,2.2623,0.6885,8.76621620e-05
SUR2,53,38,2.2623,0.7869,1.46103603e-04
SUR2,53,39,2.2623,0.8852,8.76621620e-05
SUR2,53,40,2.2623,0.9836,2.92207207e-05
SUR2,53,41,2.2623,1.0820,5.84414414e-05
SUR2,53,42,2.2623,1.1803,2.92207207e-05
SUR2,53,44,2.2623,1.3770,5.84414414e-05
SUR2,53,45,2.2623,1.4754,5.84414414e-05
SUR2,53,47,2.2623,1.6721,2.92207207e-05
SUR2,53,50,2.2623,1.9672,2.92207207e-05
SUR2,53,53,2.2623,2.2623,2.92207207e-05
SUR2,53,54,2.2623,2.3607,2.92207207e-05
SUR2,53,56,2.2623,2.5574,2.92207207e-05
SUR2,53,57,2.2623,2.6557,8.76621620e-05
SUR2,54,0,2.3607,-2.9508,2.92207207e-05
SUR2,54,1,2.3607,-2.8525,2.92207207e-05
SUR2,54,2,2.3607,-2.7541,5.84414414e-05
SUR2,54,7,2.3607,-2.2623,2.92207207e-05
SUR2,54,9,2.3607,-2.0656,2.92207207e-05
SUR2,54,12,2.3607,-1.7705,2.92207207e-05
SUR2,54,25,2.3607,-0.4918,2.92207207e-05
SUR2,54,26,2.3607,-0.3934,2.92207207e-05
SUR2,54,27,2.3607,-0.2951,8.76621620e-05
SUR2,54,29,2.3607,-0.0984,2.92207207e-05
SUR2,54,30,2.3607,0.0000,8.76621620e-05
SUR2,54,31,2.3607,0.0984,2.92207207e-05
SUR2,54,32,2.3607,0.1967,2.92207207e-05
SUR2,54,33,2.3607,0.2951,5.84414414e-05
SUR2,54,34,2.3607,0.3934,2.92207207e-05
SUR2,54,35,2.3607,0.4918,5.84414414e-05
SUR2,54,36,2.3607,0.5902,5.84414414e-05
SUR2,54,37,2.3607,0.6885,8.76621620e-05
SUR2,54,38,2.3607,0.7869,8.76621620e-05
SUR2,54,39,2.3607,0.8852,1.16882883e-04
SUR2,54,40,2.3607,0.9836,2.92207207e-05
SUR2,54,41,2.3607,1.0820,1.16882883e-04
SUR2,54,42,2.3607,1.1803,5.84414414e-05
SUR2,54,43,2.3607,1.2787,2.92207207e-05
SUR2,54,44,2.3607,1.3770,5.84414414e-05
SUR2,54,45,2.3607,1.4754,2.92207207e-05
SUR2,54,46,2.3607,1.5738,2.92207207e-05
SUR2,54,47,2.3607,1.6721,2.92207207e-05
SUR2,54,48,2.3607,1.7705,2.92207207e-05
SUR2,54,49,2.3607,1.8689,5.84414414e-05
SUR2,54,53,2.3607,2.2623,2.92207207e-05
SUR2,55,0,2.4590,-2.9508,5.84414414e-05
SUR2,55,2,2.4590,-2.7541,2.92207207e-05
SUR2,55,3,2.4590,-2.6557,2.92207207e-05
SUR2,55,26,2.4590,-0.3934,2.92207207e-05
SUR2,55,27,2.4590,-0.2951,2.92207207e-05
SUR2,55,28,2.4590,-0.1967,2.92207207e-05
SUR2,55,29,2.4590,-0.0984,5.84414414e-05
SUR2,55,30,2.4590,0.0000,5.84414414e-05
SUR2,55,31,2.4590,0.0984,5.84414414e-05
SUR2,55,32,2.4590,0.1967,5.84414414e-05
SUR2,55,34,2.4590,0.3934,8.76621620e-05
SUR2,55,35,2.4590,0.4918,5.84414414e-05
SUR2,55,36,2.4590,0.5902,1.16882883e-04
SUR2,55,37,2.4590,0.6885,1.16882883e-04
SUR2,55,38,2.4590,0.7869,1.46103603e-04
SUR2,55,39,2.4590,0.8852,1.46103603e-04
SUR2,55,40,2.4590,0.9836,5.84414414e-05
SUR2,55,41,2.4590,1.0820,8.76621620e-05
SUR2,55,46,2.4590,1.5738,2.92207207e-05
SUR2,55,47,2.4590,1.6721,2.92207207e-05
SUR2,55,57,2.4590,2.6557,2.92207207e-05
SUR2,56,0,2.5574,-2.9508,2.92207207e-05
SUR2,56,5,2.5574,-2.4590,2.92207207e-05
SUR2,56,30,2.5574,0.0000,5.84414414e-05
SUR2,56,31,2.5574,0.0984,8.76621620e-05
SUR2,56,32,2.5574,0.1967,5.84414414e-05
SUR2,56,33,2.5574,0.2951,2.92207207e-05
SUR2,56,34,2.5574,0.3934,1.46103603e-04
SUR2,56,35,2.5574,0.4918,5.84414414e-05
SUR2,56,36,2.5574,0.5902,5.84414414e-05
SUR2,56,37,2.5574,0.6885,5.84414414e-05
SUR2,56,38,2.5574,0.7869,5.84414414e-05
SUR2,56,39,2.5574,0.8852,5.84414414e-05
SUR2,56,40,2.5574,0.9836,8.76621620e-05
SUR2,56,44,2.5574,1.3770,5.84414414e-05
SUR2,56,45,2.5574,1.4754,5.84414414e-05
SUR2,56,48,2.5574,1.7705,5.84414414e-05
SUR2,57,5,2.6557,-2.4590,2.92207207e-05
SUR2,57,28,2.6557,-0.1967,2.92207207e-05
SUR2,57,30,2.6557,0.0000,5.84414414e-05
SUR2,57,31,2.6557,0.0984,2.92207207e-05
SUR2,57,34,2.6557,0.3934,2.92207207e-05
SUR2,57,35,2.6557,0.4918,2.92207207e-05
SUR2,57,36,2.6557,0.5902,1.16882883e-04
SUR2,57,37,2.6557,0.6885,5.84414414e-05
SUR2,57,38,2.6557,0.7869,8.76621620e-05
SUR2,57,39,2.6557,0.8852,5.84414414e-05
SUR2,57,40,2.6557,0.9836,8.76621620e-05
SUR2,57,42,2.6557,1.1803,2.92207207e-05
SUR2,57,43,2.6557,1.2787,2.92207207e-05
SUR2,57,44,2.6557,1.3770,2.92207207e-05
SUR2,57,45,2.6557,1.4754,2.92207207e-05
SUR2,58,3,2.7541,-2.6557,2.92207207e-05
SUR2,58,29,2.7541,-0.0984,2.92207207e-05
SUR2,58,31,2.7541,0.0984,8.76621620e-05
SUR2,58,33,2.7541,0.2951,2.92207207e-05
SUR2,58,34,2.7541,0.3934,5.84414414e-05
SUR2,58,35,2.7541,0.4918,5.84414414e-05
SUR2,58,36,2.7541,0.5902,2.92207207e-05
SUR2,58,37,2.7541,0.6885,2.04545045e-04
SUR2,58,38,2.7541,0.7869,8.76621620e-05
SUR2,58,39,2.7541,0.8852,5.84414414e-05
SUR2,58,40,2.7541,0.9836,2.92207207e-05
SUR2,58,41,2.7541,1.0820,5.84414414e-05
SUR2,58,42,2.7541,1.1803,2.92207207e-05
SUR2,58,46,2.7541,1.5738,2.92207207e-05
SUR2,59,30,2.8525,0.0000,2.92207207e-05
SUR2,59,32,2.8525,0.1967,2.92207207e-05
SUR2,59,34,2.8525,0.3934,5.84414414e-05
SUR2,59,35,2.8525,0.4918,2.92207207e-05
SUR2,59,36,2.8525,0.5902,2.92207207e-05
SUR2,59,37,2.8525,0.6885,8.76621620e-05
SUR2,59,39,2.8525,0.8852,8.76621620e-05
SUR2,59,41,2.8525,1.0820,2.92207207e-05
SUR2,59,42,2.8525,1.1803,5.84414414e-05
SUR2,59,43,2.8525,1.2787,2.92207207e-05
SUR2,59,46,2.8525,1.5738,2.92207207e-05
SUR2,60,1,2.9508,-2.8525,5.84414414e-05
SUR2,60,31,2.9508,0.0984,2.92207207e-05
SUR2,60,33,2.9508,0.2951,2.92207207e-05
SUR2,60,35,2.9508,0.4918,8.76621620e-05
SUR2,60,38,2.9508,0.7869,2.92207207e-05
SUR2,60,42,2.9508,1.1803,2.92207207e-05
SUR2,60,43,2.9508,1.2787,5.84414414e-05
